item_id,order_id,product_id,quantity,unit_price,discount_percent
1,2497,70,3,24271.85,8.2
2,2832,126,5,31409.79,12.9
3,2348,65,3,51074.92,21.9
4,5,44,3,33628.93,32.3
5,369,91,5,60184.58,20.8
6,1920,49,2,77491.59,29.8
7,2182,112,5,25724.9,26.3
8,1095,134,-2,6963.84,29.0
9,2628,134,5,7425.93,22.8
10,901,44,4,37358.9,28.9
11,1147,43,4,51549.63,3.9
12,11,99,5,54158.08,36.6
13,2170,24,5,57281.29,35.5
14,2307,80,5,19145.21,16.8
15,2970,37,4,24021.05,37.8
16,702,59,5,48193.18,31.9
17,1118,139,4,42514.51,11.2
18,1323,67,4,41533.82,8.1
19,2231,139,1,42449.31,18.5
20,1313,127,5,60180.68,39.5
21,687,104,2,9018.57,17.7
22,638,5,4,4747.19,16.0
23,2588,8,3,14431.34,32.3
24,2651,139,4,40490.53,3.9
25,109,126,4,26504.81,38.6
26,1863,34,2,43919.33,22.1
27,2894,131,4,39971.3,18.2
28,182,108,4,28035.19,20.7
29,783,87,-4,25463.57,9.4
30,2696,56,3,32928.14,33.8
31,135,92,1,40704.11,27.0
32,2912,72,3,31411.72,8.4
33,1264,124,1,12363.3,39.1
34,813,103,4,28071.26,15.7
35,306,10,4,48380.25,17.9
36,951,78,3,55468.62,10.5
37,1202,7,2,72906.09,34.2
38,272,111,2,17328.16,30.3
39,488,91,4,52208.0,6.4
40,2714,113,5,12404.23,29.7
41,364,85,3,73844.75,9.1
42,1528,18,3,53694.35,31.9
43,850,77,4,660.71,15.6
44,2590,147,3,41280.86,19.5
45,2498,30,-4,31162.08,6.5
46,386,104,1,8032.44,35.6
47,1229,71,4,51327.14,23.6
48,1995,116,2,55939.99,5.0
49,989,52,1,3921.35,34.1
50,122,148,5,36860.31,4.7
51,1854,118,4,57210.05,149.9
52,986,72,1,29879.32,5.1
53,1101,140,2,13116.86,22.1
54,2529,5,4,3502.98,25.4
55,1124,76,2,47142.08,14.0
56,1477,112,2,31060.63,2.1
57,526,98,5,38474.55,29.4
58,2596,86,2,57207.82,17.5
59,380,77,1,772.85,31.7
60,733,86,2,56829.69,10.8
61,2251,103,2,27343.32,22.9
62,957,17,3,15085.47,27.8
63,2377,51,1,3726.71,23.5
64,1298,55,1,17249.19,11.4
65,1741,25,1,43514.51,20.1
66,2196,123,1,73812.88,13.0
67,1775,124,2,10323.77,0.6
68,1869,25,4,33738.11,12.0
69,217,105,1,59008.4,23.1
70,2956,19,3,47150.0,0.5
71,223,48,4,68750.22,27.7
72,2766,84,2,6958.23,3.8
73,1675,123,3,46796.86,23.6
74,1646,109,2,14698.03,5.1
75,130,82,5,33131.2,1.9
76,392,12,1,61993.76,12.3
77,934,45,5,6894.28,31.9
78,1042,86,4,71347.36,8.7
79,1221,114,1,66408.78,17.2
80,224,150,2,10401.79,26.8
81,994,71,5,51194.75,24.9
82,378,86,4,67071.98,32.6
83,1999,100,3,49047.28,20.4
84,1230,27,3,58089.97,23.3
85,1809,70,4,28866.69,9.3
86,2824,105,5,45279.94,10.0
87,2897,100,5,40008.58,19.0
88,2642,108,5,34289.61,8.5
89,1346,129,2,3675.3,31.4
90,1213,145,2,38401.13,30.4
91,394,91,5,58950.63,31.3
92,363,8,4,11895.47,15.2
93,17,25,5,38507.04,22.2
94,574,99,5,63184.78,4.9
95,2426,77,4,834.96,11.1
96,2593,43,3,49756.25,36.7
97,569,150,5,10029.87,8.6
98,2724,21,1,84447.75,36.4
99,363,105,1,53922.08,9.0
100,135,27,1,79875.94,22.8
101,1012,146,5,8734.48,7.8
102,883,122,4,40262.26,8.2
103,412,73,5,45003.78,3.5
104,1779,127,1,60124.41,21.8
105,3145,149,5,46009.5,1.0
106,662,10,5,38672.4,16.7
107,136,19,5,59373.02,4.9
108,2056,85,3,64942.82,8.4
109,2849,123,1,62185.52,23.7
110,241,21,4,62403.25,3.5
111,554,26,3,27328.08,39.9
112,18,42,5,30856.95,11.6
113,1882,77,4,669.74,37.2
114,2090,95,3,40738.02,2.9
115,154,128,1,43133.68,31.3
116,2628,39,3,23290.82,9.5
117,211,106,4,34103.86,2.7
118,1381,43,2,65234.78,12.5
119,1489,73,1,57276.51,21.7
120,2154,92,5,47868.54,38.0
121,1513,28,3,64678.22,26.5
122,2068,76,2,72495.94,18.2
123,2677,93,1,58841.46,19.1
124,2679,71,-2,38572.24,20.4
125,738,67,5,40773.07,35.1
126,1687,105,1,56321.01,32.2
127,577,2,2,69931.91,4.9
128,574,59,2,40439.14,11.4
129,638,135,5,28146.4,0.1
130,2271,69,1,66216.34,4.1
131,2733,8,3,15701.97,37.7
132,2635,136,1,7460.51,4.7
133,2005,143,5,62972.68,1.2
134,299,7,1,72318.93,28.5
135,2512,86,2,72510.34,36.3
136,1924,143,4,48893.65,5.2
137,2089,143,-2,61635.09,13.8
138,2910,7,2,65830.99,4.6
139,2707,114,2,60510.05,23.0
140,1324,89,3,56153.21,30.7
141,2359,1,5,8541.01,2.0
142,2130,140,4,16288.37,13.3
143,1120,96,1,52201.33,17.8
144,2720,144,5,46447.37,14.3
145,797,123,5,66766.32,34.0
146,2044,47,1,26713.36,9.6
147,871,78,1,48650.68,5.0
148,1011,102,3,22506.05,11.3
149,1574,45,5,8570.53,11.1
150,873,57,5,19947.91,11.6
151,339,83,2,19595.35,11.2
152,1783,101,5,36017.94,4.0
153,569,34,1,39186.12,30.8
154,987,46,4,60856.16,39.6
155,517,91,2,56310.33,6.3
156,1468,2,1,60116.59,1.9
157,867,96,4,56732.39,2.5
158,2903,149,4,45876.76,33.7
159,1151,127,3,45272.58,0.1
160,585,59,3,37081.0,5.5
161,2667,120,5,58222.25,15.1
162,1004,114,1,52614.81,14.1
163,428,21,4,73800.16,17.1
164,1929,108,1,22272.07,3.5
165,2243,15,1,6068.72,6.2
166,1601,123,-4,63948.72,19.1
167,555,39,4,24385.53,6.2
168,2605,133,5,38767.54,19.9
169,2484,80,-1,17007.21,18.1
170,2334,138,2,48469.19,2.9
171,2456,129,4,3837.45,19.1
172,424,126,2,37453.97,13.7
173,862,135,1,27298.46,34.8
174,671,110,2,18503.85,35.1
175,592,125,3,9517.53,38.5
176,1497,101,4,38689.54,10.4
177,1745,41,5,33110.37,4.8
178,1290,2,5,86596.03,13.1
179,450,37,1,32044.1,30.0
180,735,60,1,61632.39,8.6
181,568,19,1,41296.69,26.3
182,803,75,4,6491.15,37.4
183,26,74,4,42466.82,35.1
184,1194,14,2,45415.72,5.4
185,590,63,2,42978.85,27.9
186,1617,125,-4,10695.33,25.2
187,2131,110,1,16690.93,31.8
188,201,133,3,31523.08,30.9
189,871,109,5,14437.26,20.4
190,2480,104,1,7785.08,34.1
191,1172,112,5,30997.65,14.8
192,213,30,2,38068.4,34.7
193,1533,13,1,66339.58,11.7
194,2174,16,1,35337.42,20.4
195,147,74,1,31253.14,9.7
196,2085,88,2,40539.45,25.4
197,890,123,3,54759.59,1.7
198,1652,133,4,42335.53,33.6
199,374,10,4,38767.75,16.2
200,2646,53,1,22975.79,20.6
201,2120,109,5,10045.66,15.4
202,2136,52,2,3742.78,1.7
203,2197,54,3,12581.86,23.5
204,615,140,3,15803.66,23.1
205,669,73,4,48166.3,36.2
206,178,18,5,57018.37,17.1
207,18,52,5,2641.86,33.0
208,1762,144,2,67455.25,14.8
209,1311,33,3,343.53,38.7
210,781,2,5,72103.94,28.9
211,917,143,2,60122.22,18.8
212,475,31,5,39221.02,27.7
213,1598,51,5,3406.69,3.3
214,2935,72,3,29312.94,35.5
215,2698,124,4,11862.34,24.8
216,1750,31,5,36004.19,14.6
217,1634,104,4,8803.81,28.9
218,798,74,-1,40213.07,6.1
219,567,98,3,48449.25,8.0
220,362,149,3,34051.47,0.5
221,1959,63,1,48538.84,23.5
222,153,25,4,33707.2,16.8
223,1644,90,2,68591.67,36.4
224,833,57,5,16917.89,19.7
225,1162,147,5,42269.61,9.7
226,1693,100,2,46967.17,8.3
227,2838,36,4,11394.81,20.7
228,1081,43,4,64985.01,1.6
229,2767,37,4,21349.12,26.7
230,353,7,3,62482.14,19.8
231,832,15,2,7517.72,16.8
232,2451,52,1,3990.28,1.5
233,2412,61,4,51986.32,32.4
234,184,45,2,7475.42,2.6
235,737,13,2,60713.25,8.8
236,994,107,5,38153.66,31.6
237,2763,110,3,19700.11,22.9
238,1051,118,3,81642.8,39.7
239,1429,141,-2,57965.8,19.9
240,2064,75,1,6717.02,29.9
241,954,122,3,41573.4,4.2
242,2827,26,4,26390.94,26.3
243,1676,61,5,63621.7,1.0
244,2621,42,4,24657.11,17.0
245,2831,132,2,25679.63,38.0
246,768,141,5,57272.94,115.3
247,1303,145,2,39624.95,19.2
248,2471,127,1,54025.57,22.3
249,1299,8,3,16345.35,35.7
250,2259,150,1,7258.04,38.3
251,1438,24,4,59124.36,39.1
252,2669,93,1,69819.95,10.8
253,1832,144,4,68139.03,2.0
254,579,51,1,3443.35,25.3
255,2563,10,2,46373.09,16.1
256,743,42,2,21830.93,4.8
257,172,4,4,62296.65,5.4
258,1577,109,5,10201.16,37.8
259,102,84,1,5781.17,12.2
260,1506,105,4,59967.32,21.7
261,2646,78,3,42600.45,2.6
262,2249,138,4,50694.31,7.9
263,813,76,2,62911.72,26.2
264,1706,127,4,49476.01,9.6
265,1888,122,-4,31321.62,24.4
266,2665,105,5,62450.65,26.0
267,2986,111,3,24870.91,1.0
268,245,93,1,76388.99,16.0
269,210,118,2,59707.03,30.3
270,1831,59,4,58647.11,23.6
271,1415,2,1,62058.75,22.4
272,2772,34,1,55437.78,26.3
273,860,88,1,44258.7,10.6
274,953,58,5,68859.7,7.5
275,412,29,3,43016.47,34.8
276,1888,68,4,24959.91,7.3
277,210,135,2,30872.8,27.1
278,329,67,4,55731.94,33.0
279,1328,25,3,34427.89,30.2
280,129,107,2,33141.23,18.2
281,392,36,3,11531.1,16.9
282,684,109,1,10907.56,20.5
283,2683,114,1,65215.13,17.0
284,1768,62,2,10630.62,38.0
285,243,80,3,18386.13,21.6
286,2774,108,1,27353.89,8.6
287,2176,143,1,51869.64,37.4
288,235,38,2,59412.94,34.4
289,2959,61,3,53291.23,14.8
290,2498,17,3,13907.07,11.4
291,2136,52,2,3714.15,9.0
292,2809,41,5,42642.05,25.7
293,2799,150,4,6953.76,31.3
294,1852,55,5,25622.98,27.4
295,2063,126,5,30224.87,22.0
296,1320,114,4,59422.41,30.9
297,2796,116,4,61943.16,23.8
298,1529,51,3,3526.67,39.5
299,1546,134,4,5513.41,8.5
300,227,44,5,31824.81,1.9
301,35,53,4,20621.48,2.8
302,1737,139,1,40142.43,22.0
303,199,81,2,40845.57,21.8
304,3121,138,2,50577.99,1.3
305,2996,20,4,13784.15,25.5
306,974,138,1,48486.0,39.6
307,1909,131,3,38714.6,7.4
308,331,66,1,70154.22,36.5
309,1102,144,1,54829.83,33.5
310,1880,2,1,71895.68,23.4
311,2633,78,3,45137.34,24.7
312,471,48,4,55017.97,29.4
313,2768,129,2,3281.55,14.2
314,1564,113,1,14537.28,18.4
315,2150,123,1,67480.85,27.5
316,1183,98,3,54453.09,15.3
317,895,1,1,6633.45,31.2
318,2749,27,3,61503.01,15.9
319,1703,68,3,29750.62,39.1
320,1979,6,5,45266.98,0.1
321,2798,59,2,46542.78,13.8
322,594,30,2,34856.12,13.2
323,1083,13,2,53944.0,18.1
324,1966,32,1,22593.45,27.9
325,2671,14,4,54117.49,24.5
326,2688,65,4,54614.32,18.0
327,553,28,1,61671.62,31.6
328,389,142,1,67736.69,0.4
329,2805,81,2,48329.08,33.2
330,1502,91,2,48967.95,4.1
331,893,125,5,13481.71,35.7
332,2417,149,1,50817.53,6.7
333,2634,4,4,54810.43,31.8
334,909,50,1,61132.65,18.8
335,2370,10,1,52232.63,2.3
336,1464,76,3,57307.97,16.8
337,2786,141,1,53629.86,40.0
338,596,83,3,20810.7,2.8
339,1322,143,1,60506.07,36.1
340,1725,46,1,60973.3,28.3
341,2852,139,5,38019.26,3.9
342,1031,82,3,33161.45,24.1
343,1927,103,3,27878.92,26.0
344,1485,149,2,43610.23,1.3
345,721,28,2,60791.3,37.0
346,273,53,5,19980.33,18.1
347,1962,58,1,67555.34,5.3
348,1108,25,5,47156.18,9.2
349,1007,48,4,62625.6,3.8
350,1270,75,3,4846.18,34.1
351,127,41,2,43188.54,0.3
352,1438,24,5,47434.1,13.5
353,3411,148,3,29784.84,21.6
354,1915,10,2,42476.8,3.7
355,734,99,-1,66700.5,15.3
356,2368,45,2,5724.3,15.3
357,1735,45,5,8361.29,15.3
358,268,139,2,45506.18,24.8
359,520,72,2,38093.47,26.9
360,1680,49,3,56872.21,9.2
361,1520,27,5,79343.03,10.2
362,1483,74,2,29892.06,37.8
363,1408,6,2,51174.26,23.1
364,2292,134,3,7222.97,36.8
365,1019,146,5,8032.23,13.1
366,1927,104,3,7143.42,20.9
367,2412,88,5,45415.2,37.4
368,2501,103,5,29819.17,23.6
369,68,105,4,60567.25,0.9
370,2394,14,3,37051.15,3.2
371,2145,67,4,59885.17,33.2
372,1,87,5,21791.09,3.8
373,2306,47,2,25039.69,35.5
374,1343,5,3,5163.06,25.8
375,2898,148,2,37902.84,5.4
376,729,144,4,56796.1,6.7
377,1232,9,3,51003.08,34.4
378,2010,110,4,21816.33,39.7
379,1022,133,5,37521.97,34.4
380,803,83,-2,18462.17,0.9
381,1800,141,5,49477.49,24.4
382,2633,129,2,3850.43,19.6
383,1945,13,4,68185.11,37.8
384,1246,73,5,49615.27,23.9
385,953,27,2,66642.65,27.2
386,196,115,1,28364.51,34.7
387,709,106,4,38718.38,21.5
388,2271,126,3,40050.03,34.3
389,2663,62,5,16780.61,14.2
390,1040,8,2,16594.39,22.3
391,616,6,4,64049.66,12.3
392,362,20,4,10612.53,8.3
393,133,12,3,54842.51,14.9
394,992,75,3,6041.72,32.0
395,1008,88,2,62146.6,16.5
396,2749,4,1,64393.82,40.0
397,1006,79,3,41667.49,24.0
398,2424,103,1,32038.38,35.5
399,1835,71,1,45232.89,17.9
400,2654,105,1,55511.38,23.3
401,1571,141,-5,56551.6,5.3
402,2401,96,5,41134.8,28.1
403,3093,148,4,36513.16,0.7
404,992,137,2,56549.31,2.7
405,1541,9,3,39684.1,22.1
406,2050,87,4,22995.5,5.1
407,1156,27,2,50191.57,20.2
408,337,138,4,56437.85,34.6
409,370,53,1,27838.23,5.7
410,1714,82,1,38686.41,37.4
411,688,31,5,32980.54,32.3
412,1244,20,5,13981.9,32.3
413,454,97,5,16565.86,37.7
414,2182,147,1,35606.59,38.4
415,1578,49,5,58718.04,36.6
416,1516,148,2,32645.55,33.6
417,260,132,4,30599.38,39.6
418,806,64,3,32010.48,38.1
419,242,79,4,36100.82,28.5
420,1669,93,3,65058.01,18.3
421,973,79,3,36655.47,39.0
422,1666,69,1,62580.36,37.4
423,94,108,4,34572.33,24.6
424,2877,135,2,35228.24,29.6
425,2063,33,1,242.02,37.1
426,1561,146,2,9447.78,10.8
427,354,1,5,5618.93,25.4
428,1441,127,2,47086.23,28.1
429,2644,119,3,55063.05,29.4
430,1897,32,3,18552.13,36.0
431,2097,6,2,57674.37,16.0
432,2263,8,2,11428.23,14.3
433,1848,103,5,30160.58,23.2
434,2059,150,4,8563.69,8.2
435,2569,91,2,48550.61,21.2
436,1561,89,5,45100.54,8.2
437,2651,33,2,344.97,3.5
438,793,143,3,48207.66,26.6
439,2366,4,1,47260.58,28.8
440,2404,83,5,20391.2,11.6
441,500,67,5,51373.26,9.3
442,2411,92,4,58815.9,32.8
443,2694,101,5,42371.03,20.7
444,1696,85,2,67633.51,31.0
445,761,41,2,39992.34,30.4
446,1006,96,4,46130.75,17.1
447,1731,125,4,13442.61,16.0
448,1965,69,5,75433.06,13.4
449,822,21,3,82609.0,28.4
450,2061,126,4,30996.43,27.4
451,2157,99,2,61867.75,4.8
452,2528,127,3,55249.66,14.2
453,2627,112,1,23830.76,24.0
454,205,145,3,47523.14,2.4
455,155,22,3,10963.33,6.2
456,2148,72,2,39901.64,6.7
457,2326,134,4,7099.46,3.3
458,138,71,2,36208.27,0.2
459,898,113,3,15938.19,16.0
460,1417,84,4,5127.57,23.4
461,1792,125,4,13166.74,5.4
462,1619,77,1,778.59,28.4
463,1821,40,3,62863.07,3.4
464,1315,56,1,41929.18,35.0
465,651,99,3,48110.41,15.9
466,1620,1,5,7162.32,19.2
467,2305,146,5,10087.12,15.0
468,2819,71,3,42875.04,8.2
469,2540,139,2,33817.87,26.5
470,1780,90,3,62759.01,0.7
471,1079,54,3,14286.65,21.5
472,1682,145,2,32840.41,10.6
473,1995,104,2,9469.22,8.4
474,209,13,3,46543.17,34.4
475,1077,62,3,14925.56,6.9
476,2050,87,1,26084.74,38.7
477,1612,137,3,53896.45,12.6
478,1503,96,1,49752.88,23.3
479,2449,78,3,56135.62,16.4
480,2175,68,1,31910.47,9.5
481,2614,78,-3,47057.31,16.0
482,2596,25,4,38102.54,32.4
483,1192,32,3,22997.51,20.7
484,1528,104,-4,6048.88,15.5
485,2523,8,1,14608.29,1.4
486,2647,70,4,24827.12,7.1
487,401,102,2,25651.34,23.1
488,2398,109,2,12027.94,17.1
489,2760,92,5,54514.61,18.2
490,1107,22,2,11944.08,30.1
491,777,13,3,60213.93,39.0
492,2755,58,5,55901.98,35.4
493,92,51,1,4928.56,26.9
494,2576,112,5,30576.94,1.0
495,744,107,4,35113.08,28.3
496,2075,134,5,5957.73,26.9
497,681,20,2,10313.37,15.1
498,2630,140,2,17415.67,34.6
499,1305,116,3,76278.06,8.6
500,1148,74,1,42703.38,27.5
501,2852,88,4,40772.75,38.7
502,845,142,5,74095.96,17.8
503,1233,26,3,26745.74,10.4
504,306,67,2,56489.63,39.0
505,1815,44,0,31049.82,19.3
506,1920,124,-5,7928.69,26.6
507,972,120,5,55699.54,26.2
508,1705,48,4,68737.27,20.9
509,2691,77,4,593.8,9.0
510,1219,85,3,82046.16,4.4
511,1323,60,1,58153.08,31.8
512,2947,125,2,12024.21,26.5
513,1846,14,1,37909.62,23.0
514,583,149,1,40569.23,38.4
515,1020,102,3,23835.34,0.1
516,103,141,4,52463.66,0.4
517,950,51,3,5078.28,33.1
518,2617,22,3,7413.99,13.1
519,1040,97,3,17488.61,29.4
520,363,39,2,34202.01,14.7
521,1976,145,2,40428.55,24.1
522,334,125,2,12317.61,18.1
523,302,34,-4,44758.12,15.7
524,2600,143,2,53350.3,10.4
525,1654,118,4,68745.43,11.2
526,2688,117,2,74527.79,18.9
527,726,68,4,31215.16,18.0
528,1082,88,1,41535.23,21.3
529,1798,56,5,47575.14,0.8
530,1982,14,5,45327.56,23.2
531,1694,31,1,26837.5,18.9
532,1188,90,4,64016.73,18.2
533,861,76,3,61299.71,30.3
534,1057,98,3,45144.32,17.4
535,746,105,5,43691.21,21.9
536,1814,113,4,16918.32,30.3
537,1665,37,4,26115.24,29.8
538,2745,22,4,7653.54,4.9
539,768,9,2,41764.4,7.7
540,587,56,2,43105.19,31.5
541,1548,145,3,48077.91,0.1
542,782,88,4,49443.29,12.2
543,1976,13,4,44417.48,21.2
544,2178,123,3,68424.67,23.1
545,41,66,3,53713.13,21.2
546,1819,106,3,36672.7,32.0
547,1738,141,4,48370.98,7.2
548,533,44,1,24887.86,36.0
549,1336,144,4,55851.89,31.0
550,1934,145,4,39418.5,19.9
551,1031,41,5,45332.91,23.1
552,2366,101,1,38601.18,30.4
553,1930,2,1,54449.85,19.5
554,87,38,1,68958.57,14.4
555,1632,71,5,48167.86,2.7
556,1701,34,3,59982.52,3.9
557,2340,115,2,21084.11,28.9
558,1400,75,2,6074.89,14.9
559,975,143,5,44110.86,2.0
560,1825,40,4,47669.18,26.5
561,2544,118,3,53288.78,17.3
562,1980,34,2,39217.17,1.8
563,2965,91,2,41155.04,18.0
564,2652,51,5,5037.66,36.4
565,2588,96,1,64385.65,32.1
566,2464,43,4,64606.62,12.1
567,1269,47,4,26373.8,6.3
568,2119,140,1,14729.89,38.1
569,2981,116,4,54370.4,6.9
570,2603,79,3,34182.42,18.5
571,1542,93,3,60968.82,34.1
572,2771,12,5,61599.07,32.2
573,77,76,4,50046.09,2.0
574,1176,3,4,66981.67,19.1
575,1661,98,2,48715.23,6.2
576,2456,60,1,43321.17,33.2
577,2781,86,2,51042.95,30.1
578,1273,17,3,15134.55,0.5
579,1090,33,2,349.66,21.1
580,1255,42,5,20991.59,38.5
581,1710,107,4,48203.65,3.3
582,82,44,2,25531.75,31.2
583,3369,52,-5,2870.89,38.9
584,1857,105,3,43687.86,19.6
585,1303,67,1,56408.26,25.7
586,2453,37,1,30779.62,14.5
587,921,51,2,4066.74,0.8
588,2752,47,3,33313.33,27.8
589,2093,26,-2,31247.31,11.1
590,2783,54,2,10484.5,7.1
591,1039,6,5,55827.21,18.3
592,184,83,4,22039.33,5.3
593,2903,23,3,41094.2,2.2
594,2598,14,2,41264.82,27.0
595,292,21,2,71286.43,3.5
596,146,125,1,12705.12,32.9
597,88,90,2,73577.61,38.4
598,2526,121,4,11805.85,19.8
599,1771,60,5,46538.0,11.1
600,1764,31,2,37078.66,26.8
601,2934,111,-2,17517.16,18.3
602,1185,40,5,43052.37,32.3
603,1825,118,3,82671.18,38.6
604,173,10,1,37746.71,16.7
605,887,39,5,28342.24,21.5
606,1601,30,2,30556.04,38.7
607,1444,23,3,44526.83,1.8
608,2422,98,4,40965.96,6.4
609,50,123,0,73353.58,25.5
610,1190,115,2,19945.42,11.3
611,2968,8,2,16575.56,17.7
612,2393,146,3,7808.38,21.9
613,1066,100,5,39755.81,21.1
614,281,144,4,54049.61,12.2
615,2489,94,2,63011.48,30.0
616,2687,113,-2,12239.21,14.0
617,1357,55,4,19113.41,9.7
618,2029,143,5,50646.66,4.3
619,630,4,2,64140.1,38.2
620,1316,7,3,65376.38,20.3
621,2309,141,5,55573.18,18.3
622,1270,97,-2,13604.12,30.9
623,2750,16,5,26748.72,6.3
624,73,126,3,38000.21,22.7
625,1112,106,2,36585.6,7.8
626,1547,41,2,32740.11,16.2
627,154,34,3,44042.16,18.7
628,419,48,3,52461.44,33.0
629,2577,43,5,59494.17,2.8
630,2222,30,2,37798.54,22.1
631,2516,9,4,45497.65,13.1
632,2260,73,-2,52160.76,39.1
633,2199,140,2,19604.06,18.5
634,171,58,1,74566.07,6.1
635,499,68,5,34230.55,16.4
636,1861,24,5,68641.66,4.1
637,513,81,4,59095.83,5.7
638,2295,142,2,69259.74,8.8
639,286,133,5,28334.02,38.0
640,2884,60,1,46081.84,0.1
641,1480,107,3,30533.08,36.1
642,2062,118,-1,70831.17,32.4
643,1114,81,2,49976.5,18.9
644,2973,69,2,52309.21,10.6
645,2152,116,2,47392.32,9.2
646,1184,23,4,37279.48,33.3
647,1847,90,1,58078.06,13.9
648,359,10,5,37115.85,11.8
649,926,102,-3,16672.74,11.6
650,1231,144,5,55208.85,20.4
651,2661,64,-1,38226.63,35.7
652,3037,114,2,68337.98,36.3
653,152,114,1,69716.83,4.3
654,214,10,1,41536.08,11.5
655,1461,86,4,71846.13,9.3
656,2313,105,3,68140.89,22.7
657,109,55,0,24247.86,37.5
658,2399,150,4,7223.56,15.4
659,1957,117,4,59906.91,12.1
660,1119,130,2,31178.56,29.8
661,2155,97,2,19803.04,19.2
662,2719,24,1,51442.32,10.9
663,1973,100,1,38971.48,22.4
664,1309,119,1,48295.28,5.4
665,2407,143,3,53887.23,16.0
666,2442,115,3,18341.68,13.1
667,946,61,2,57846.33,4.0
668,2389,39,2,26640.95,2.2
669,1596,14,1,35308.33,4.4
670,1339,109,1,9812.91,22.5
671,2554,132,0,26826.93,26.9
672,792,136,4,8362.77,30.6
673,2904,144,4,68632.42,8.7
674,2168,32,4,22325.32,39.7
675,1299,108,2,22317.08,39.7
676,86,106,1,28072.03,32.9
677,2614,58,2,71169.03,4.7
678,1735,130,5,26561.74,18.5
679,604,58,1,69777.69,26.3
680,2186,39,4,33852.44,7.0
681,2389,67,5,55051.34,6.6
682,2519,107,3,45291.97,30.4
683,2580,110,5,22025.22,38.9
684,912,57,-3,14480.45,1.0
685,1368,82,5,41772.02,2.2
686,684,124,5,10303.11,23.1
687,2989,69,2,82646.37,7.1
688,2969,6,2,45264.79,21.4
689,1412,146,4,10140.3,38.8
690,1471,126,3,40704.86,38.5
691,1850,69,1,73735.73,39.5
692,895,136,3,6886.86,34.5
693,2276,75,2,6062.62,0.6
694,1021,9,5,48863.05,6.6
695,571,131,2,36457.26,18.9
696,341,44,2,32445.34,30.5
697,754,1,1,7255.08,0.9
698,1038,18,2,50830.8,30.5
699,272,41,3,41883.63,28.4
700,331,9,5,44010.66,10.2
701,709,54,1,14619.14,18.1
702,629,136,2,6215.18,35.1
703,1872,85,5,82428.55,22.9
704,2483,29,4,61314.95,36.0
705,2287,121,-3,16136.46,0.1
706,264,5,4,4125.12,0.2
707,1357,142,3,49425.93,16.3
708,2840,44,5,30668.1,14.3
709,2498,105,4,58287.61,7.8
710,1358,96,2,44839.08,31.7
711,2062,141,4,40615.67,9.4
712,2865,79,4,39967.62,34.8
713,437,23,3,35794.23,12.8
714,1897,115,5,26299.54,8.8
715,2407,5,1,5344.87,32.1
716,29,121,5,11859.61,34.0
717,730,57,3,17359.46,26.4
718,186,84,3,6457.24,17.8
719,362,28,4,67363.5,8.9
720,1916,106,4,39998.3,34.7
721,3,141,3,49290.62,36.5
722,1428,43,2,44499.77,23.8
723,3264,51,4,3994.21,26.9
724,2404,59,4,37235.8,29.6
725,2344,123,5,62530.13,36.3
726,200,57,4,15956.56,27.1
727,1498,144,5,68861.27,21.8
728,2357,120,2,56234.32,22.7
729,2034,73,5,60864.46,26.1
730,1895,65,3,55452.99,1.7
731,698,110,3,16078.41,30.7
732,447,101,3,32881.88,36.8
733,1350,146,4,9293.74,22.9
734,1288,116,2,62546.69,16.7
735,1550,123,2,61043.99,19.6
736,1814,26,4,30161.92,35.2
737,1296,7,1,64899.44,15.5
738,2931,129,1,2998.16,23.3
739,2271,86,1,66886.77,30.6
740,2800,101,2,38711.0,26.8
741,2553,116,5,51970.62,38.7
742,307,75,5,5255.57,9.7
743,2847,116,1,76968.08,1.6
744,797,108,3,34608.71,22.5
745,456,41,5,32024.95,3.7
746,3000,4,-3,63891.98,4.1
747,2217,61,1,70726.36,16.8
748,18,66,3,60025.27,13.3
749,2891,86,4,59365.28,24.2
750,887,60,4,59138.19,23.1
751,1684,10,2,35948.41,16.0
752,583,109,-5,14679.87,7.4
753,1382,6,4,49924.64,25.7
754,2955,18,1,63975.4,23.4
755,136,118,4,67787.8,15.3
756,794,61,2,73859.84,33.6
757,1548,38,3,51550.64,6.4
758,228,144,2,48055.83,17.8
759,222,81,5,45389.22,21.4
760,2243,38,2,50009.68,20.7
761,325,43,5,50588.59,10.3
762,2375,83,3,15141.19,22.7
763,2650,110,3,23149.69,10.3
764,1482,119,5,39651.01,19.8
765,1809,1,5,8457.04,18.7
766,1778,23,5,36355.73,38.1
767,1634,134,5,4958.45,5.9
768,2898,97,-4,14906.47,34.6
769,1738,9,4,40240.63,8.1
770,1645,97,4,15301.49,14.7
771,2146,49,2,79197.53,5.3
772,1529,70,4,19142.03,24.2
773,1072,143,-4,39263.32,18.9
774,2807,103,1,27407.1,18.7
775,1931,74,2,27881.54,23.2
776,1856,39,3,30581.55,13.1
777,2338,1,4,5761.38,22.2
778,49,96,3,41945.2,6.5
779,2881,45,1,5715.53,36.0
780,2471,122,4,29770.57,34.4
781,2455,109,4,11289.07,30.4
782,2778,67,2,56668.54,11.4
783,1806,75,3,4242.72,7.5
784,2510,59,4,57555.36,22.9
785,1554,137,0,47838.45,21.2
786,1876,78,1,50668.61,24.6
787,1127,70,1,24984.54,32.8
788,1161,12,4,57475.71,22.6
789,749,67,2,49205.14,29.5
790,371,15,5,7615.69,2.8
791,1738,131,3,39021.91,3.1
792,483,129,1,3543.73,27.8
793,2179,3,1,75495.33,34.3
794,2029,35,3,26136.07,32.9
795,1984,141,5,56068.8,30.3
796,1047,139,3,35793.61,23.4
797,1974,141,4,57320.68,3.2
798,2045,87,3,27857.18,33.3
799,1753,129,5,3310.05,21.0
800,1142,85,4,72233.5,9.4
801,558,149,2,52968.58,0.1
802,746,117,1,63140.12,10.0
803,112,29,3,43291.47,31.5
804,2945,90,1,63656.26,32.1
805,984,16,-4,42450.57,24.5
806,951,27,2,61634.93,37.0
807,1803,46,4,58604.89,25.9
808,1443,108,1,23919.12,25.0
809,2014,140,5,19693.97,31.9
810,1307,77,5,680.24,9.3
811,1215,21,1,68953.87,27.2
812,702,134,4,6912.99,37.0
813,1598,135,2,37218.42,39.7
814,1840,10,1,42665.89,33.6
815,2276,118,2,56131.6,0.7
816,2143,112,2,32307.57,30.0
817,2219,87,2,23240.03,39.3
818,2072,124,2,9902.12,3.2
819,2728,138,2,40821.24,32.5
820,2608,95,3,40530.19,38.2
821,1856,128,1,51024.27,13.6
822,895,16,4,42039.54,33.0
823,1836,6,2,47690.54,29.1
824,1190,106,2,32914.69,35.7
825,1201,27,4,52951.02,38.2
826,2612,74,4,33724.53,31.5
827,42,77,3,899.12,10.6
828,935,54,2,11369.72,27.6
829,1443,137,-4,57766.48,16.9
830,1073,81,5,52637.12,6.4
831,99,143,2,53450.07,28.7
832,2359,131,1,28631.79,20.0
833,2230,58,4,53947.8,35.6
834,157,139,1,43403.25,18.3
835,1654,118,4,53768.47,18.4
836,1499,111,3,21609.66,26.7
837,1396,146,5,7695.97,35.6
838,2820,100,1,33037.57,14.6
839,305,144,3,50839.85,5.2
840,588,16,5,42054.36,31.0
841,395,18,2,55219.78,15.0
842,611,16,1,39736.15,18.9
843,1074,119,5,39317.71,12.0
844,1485,62,1,11646.69,11.4
845,3360,45,4,7675.02,31.8
846,722,23,1,50791.49,6.6
847,2328,16,3,38122.97,36.5
848,2685,61,3,78600.92,22.1
849,467,53,2,26510.57,14.7
850,2809,111,4,21918.14,7.4
851,476,30,2,26885.25,28.3
852,162,24,3,52262.85,21.0
853,2641,136,5,7872.1,32.4
854,2345,28,5,67228.32,26.8
855,2301,53,2,18619.87,34.5
856,1231,18,-1,62838.9,27.6
857,472,130,4,35672.24,34.7
858,651,6,2,59116.16,23.7
859,314,66,4,76199.27,33.1
860,2881,40,4,51084.06,15.1
861,107,51,5,4838.75,38.9
862,225,81,4,57227.58,38.2
863,1553,53,4,18243.42,13.8
864,2447,102,5,20400.93,39.5
865,243,8,3,13521.74,1.1
866,1124,13,2,58991.17,8.6
867,1383,137,3,66646.17,27.7
868,2667,44,3,26666.72,23.1
869,1332,139,2,46589.42,13.5
870,462,55,1,23122.29,31.3
871,2128,43,2,59648.58,36.4
872,1624,145,2,45374.87,0.7
873,1046,113,3,13301.56,10.9
874,2916,69,2,54630.4,1.5
875,1414,44,4,31540.37,14.3
876,455,69,1,59695.15,4.5
877,1554,18,5,41613.65,15.5
878,1537,20,5,9332.61,0.9
879,2583,70,3,22564.97,15.9
880,1047,60,1,55235.79,7.9
881,2589,81,3,45260.63,16.4
882,3004,23,4,35304.26,19.9
883,2141,97,4,19330.55,27.6
884,1823,54,5,12683.05,31.4
885,2782,116,5,47926.86,28.6
886,1478,9,1,44650.93,31.6
887,79,62,5,12333.25,7.6
888,1899,9,4,33504.16,22.8
889,2908,32,2,20283.19,11.4
890,1349,76,1,50424.42,19.0
891,1783,34,2,50177.95,4.5
892,2943,18,4,56184.17,23.2
893,1307,150,3,7240.11,28.5
894,1731,72,5,42471.68,27.5
895,371,114,5,52611.84,27.3
896,1384,115,1,22842.84,34.3
897,2320,78,1,49751.63,6.9
898,1005,81,2,55836.95,35.7
899,693,137,3,67535.69,23.0
900,198,36,3,9473.68,38.0
901,1400,133,1,36059.53,38.4
902,2138,72,1,28151.75,4.6
903,1644,66,1,56428.23,34.3
904,1874,93,2,70605.18,36.7
905,2747,133,3,42096.17,19.9
906,1198,144,4,63592.65,22.4
907,1396,63,1,42479.86,29.1
908,670,43,5,50202.49,16.4
909,608,139,2,38700.01,22.8
910,1679,79,5,38142.87,28.7
911,1935,3,5,74089.07,1.9
912,249,136,4,7596.6,17.4
913,673,10,1,46492.19,20.6
914,634,112,3,26122.88,37.4
915,243,122,3,38334.15,17.7
916,2773,71,5,38081.24,17.9
917,2366,90,1,50670.18,5.3
918,736,102,2,22621.12,29.7
919,1415,44,3,37093.77,0.4
920,1891,67,1,59365.17,3.5
921,609,70,4,23558.73,28.3
922,2355,7,3,47890.72,16.0
923,856,50,4,52372.68,5.2
924,1640,41,5,44718.14,31.5
925,2762,46,5,43283.26,32.4
926,2863,14,5,35304.25,10.0
927,1826,3,2,56675.96,27.3
928,2108,54,3,13606.14,3.3
929,2243,4,2,48717.85,32.0
930,2815,30,4,31986.73,0.7
931,1212,95,3,47716.86,27.6
932,2854,139,4,45682.39,11.6
933,2578,116,5,53244.65,24.7
934,2156,143,5,44042.19,24.5
935,2773,133,2,41170.27,9.5
936,2383,108,3,34467.01,29.1
937,3224,112,5,31000.73,1.5
938,1220,127,1,55060.04,23.1
939,2292,150,5,7958.74,9.2
940,1924,98,1,37414.9,16.0
941,844,147,4,48130.33,24.6
942,824,143,3,52666.42,14.5
943,813,20,5,11471.42,6.0
944,600,120,4,71786.41,29.7
945,2691,119,2,39371.05,11.4
946,876,17,-4,16519.44,5.0
947,2128,111,1,19055.8,34.4
948,1833,143,2,60653.72,24.6
949,1984,111,5,22916.12,19.8
950,2897,94,5,58204.18,30.0
951,1715,112,3,32069.57,8.5
952,1805,141,3,56476.67,1.2
953,360,142,5,54492.89,18.0
954,2211,129,4,2863.28,14.2
955,1307,55,4,21889.57,6.0
956,2642,100,5,35873.91,37.2
957,1468,65,5,47702.71,7.5
958,132,61,-1,65906.44,8.4
959,1191,98,3,42967.4,19.1
960,1763,150,1,6986.07,4.6
961,974,148,4,38306.51,22.0
962,2876,18,1,55933.92,4.9
963,888,96,5,44093.8,16.0
964,1286,81,1,56706.25,34.2
965,434,8,3,10741.05,3.8
966,2290,15,1,6001.19,30.8
967,2562,96,3,41637.42,26.9
968,2361,106,1,33088.45,19.7
969,2630,80,2,21034.91,6.5
970,2288,94,1,41842.54,38.5
971,305,50,3,56772.64,22.5
972,1087,11,2,36687.87,37.4
973,2277,90,4,62955.96,16.0
974,743,107,2,45823.57,36.7
975,1518,19,4,48533.62,4.7
976,260,139,1,31962.44,26.7
977,2784,57,2,15817.13,29.8
978,556,16,2,33468.73,32.6
979,2696,130,1,34283.29,28.2
980,1658,141,3,37284.9,3.6
981,890,109,1,9407.84,4.1
982,55,65,4,41494.44,28.1
983,419,66,5,49739.76,22.6
984,1444,8,1,15663.88,29.6
985,143,106,4,37735.39,23.8
986,2238,90,1,68944.73,39.3
987,2535,5,3,3916.49,26.0
988,781,137,4,52729.47,35.1
989,393,101,3,51496.96,25.2
990,2754,97,3,20066.47,38.6
991,2494,115,1,29225.77,5.5
992,33,49,5,60300.26,16.0
993,2766,106,1,32315.57,6.3
994,2801,76,1,47670.13,19.9
995,605,83,2,15235.16,13.7
996,3,134,5,5747.23,15.6
997,1483,15,-2,5862.25,29.3
998,360,49,5,73469.41,0.7
999,942,74,2,38243.88,28.4
1000,602,149,3,38080.7,4.4
1001,2625,20,1,10409.94,31.6
1002,807,120,4,69955.23,27.6
1003,396,30,5,31199.38,19.7
1004,2118,21,1,68274.41,22.7
1005,1673,89,5,57924.1,17.4
1006,2065,122,3,32724.69,34.7
1007,1231,129,5,3316.72,39.7
1008,1274,76,2,68406.2,4.7
1009,2784,143,-5,57462.09,10.0
1010,2160,48,4,56573.86,17.7
1011,1552,12,5,53851.89,12.8
1012,324,34,4,39901.56,33.7
1013,2276,93,1,64768.22,5.5
1014,142,124,1,11826.22,8.8
1015,1588,21,3,60870.21,34.7
1016,2900,119,2,41742.66,24.5
1017,2800,93,2,53533.08,37.3
1018,2521,120,1,45731.65,31.7
1019,2457,128,5,44575.96,28.7
1020,2145,130,4,25099.11,28.4
1021,474,94,2,56470.82,18.3
1022,523,126,5,41549.59,8.4
1023,939,83,1,16263.71,11.6
1024,1279,135,4,28557.08,18.9
1025,1881,5,4,3770.97,30.5
1026,3496,116,2,58642.57,34.1
1027,2816,138,5,38540.84,34.3
1028,676,124,3,10425.4,10.5
1029,810,3,3,76380.86,17.2
1030,1648,103,4,29728.19,14.1
1031,1034,68,3,25781.02,23.1
1032,2134,80,4,24613.06,10.5
1033,963,120,1,60847.87,12.3
1034,1542,65,5,49918.34,29.1
1035,2263,96,3,55533.75,20.0
1036,855,105,4,47042.92,19.6
1037,1951,125,2,10510.39,2.9
1038,1989,66,1,79414.79,32.6
1039,2673,140,2,19303.26,5.2
1040,2784,126,1,40651.29,3.8
1041,1370,79,1,40523.08,8.0
1042,641,20,5,10300.42,34.6
1043,1575,65,-5,54452.74,39.2
1044,367,88,4,62821.16,1.1
1045,1561,119,4,49598.14,23.4
1046,743,50,4,62251.54,2.3
1047,2318,113,3,17540.58,18.8
1048,1492,93,4,74021.64,35.1
1049,2791,86,5,55790.26,27.0
1050,2991,106,5,24789.1,20.3
1051,2813,141,1,45840.57,13.7
1052,1421,129,4,3088.37,33.2
1053,2855,50,4,78655.35,2.0
1054,1621,127,3,61712.21,31.9
1055,2687,100,3,37900.07,38.9
1056,2574,62,4,12333.13,25.9
1057,97,94,4,47743.87,22.4
1058,2148,102,2,19547.1,35.1
1059,1432,72,1,36385.97,0.3
1060,2988,137,4,55118.17,24.3
1061,1241,135,3,25757.75,8.9
1062,1126,23,4,40799.54,28.3
1063,188,37,5,26535.76,25.3
1064,1194,102,4,21127.02,31.5
1065,153,64,2,34612.72,31.4
1066,1375,38,5,72064.46,2.1
1067,2004,112,5,20465.78,13.1
1068,1075,119,4,45375.15,9.4
1069,1080,65,3,40582.42,10.8
1070,862,88,3,39237.06,27.5
1071,1915,8,5,15048.06,18.8
1072,2866,139,1,43529.71,9.6
1073,895,146,2,6757.54,23.9
1074,2754,27,2,71783.62,16.4
1075,3470,130,1,35450.75,1.8
1076,2627,94,1,44524.57,19.8
1077,2204,78,3,46994.92,0.4
1078,1439,119,3,39552.33,0.3
1079,530,123,1,51104.78,34.7
1080,1003,100,3,46008.74,17.1
1081,2557,129,3,3801.29,22.0
1082,2407,56,2,31427.18,25.1
1083,3366,88,5,42475.45,29.7
1084,2659,10,5,55480.58,16.1
1085,2460,43,3,62998.68,10.6
1086,1803,31,3,38011.31,32.2
1087,670,7,5,49521.78,39.1
1088,525,52,5,2762.29,39.9
1089,518,15,1,5744.07,9.5
1090,1420,77,4,745.48,17.7
1091,838,135,2,40090.33,25.5
1092,430,96,5,62923.21,27.1
1093,1789,71,5,55552.04,20.2
1094,2649,120,5,64513.18,3.2
1095,999,14,1,56105.52,34.1
1096,1073,129,1,3207.12,33.0
1097,1154,150,3,9530.34,5.4
1098,1190,11,-3,29662.41,16.5
1099,1444,54,3,12538.82,2.5
1100,625,115,3,23231.21,18.1
1101,1525,148,3,39232.77,5.0
1102,1182,64,4,39720.33,2.5
1103,1492,73,3,58970.33,18.5
1104,433,112,2,25295.61,16.9
1105,1352,94,3,56824.69,31.1
1106,86,97,2,15264.9,19.6
1107,809,17,3,20785.35,8.1
1108,2610,13,3,45050.78,9.6
1109,1378,94,2,65713.85,22.3
1110,1528,124,4,11130.02,32.8
1111,1236,149,5,34376.39,11.7
1112,1351,121,2,14958.85,18.3
1113,1572,12,5,60153.22,2.7
1114,2359,133,5,43213.88,39.2
1115,2261,51,1,4698.11,6.9
1116,136,49,2,72410.25,17.3
1117,10,61,4,67142.74,39.8
1118,866,136,4,6443.6,16.5
1119,1119,35,5,38219.19,3.7
1120,1658,112,3,23595.53,12.3
1121,2656,144,2,49986.75,17.4
1122,2668,84,5,5846.82,12.1
1123,1590,135,1,32187.34,15.4
1124,2331,86,3,54041.08,12.4
1125,42,40,5,58192.53,37.5
1126,2414,100,5,38005.88,26.5
1127,2362,38,2,55546.3,5.5
1128,852,59,5,48533.91,15.5
1129,1695,126,5,41833.29,9.8
1130,1343,150,3,8068.72,16.0
1131,1524,118,5,70015.78,14.1
1132,1621,123,3,64693.55,10.6
1133,679,120,4,45958.34,14.2
1134,728,11,2,26778.17,17.3
1135,1511,36,3,7738.03,22.9
1136,2693,6,4,60154.84,9.0
1137,204,140,3,13507.45,33.3
1138,1949,109,2,11822.68,23.6
1139,528,54,-1,11479.89,39.3
1140,318,126,3,27112.24,21.1
1141,2681,76,4,63466.65,13.4
1142,739,90,4,70390.03,11.6
1143,794,12,1,48215.96,35.9
1144,165,110,5,15526.16,39.1
1145,1867,74,2,32688.09,39.9
1146,180,73,5,50576.68,32.0
1147,1440,102,2,25154.21,36.2
1148,91,108,3,31732.94,6.0
1149,222,62,4,13202.13,29.0
1150,3492,92,4,59312.36,23.2
1151,291,46,5,40746.62,34.8
1152,987,94,2,62442.88,27.9
1153,1518,70,5,24307.7,34.8
1154,230,114,2,71506.11,21.1
1155,1622,68,5,28779.56,27.4
1156,585,9,1,39605.14,20.2
1157,2486,57,4,15769.64,9.0
1158,27,81,3,50176.7,28.0
1159,2213,73,3,47061.28,1.3
1160,1895,3,3,73980.8,7.4
1161,695,142,2,76352.36,25.1
1162,1840,139,5,37612.25,17.8
1163,2022,61,5,80621.29,2.8
1164,1488,22,5,11037.91,28.7
1165,1540,74,1,37896.59,10.3
1166,2885,76,3,73721.84,13.4
1167,1914,6,4,56597.05,10.4
1168,3276,83,2,17693.32,32.8
1169,2587,99,1,64713.29,34.4
1170,2484,57,1,17968.38,11.1
1171,276,120,2,46316.71,16.2
1172,2738,135,4,32442.12,3.4
1173,2858,99,1,57001.8,25.9
1174,1644,79,4,38751.61,38.5
1175,2306,29,2,64309.35,32.6
1176,1509,103,5,24133.41,31.9
1177,2498,45,1,6851.85,18.7
1178,2151,107,2,42910.97,5.2
1179,1074,131,3,36151.99,15.0
1180,2731,86,3,66070.18,15.5
1181,509,46,1,47332.41,2.5
1182,2624,148,4,27187.0,3.6
1183,775,54,1,12547.19,30.6
1184,1315,101,5,43129.15,19.1
1185,1358,46,2,49126.56,11.1
1186,1967,130,2,25575.37,34.2
1187,1509,32,5,21874.19,5.5
1188,1885,131,1,35834.01,11.1
1189,1530,15,4,5791.04,19.3
1190,1232,53,2,18396.99,25.6
1191,2850,20,3,9216.76,23.5
1192,206,70,2,24143.93,14.9
1193,764,66,5,54651.35,35.6
1194,2134,138,1,42815.07,9.1
1195,1117,69,1,77651.38,12.0
1196,2429,122,2,29631.65,6.0
1197,3436,135,5,37832.98,16.6
1198,466,55,5,26700.71,38.1
1199,2060,20,3,9396.79,7.5
1200,2634,24,4,68565.63,27.5
1201,1370,83,-2,16439.1,4.9
1202,1595,44,0,25207.34,33.5
1203,2730,76,4,53105.06,38.1
1204,1062,121,1,15843.67,10.0
1205,316,14,3,45025.21,5.3
1206,350,46,2,38708.27,19.5
1207,171,87,1,26545.31,13.4
1208,808,112,1,24861.24,37.6
1209,1766,82,4,39006.3,14.9
1210,244,85,3,60621.45,32.6
1211,421,73,5,48188.85,4.5
1212,3044,56,3,47021.02,23.1
1213,690,106,1,29772.7,32.8
1214,176,39,5,22363.13,17.4
1215,2133,101,5,40520.55,21.7
1216,2458,32,4,19660.65,38.0
1217,1279,70,5,26206.4,12.5
1218,2293,7,1,72244.91,35.3
1219,2186,44,2,36126.64,37.4
1220,605,65,4,44661.88,9.7
1221,3072,81,3,44431.95,17.6
1222,1577,8,2,12328.34,26.1
1223,2417,138,4,46855.7,12.1
1224,2045,125,1,13207.24,7.1
1225,84,62,1,16056.66,2.9
1226,2451,127,2,70257.16,39.0
1227,1419,75,4,6471.09,21.3
1228,1989,112,2,29424.4,7.4
1229,2259,44,5,34772.23,25.9
1230,1882,141,-5,51153.28,29.5
1231,952,91,4,60001.3,20.8
1232,290,21,5,75623.75,26.0
1233,1916,15,4,5882.81,0.1
1234,3286,142,3,76980.01,24.4
1235,1420,117,4,64632.61,30.7
1236,1333,149,5,39890.08,11.2
1237,668,95,3,42552.2,33.0
1238,2509,18,1,48658.27,27.6
1239,408,7,4,63572.09,9.2
1240,940,103,-5,31009.43,29.4
1241,2035,37,3,22956.46,19.5
1242,162,51,2,5318.35,4.5
1243,2156,146,3,9331.3,17.7
1244,570,31,2,26283.98,23.3
1245,891,19,5,40246.07,39.6
1246,2192,129,2,3126.77,30.7
1247,1063,7,5,46861.59,9.7
1248,1525,24,1,63142.9,12.2
1249,358,115,5,18688.01,17.0
1250,2628,50,1,53836.22,19.1
1251,3341,33,3,355.87,19.8
1252,1252,34,4,41099.75,32.2
1253,269,4,1,58235.46,14.7
1254,1243,35,4,26775.76,27.4
1255,1464,109,4,13876.03,15.1
1256,2458,144,5,71130.87,34.0
1257,1794,95,2,48124.14,3.1
1258,345,137,2,72110.2,32.0
1259,921,10,1,41465.98,29.6
1260,347,117,2,79566.83,36.0
1261,2371,104,1,8838.39,4.3
1262,2089,85,5,75945.26,25.5
1263,575,9,3,40810.81,30.7
1264,2762,145,1,35501.25,12.6
1265,575,14,1,51677.12,22.4
1266,1419,92,3,54016.37,27.0
1267,148,116,5,70112.6,18.2
1268,2153,138,5,57714.71,28.6
1269,434,9,4,48802.92,0.4
1270,2534,80,1,19918.16,11.8
1271,2739,126,1,35410.52,37.7
1272,1273,142,4,61792.6,38.0
1273,1198,77,4,849.4,21.9
1274,65,31,4,33190.57,6.3
1275,1169,76,1,52959.21,33.6
1276,2320,124,3,10923.74,2.4
1277,1069,59,1,49181.6,23.8
1278,2349,37,5,24571.57,11.3
1279,2786,50,5,50016.5,9.8
1280,1464,98,1,51318.05,18.5
1281,1945,15,3,4886.99,10.8
1282,1562,121,3,13111.36,3.7
1283,506,19,3,58049.72,23.7
1284,564,8,4,12775.3,26.0
1285,1477,33,3,245.47,17.0
1286,1001,94,5,62887.04,31.0
1287,446,81,5,54723.72,10.8
1288,350,137,3,52376.55,31.0
1289,632,103,5,27994.17,10.8
1290,2691,80,2,24478.47,13.9
1291,1425,131,2,29115.34,25.1
1292,2122,8,4,12492.91,28.6
1293,2583,116,3,71600.45,11.8
1294,2883,122,4,33382.75,10.9
1295,1005,9,3,39637.49,0.3
1296,556,100,4,36207.74,18.3
1297,2036,119,5,47988.69,11.6
1298,413,36,-3,8074.69,14.4
1299,812,112,4,20448.09,24.6
1300,2590,65,4,46347.49,5.4
1301,427,123,1,54362.49,8.7
1302,947,150,5,7706.23,37.9
1303,2348,92,2,41382.73,20.0
1304,2974,68,3,27674.89,14.2
1305,2077,30,2,27237.5,35.0
1306,589,113,5,15811.72,37.3
1307,874,54,2,12706.06,16.3
1308,2730,71,3,58452.82,26.6
1309,1548,60,1,55364.04,37.5
1310,2179,42,3,19534.32,14.3
1311,2942,35,4,33309.91,7.3
1312,1086,56,2,48894.11,18.3
1313,1805,134,5,7698.03,7.5
1314,169,4,1,45239.53,2.7
1315,1030,134,5,5942.62,31.6
1316,2035,18,3,48915.76,1.1
1317,2292,50,4,50209.91,22.7
1318,859,60,2,54362.18,19.1
1319,351,80,1,20137.06,27.4
1320,1529,7,4,61485.4,24.3
1321,2297,123,2,48214.74,23.4
1322,738,63,3,52798.39,5.3
1323,2543,133,3,38786.48,31.6
1324,57,142,1,64829.79,35.4
1325,1378,4,3,46069.13,1.0
1326,1734,127,5,61484.47,13.6
1327,21,87,1,28382.19,24.7
1328,1017,101,3,40706.38,7.1
1329,2213,32,2,20101.05,36.8
1330,2713,83,3,22016.73,19.5
1331,1212,52,3,4068.12,36.9
1332,1840,66,4,78494.9,26.9
1333,2853,93,4,62646.24,30.1
1334,1789,118,4,74698.17,17.9
1335,2204,82,4,32846.81,11.1
1336,1767,69,5,63075.43,35.8
1337,1797,140,-4,12913.09,25.1
1338,2085,115,5,22475.71,27.9
1339,904,41,2,38925.97,4.7
1340,757,19,-2,41862.11,13.7
1341,1430,30,2,30267.8,31.0
1342,3277,1,3,8687.82,8.5
1343,842,8,3,11616.08,9.8
1344,775,33,3,303.3,10.7
1345,1818,113,1,16409.75,17.0
1346,1546,26,2,30481.51,39.7
1347,325,125,3,13904.71,3.3
1348,1563,62,4,13860.38,36.3
1349,1234,2,3,79082.36,17.5
1350,2209,128,3,43270.49,35.3
1351,2973,129,2,3281.7,27.4
1352,559,53,5,25547.35,21.0
1353,503,81,-1,52160.7,4.9
1354,2851,2,3,63694.12,31.2
1355,1979,19,3,46933.88,26.0
1356,3162,107,2,41146.19,16.1
1357,1803,103,4,27482.38,14.9
1358,1642,65,4,46618.36,0.3
1359,2625,36,3,10292.07,7.4
1360,2348,138,5,47443.73,19.5
1361,1130,37,4,23304.34,14.5
1362,698,138,2,46263.91,27.4
1363,1962,36,4,8952.45,6.5
1364,228,50,2,50929.78,9.6
1365,445,29,5,59552.07,14.1
1366,2143,128,2,43550.89,22.8
1367,790,106,3,34289.47,20.9
1368,2343,140,5,14420.37,26.3
1369,1738,111,2,24643.92,33.6
1370,2911,138,3,45582.03,36.9
1371,189,32,5,23473.53,36.6
1372,1740,79,4,42612.51,7.8
1373,2199,73,5,47558.63,19.4
1374,1972,145,5,43225.15,32.5
1375,2026,20,1,12240.1,12.5
1376,522,3,4,54233.7,5.0
1377,309,147,3,34531.1,15.3
1378,2962,70,2,23004.45,13.5
1379,966,55,3,26975.29,7.5
1380,986,138,-3,37730.41,19.8
1381,2159,73,3,45559.16,35.4
1382,1420,13,-3,57009.71,24.0
1383,755,132,5,26375.97,24.3
1384,1106,2,2,64132.63,0.5
1385,713,61,2,71407.8,34.8
1386,2006,112,3,24386.85,5.1
1387,1383,83,1,16670.83,7.2
1388,1391,64,5,41607.19,10.7
1389,569,18,1,48524.81,34.2
1390,1789,41,5,38981.79,13.2
1391,1829,122,5,28475.12,34.6
1392,459,29,4,43162.12,27.9
1393,359,74,1,40607.65,37.6
1394,2893,101,3,49818.82,28.7
1395,1029,56,3,38683.07,29.9
1396,2410,24,2,51220.74,28.3
1397,616,43,4,63242.22,12.8
1398,2570,130,4,37320.76,19.3
1399,772,139,2,44890.91,1.7
1400,2598,36,4,9128.08,17.8
1401,2260,106,2,26613.54,18.5
1402,1726,56,3,35293.36,31.6
1403,2165,73,1,69848.35,29.4
1404,2028,53,1,21073.58,4.3
1405,1622,146,3,9027.84,36.5
1406,52,11,2,38654.41,12.6
1407,1115,133,2,30915.98,7.4
1408,3000,68,4,27709.54,33.6
1409,942,125,1,10675.25,37.4
1410,2535,121,1,11357.65,7.2
1411,2540,52,2,3236.65,7.6
1412,1513,9,3,35010.52,22.3
1413,2773,85,1,61330.47,37.4
1414,2044,104,-5,7631.43,17.5
1415,1766,101,3,39987.86,37.2
1416,2315,80,4,17178.79,29.7
1417,1340,86,3,63834.52,22.8
1418,2317,38,2,54558.14,6.4
1419,2941,106,5,39215.73,2.2
1420,789,62,3,12187.79,16.6
1421,1222,99,1,45491.81,15.8
1422,2130,134,5,7674.76,10.0
1423,78,63,5,54843.74,17.1
1424,356,59,3,52809.6,21.6
1425,416,140,1,14810.0,7.6
1426,554,53,4,23090.12,25.3
1427,373,41,1,33019.9,20.0
1428,2569,40,1,47969.42,37.1
1429,2610,56,3,44328.62,7.1
1430,1002,32,4,22925.0,4.5
1431,1004,26,4,28344.39,36.2
1432,3358,2,5,77412.33,3.2
1433,871,45,3,8944.33,8.7
1434,1971,30,1,30350.66,12.2
1435,2566,15,5,7575.4,5.6
1436,1043,14,2,36191.85,20.8
1437,2979,52,5,3104.93,8.2
1438,52,7,5,57062.86,10.6
1439,2799,90,4,56571.05,26.2
1440,903,29,4,41924.33,6.6
1441,686,99,1,56661.29,16.0
1442,1774,120,5,67631.79,23.9
1443,774,130,3,29695.12,9.4
1444,2519,147,4,40041.9,13.5
1445,2760,4,2,51142.93,31.2
1446,1833,83,1,20971.7,6.6
1447,1830,16,4,30181.34,24.4
1448,3336,59,4,60569.93,33.2
1449,1319,84,1,6405.29,17.7
1450,1814,63,2,60925.01,4.7
1451,535,3,1,59570.86,7.7
1452,1571,137,5,45450.89,7.2
1453,271,121,3,15512.67,3.1
1454,1610,70,4,24435.46,22.2
1455,367,42,3,29929.39,26.4
1456,2225,21,5,82688.2,23.1
1457,1124,86,4,67378.97,17.6
1458,1386,34,4,45109.43,1.6
1459,1730,79,4,36763.1,31.9
1460,843,143,3,38880.25,20.2
1461,557,83,2,21562.47,25.4
1462,1097,135,4,34072.73,20.1
1463,703,49,3,57301.68,25.1
1464,123,63,4,52289.73,24.3
1465,1173,137,2,52682.46,22.3
1466,2774,89,2,38445.04,22.1
1467,638,122,2,29445.4,35.8
1468,232,27,2,62653.99,4.7
1469,1534,102,3,23432.09,7.1
1470,702,136,2,7338.29,18.4
1471,1488,31,3,37002.08,37.4
1472,1391,68,3,35701.99,19.1
1473,332,142,3,65006.11,12.0
1474,1504,20,1,9737.75,10.9
1475,1031,100,5,36026.07,17.7
1476,1324,55,5,23455.76,15.0
1477,1476,62,1,16200.31,10.4
1478,2167,57,4,21733.38,27.5
1479,1907,143,3,43009.04,1.0
1480,1657,77,2,877.9,27.2
1481,1264,53,1,25894.14,0.5
1482,1595,30,4,35856.39,16.5
1483,2487,27,2,77506.22,20.8
1484,2576,10,1,43955.43,10.7
1485,420,28,-3,73937.36,7.6
1486,3131,14,4,39338.12,24.8
1487,2095,59,1,52140.84,15.6
1488,2528,141,3,42969.24,15.8
1489,2608,116,3,62482.66,25.9
1490,1105,35,1,30250.41,19.5
1491,1734,18,3,57956.98,28.2
1492,2903,70,3,23465.87,8.5
1493,2494,129,-2,2758.83,19.1
1494,2627,137,2,68640.14,18.8
1495,1512,56,0,42877.9,11.2
1496,969,88,4,62620.43,21.2
1497,2536,99,1,54780.22,14.3
1498,1609,5,3,5213.15,3.5
1499,1596,43,4,56729.26,36.6
1500,536,72,3,32812.53,31.4
1501,1530,62,3,12742.5,18.1
1502,156,115,4,26514.64,30.9
1503,1991,65,3,48423.79,13.2
1504,2257,75,5,5243.52,26.4
1505,647,123,2,62869.8,30.4
1506,664,54,4,15242.66,23.4
1507,583,16,5,40005.51,0.0
1508,1403,147,2,48940.34,29.6
1509,2846,140,2,15568.29,19.3
1510,2520,73,3,55347.01,6.7
1511,577,6,2,49860.36,3.0
1512,2032,49,5,64803.27,14.0
1513,2700,56,1,44577.89,24.5
1514,1576,13,2,70977.04,27.1
1515,1196,73,3,46151.73,34.6
1516,66,51,4,3593.14,29.2
1517,2378,62,4,16706.14,16.5
1518,1864,62,3,16195.27,12.4
1519,239,54,5,11775.56,34.4
1520,2957,29,1,42154.03,23.0
1521,202,138,2,49687.02,26.1
1522,2781,18,5,47653.62,1.1
1523,72,111,-4,16560.07,28.7
1524,1217,79,4,46112.84,37.5
1525,2304,63,3,56173.17,35.2
1526,224,45,1,7676.38,19.1
1527,138,41,3,34334.82,18.5
1528,741,138,5,41658.82,26.8
1529,1230,92,4,60469.4,23.3
1530,1132,81,4,58832.22,11.9
1531,976,150,3,6505.11,12.1
1532,2156,97,3,16849.54,0.4
1533,2000,89,1,52755.01,18.1
1534,2782,59,2,47060.69,36.1
1535,2858,8,3,10667.15,36.0
1536,989,70,4,26289.75,16.5
1537,1997,33,1,333.29,19.3
1538,1183,46,2,56367.21,30.2
1539,1387,24,1,71059.47,20.8
1540,1918,29,3,56830.94,3.2
1541,2385,78,5,59579.22,9.6
1542,1400,146,3,9863.84,34.5
1543,1369,107,2,49612.31,37.2
1544,2487,104,2,6162.81,28.4
1545,1278,143,4,59492.42,21.0
1546,2571,105,1,61599.6,2.3
1547,1065,53,2,21913.15,22.5
1548,963,2,2,86004.5,36.7
1549,1600,53,5,28445.87,34.5
1550,2669,5,3,5066.11,15.5
1551,790,4,3,52524.79,29.5
1552,2541,75,5,4576.85,0.1
1553,3499,10,2,40167.37,30.1
1554,2906,114,4,62304.25,5.1
1555,1693,21,5,55555.34,38.6
1556,2813,110,5,22874.92,16.5
1557,1372,52,1,4168.86,37.2
1558,1985,8,2,15593.88,15.7
1559,2526,78,5,47900.69,16.6
1560,1147,87,2,20913.07,2.0
1561,1140,8,4,15744.94,27.5
1562,823,40,3,60413.47,38.1
1563,402,150,1,9084.56,29.3
1564,1863,143,1,40296.44,15.9
1565,2551,75,5,6234.35,32.0
1566,2080,129,1,3913.48,4.8
1567,1695,69,2,70207.15,34.3
1568,564,131,2,44255.65,32.2
1569,2685,84,5,6233.67,34.3
1570,1080,149,2,48577.63,10.2
1571,1677,102,2,17080.76,17.5
1572,140,150,3,9989.62,29.8
1573,854,145,3,42662.44,30.3
1574,480,149,1,48608.66,16.6
1575,2750,59,5,46736.17,37.4
1576,120,58,2,74073.63,37.7
1577,2367,110,4,18533.04,6.6
1578,916,76,5,69187.59,14.5
1579,413,149,1,45481.86,13.0
1580,794,105,1,54924.88,18.0
1581,1030,2,3,73992.38,22.0
1582,988,13,5,64406.76,5.0
1583,388,35,2,41998.2,5.1
1584,2083,13,5,62506.72,0.6
1585,501,81,4,53265.42,1.0
1586,144,116,5,53588.13,17.6
1587,1266,128,4,42705.17,22.9
1588,1132,27,5,56322.23,15.1
1589,448,52,3,4236.8,21.7
1590,718,92,1,52765.76,26.2
1591,1230,4,2,56880.88,33.0
1592,2560,10,2,51657.36,22.3
1593,1918,100,1,46957.88,6.6
1594,1312,19,-3,59811.42,24.5
1595,2187,119,-2,41185.93,7.9
1596,2329,53,4,24651.67,30.1
1597,19,121,3,11892.44,4.7
1598,319,121,1,14609.19,16.2
1599,560,144,2,60138.03,2.4
1600,1819,82,3,43633.77,30.1
1601,53,54,4,12858.02,4.4
1602,2446,121,2,15683.66,35.2
1603,1155,148,4,38713.71,3.8
1604,1854,92,3,56007.37,32.3
1605,2123,137,3,48717.83,33.7
1606,2897,29,3,59938.65,4.1
1607,1952,64,5,45615.06,18.4
1608,152,95,4,32232.53,21.3
1609,2065,54,5,16574.0,28.1
1610,2086,110,3,15288.87,15.1
1611,2214,148,3,27630.48,5.5
1612,1389,20,3,10610.86,37.5
1613,2194,140,2,12855.82,39.8
1614,1901,23,5,41346.63,6.4
1615,2589,97,4,17538.3,16.7
1616,884,121,5,11205.63,18.8
1617,2847,48,1,53922.71,36.7
1618,2966,147,1,54012.73,7.0
1619,2091,1,4,8657.92,23.2
1620,2056,93,3,54955.89,24.5
1621,980,22,1,8623.31,16.1
1622,650,130,4,25979.25,34.8
1623,2374,140,3,20538.99,31.7
1624,571,24,3,49587.13,34.0
1625,1581,75,2,6668.78,27.4
1626,2205,45,5,6350.18,17.6
1627,2621,75,2,5179.65,8.1
1628,1587,11,2,27461.63,6.1
1629,850,104,1,7081.22,31.3
1630,331,24,2,56280.86,8.9
1631,390,16,1,38222.13,15.0
1632,589,135,3,29447.06,0.1
1633,1550,39,5,23895.28,116.3
1634,150,98,4,49501.91,31.6
1635,26,76,1,58702.1,24.5
1636,2598,28,4,74195.27,12.5
1637,1593,126,3,35549.45,37.2
1638,312,111,2,18598.86,35.9
1639,1420,69,1,75710.18,25.7
1640,703,133,2,32921.7,39.6
1641,1744,112,3,25525.23,8.9
1642,331,66,3,62624.28,2.6
1643,2263,43,5,47321.94,31.3
1644,2249,19,2,46767.94,40.0
1645,1805,101,1,43481.56,24.3
1646,1342,15,2,6284.83,30.0
1647,2461,76,2,53386.32,6.8
1648,1993,65,2,49337.56,9.2
1649,2782,60,4,54755.76,23.4
1650,2303,92,1,55332.97,20.9
1651,1178,143,2,48930.03,1.9
1652,235,70,5,29023.45,13.4
1653,2282,33,4,348.66,24.6
1654,1928,147,5,48434.51,5.0
1655,41,8,3,11604.46,35.6
1656,2171,102,4,19699.78,31.2
1657,21,114,4,56674.87,11.7
1658,425,38,1,48311.86,20.7
1659,1457,34,0,57924.25,8.6
1660,1648,5,5,3593.32,39.0
1661,1764,108,5,28984.2,29.6
1662,2144,18,2,51414.96,2.7
1663,1097,41,5,41599.63,0.5
1664,1466,62,2,14499.45,15.9
1665,1417,49,5,56207.22,11.6
1666,1041,126,3,40420.29,29.1
1667,1842,119,5,35648.6,39.3
1668,1270,94,4,63060.3,19.2
1669,386,9,-3,47178.54,36.3
1670,2988,149,1,34477.95,11.7
1671,1286,110,3,20689.07,34.2
1672,2805,129,5,3534.59,2.7
1673,2361,26,5,24844.89,9.9
1674,1081,138,4,55149.77,16.8
1675,596,99,4,52096.22,2.7
1676,2404,31,4,27814.89,33.9
1677,675,67,5,54354.2,1.0
1678,2850,90,5,72351.5,7.7
1679,1140,55,4,21387.05,14.7
1680,2020,32,5,21692.03,28.4
1681,1252,1,3,5596.41,16.4
1682,504,14,3,51402.07,30.7
1683,1684,135,2,36889.8,35.9
1684,1858,53,3,25870.26,23.0
1685,1536,30,5,36973.66,16.4
1686,1130,115,3,26630.54,33.5
1687,2978,63,4,61531.57,33.6
1688,2851,37,5,25825.05,32.3
1689,799,103,1,20961.04,28.0
1690,647,90,1,62687.76,36.0
1691,2025,120,0,54982.27,4.4
1692,2895,120,4,47849.58,0.4
1693,731,118,5,58363.68,8.4
1694,2947,105,2,54198.15,35.4
1695,1278,64,4,48775.13,23.0
1696,1725,70,2,28426.92,11.3
1697,2099,41,1,48680.29,0.9
1698,2909,90,2,51613.56,10.3
1699,1931,58,2,49376.35,2.2
1700,1799,112,0,25036.97,9.4
1701,2570,30,4,35328.92,13.4
1702,2051,112,4,31463.35,22.2
1703,2128,9,4,53306.05,15.1
1704,2677,144,3,55386.6,16.4
1705,46,90,-4,71972.08,6.3
1706,1633,137,3,58545.53,7.6
1707,2862,140,2,17592.49,15.9
1708,1285,111,4,15459.4,13.8
1709,2406,115,3,26191.62,19.0
1710,893,18,2,60910.93,30.6
1711,2171,6,5,56725.95,6.4
1712,366,102,4,19157.57,28.0
1713,1017,39,2,32845.2,36.1
1714,2771,131,1,29809.81,4.3
1715,2521,143,1,51984.42,35.2
1716,1238,142,1,69165.32,20.6
1717,1023,3,5,70878.82,21.7
1718,1351,131,1,28861.95,11.3
1719,137,142,1,74507.69,13.6
1720,1398,133,4,38770.86,1.5
1721,967,18,4,42234.3,35.6
1722,1191,111,4,24541.41,4.6
1723,1421,145,2,39403.49,18.3
1724,2294,68,3,31282.53,15.6
1725,1003,58,3,48944.52,38.7
1726,492,108,4,26674.57,25.3
1727,2354,89,3,54671.64,27.0
1728,1630,70,5,22248.28,28.3
1729,534,33,1,339.63,10.8
1730,2004,99,2,50093.19,26.8
1731,1488,126,5,30606.16,0.5
1732,2362,63,1,45882.86,25.3
1733,2767,122,3,33748.6,5.0
1734,1570,96,2,50565.43,23.9
1735,1785,42,4,20760.25,7.0
1736,503,137,5,50409.52,38.6
1737,2298,9,2,36573.81,34.4
1738,110,108,3,23129.16,5.3
1739,1173,69,3,66296.83,39.8
1740,1011,19,2,38862.68,28.0
1741,2716,110,5,23905.31,16.9
1742,1928,124,2,10868.01,3.9
1743,7,142,3,55700.91,22.3
1744,2632,140,4,16433.41,25.8
1745,1158,37,2,22857.02,5.2
1746,2018,123,2,58854.58,17.8
1747,437,134,3,6368.32,37.0
1748,143,59,2,53841.77,15.8
1749,2071,77,1,619.82,11.4
1750,2835,144,5,51472.0,30.1
1751,2874,63,2,54899.48,25.8
1752,1300,80,4,19077.56,19.0
1753,1824,116,1,63086.95,20.7
1754,322,58,3,72392.55,25.5
1755,2885,17,5,13944.83,9.2
1756,212,23,4,46464.38,16.9
1757,2390,98,3,52774.6,37.7
1758,2336,22,5,10725.24,34.6
1759,2942,32,1,17238.62,20.2
1760,237,102,1,18172.81,13.6
1761,176,145,4,42706.05,26.8
1762,33,1,3,8111.6,7.3
1763,2759,76,5,72202.68,28.2
1764,2115,51,3,5253.28,18.6
1765,2673,56,3,47987.79,13.1
1766,2767,115,4,26018.94,28.9
1767,1372,137,3,68798.68,0.4
1768,2455,24,4,51329.62,35.8
1769,123,106,5,26059.0,10.6
1770,1689,128,3,55358.34,35.9
1771,698,75,3,6162.08,32.4
1772,894,40,2,50823.52,36.7
1773,1485,84,4,5885.25,0.4
1774,227,128,2,40236.57,18.5
1775,1701,19,4,42568.36,25.6
1776,2746,61,5,53299.16,36.7
1777,1048,58,1,63803.45,24.2
1778,1643,56,1,50631.22,5.8
1779,221,92,4,53929.64,18.5
1780,2918,15,5,7493.14,26.2
1781,801,122,2,37528.3,6.4
1782,2440,82,5,39535.72,27.9
1783,2428,150,1,9426.32,27.7
1784,2464,25,5,39587.74,19.1
1785,1013,56,1,46240.21,20.4
1786,1724,6,2,43751.73,21.4
1787,343,35,1,38263.87,25.0
1788,1447,106,4,36558.76,14.6
1789,902,95,2,38183.29,19.6
1790,1791,50,2,48377.14,34.8
1791,965,92,5,60441.26,19.9
1792,1437,105,2,49892.38,34.0
1793,2769,93,4,56336.76,9.8
1794,504,141,1,58019.01,21.6
1795,1437,7,3,67985.72,12.8
1796,3464,143,4,60729.82,38.6
1797,2410,55,5,21290.03,33.2
1798,1354,63,2,61075.42,11.1
1799,814,123,2,62525.5,27.7
1800,469,20,2,10768.97,22.0
1801,1283,13,2,52449.38,12.8
1802,535,107,4,31019.52,17.1
1803,2407,125,4,10970.34,30.0
1804,2485,143,3,41074.87,15.6
1805,2645,136,5,7236.73,29.9
1806,2682,93,2,60258.22,21.4
1807,2961,100,4,31691.53,7.2
1808,1980,72,2,30959.69,11.0
1809,298,21,5,82284.52,14.9
1810,905,33,5,323.27,36.7
1811,3147,90,4,74347.89,14.6
1812,276,147,3,38441.56,5.0
1813,423,35,2,29110.0,2.2
1814,970,52,2,3253.65,37.8
1815,2398,139,4,30769.0,7.4
1816,1,135,4,32892.94,18.8
1817,2874,122,4,41339.39,1.9
1818,2380,132,4,37257.57,22.8
1819,2062,84,1,6998.58,27.4
1820,2711,12,2,51584.2,24.4
1821,112,21,4,52305.11,27.6
1822,1838,133,3,29259.17,24.8
1823,1743,128,4,38974.86,22.0
1824,1812,43,3,46947.61,23.6
1825,2747,9,5,53910.84,28.5
1826,10,94,4,46544.43,5.7
1827,1520,9,1,49418.45,34.1
1828,745,17,5,19442.04,9.7
1829,751,124,5,11942.17,22.8
1830,458,74,5,43627.08,18.9
1831,3454,110,5,21288.08,14.9
1832,1069,129,4,2812.28,37.2
1833,2195,102,4,20694.76,19.2
1834,1458,115,3,27230.35,12.7
1835,1811,124,2,12114.46,1.6
1836,2184,129,1,3357.02,32.2
1837,1404,125,3,11257.59,1.9
1838,468,5,1,4973.8,29.4
1839,1003,30,1,30871.28,30.7
1840,2602,94,4,57972.04,0.7
1841,1460,12,3,41303.85,38.0
1842,2565,123,5,46402.12,26.0
1843,2556,62,3,12713.56,26.0
1844,2777,58,4,69984.03,11.7
1845,1487,84,1,6554.5,8.8
1846,1216,48,5,49777.28,16.1
1847,167,9,2,38660.68,22.0
1848,2967,141,5,56145.14,25.3
1849,42,148,4,31252.43,37.8
1850,57,129,4,4022.99,36.4
1851,942,140,5,15188.46,3.8
1852,1334,67,4,63207.88,9.3
1853,1728,28,4,50810.48,6.9
1854,2393,91,5,60585.37,14.6
1855,2653,130,4,33012.78,26.1
1856,2032,25,1,52258.13,37.5
1857,1035,115,4,19173.68,10.5
1858,1071,73,5,70690.84,36.1
1859,2984,95,5,36117.45,8.8
1860,183,66,4,66946.16,24.1
1861,1820,64,3,41880.47,6.9
1862,2888,125,1,10050.44,30.5
1863,1784,32,2,19044.93,13.7
1864,1763,40,2,63607.07,34.5
1865,37,148,3,35913.78,25.1
1866,1390,2,5,66374.93,36.2
1867,705,4,4,53196.32,8.2
1868,2690,55,1,21735.0,16.3
1869,634,105,4,45229.1,11.7
1870,2076,131,5,43498.74,15.4
1871,1876,76,2,63560.77,24.3
1872,1709,126,4,32206.09,29.1
1873,1068,2,3,84927.47,35.9
1874,765,9,4,37215.4,31.1
1875,2445,4,3,50627.63,27.2
1876,2680,82,1,43480.59,16.1
1877,3128,109,1,10178.97,8.9
1878,2518,94,1,66540.96,35.4
1879,2229,25,2,40293.52,12.7
1880,1547,110,4,14918.59,15.2
1881,579,106,2,39074.75,38.1
1882,593,87,5,22163.87,38.3
1883,1003,87,4,21348.64,11.6
1884,2514,149,1,42742.91,35.4
1885,2506,123,2,64428.99,15.8
1886,2185,55,1,20996.85,32.4
1887,172,114,4,83864.99,27.4
1888,810,149,-5,32851.6,6.2
1889,2724,101,1,35879.66,39.4
1890,2104,84,4,6894.72,33.7
1891,690,119,1,39892.45,6.1
1892,554,148,2,32488.38,1.5
1893,2769,64,3,41038.05,11.7
1894,1646,80,3,18631.22,19.0
1895,712,70,2,26896.74,33.4
1896,1473,94,3,58462.9,9.8
1897,2048,119,5,56313.96,4.6
1898,319,59,0,55137.07,7.7
1899,1536,108,-3,29256.74,12.5
1900,2774,52,2,4286.9,37.4
1901,1570,14,2,50507.14,11.1
1902,929,60,1,45025.77,38.1
1903,3244,22,1,10645.71,12.7
1904,1370,29,5,54600.74,23.9
1905,3425,86,4,58901.23,14.3
1906,1495,95,4,32760.82,4.4
1907,2886,48,5,64602.66,39.8
1908,1735,6,5,44053.72,35.3
1909,2721,78,3,50231.18,7.7
1910,2795,127,3,62715.57,12.6
1911,2558,135,1,34563.33,34.5
1912,1300,30,3,25993.52,6.3
1913,1493,79,4,49034.25,37.4
1914,1925,68,1,24139.05,12.8
1915,220,139,1,37182.52,4.9
1916,2020,104,1,9229.76,8.3
1917,2753,33,5,284.15,38.1
1918,1864,42,2,19434.21,15.2
1919,51,8,1,10708.77,37.2
1920,532,103,4,30563.0,34.1
1921,1148,53,2,20600.15,39.5
1922,1938,82,4,44989.91,36.4
1923,256,109,3,14708.29,3.2
1924,225,58,5,61977.44,28.1
1925,2824,109,2,11704.31,11.5
1926,957,26,3,31940.22,17.2
1927,1180,27,2,52702.28,26.1
1928,1191,109,2,13803.32,0.5
1929,2802,12,5,56583.19,30.0
1930,457,143,5,58535.53,4.3
1931,1140,73,4,57329.25,8.9
1932,2494,121,5,12778.5,17.1
1933,1487,62,4,11006.83,10.2
1934,1941,5,1,3479.46,22.3
1935,74,92,1,41714.85,37.5
1936,2337,40,5,54898.67,15.6
1937,842,45,4,6624.94,23.9
1938,2827,98,4,37599.9,24.5
1939,2688,14,2,43957.26,38.4
1940,2387,86,5,64528.88,6.4
1941,1349,100,2,39857.31,28.3
1942,1757,32,4,21577.56,10.4
1943,2035,127,2,48722.89,28.0
1944,415,80,1,22115.79,17.6
1945,459,95,4,43871.43,11.5
1946,2714,85,2,88996.21,13.2
1947,9,148,5,31054.39,38.7
1948,2751,47,4,29046.31,8.9
1949,2790,19,2,41215.89,4.1
1950,2686,54,1,10486.13,37.8
1951,1066,104,3,9573.52,32.5
1952,699,55,2,18050.02,36.3
1953,2146,83,4,21779.08,30.6
1954,430,64,5,39672.19,17.6
1955,695,32,1,19421.73,22.2
1956,2113,2,5,74914.04,4.3
1957,2226,78,5,42992.81,32.2
1958,2614,72,4,43758.39,21.7
1959,1825,16,5,37516.39,33.7
1960,2000,4,2,41999.14,37.7
1961,1081,142,1,70943.3,22.2
1962,952,133,1,43367.95,36.4
1963,2267,43,5,64300.3,18.6
1964,1208,26,2,24006.7,30.9
1965,2022,16,4,37072.88,3.6
1966,2944,111,1,21967.12,13.5
1967,2008,53,2,25688.67,19.5
1968,35,56,-2,40521.94,21.5
1969,60,74,3,43737.29,5.8
1970,1108,115,3,29416.0,10.8
1971,1316,16,3,39132.89,24.2
1972,1576,113,1,15089.6,39.5
1973,141,89,-5,46254.99,27.8
1974,3276,26,4,27142.93,37.4
1975,1338,115,5,29706.36,17.9
1976,1289,67,3,41152.65,36.8
1977,1720,124,-3,11611.38,1.9
1978,1295,63,1,39139.29,34.6
1979,1430,138,-4,36841.36,10.2
1980,1472,80,1,20155.89,35.6
1981,1689,66,3,74805.22,31.7
1982,1806,90,-4,56039.99,22.1
1983,1624,109,4,10175.26,7.7
1984,1358,21,5,54674.31,4.3
1985,2791,96,1,42251.16,0.9
1986,89,113,1,16764.71,25.3
1987,1984,100,1,47452.06,35.7
1988,1014,32,4,23299.84,12.3
1989,1041,75,5,4871.49,37.9
1990,738,65,1,51219.25,7.4
1991,361,62,2,16266.3,27.2
1992,2440,41,4,44867.08,23.0
1993,1227,136,5,8555.17,0.2
1994,2230,66,2,76281.92,6.2
1995,2061,127,4,59007.54,26.6
1996,1044,147,2,43706.22,9.9
1997,2306,26,4,30778.81,21.5
1998,1875,111,4,19334.43,3.3
1999,1495,42,3,23694.02,25.9
2000,2374,128,1,55656.24,30.1
2001,108,96,4,62604.48,35.6
2002,1703,125,3,8776.14,19.1
2003,455,70,4,18573.36,37.0
2004,75,22,3,9087.7,25.6
2005,2205,83,3,17984.94,25.2
2006,1095,141,3,42364.56,26.2
2007,2758,105,3,47498.74,0.1
2008,2316,88,1,62101.89,37.1
2009,2895,37,5,27436.69,22.3
2010,2381,70,2,27914.49,17.1
2011,1736,139,2,30981.2,35.0
2012,2458,74,3,30248.24,24.1
2013,1454,58,4,60781.74,11.1
2014,2312,17,4,17845.41,23.3
2015,1929,45,2,6821.21,24.3
2016,2172,16,5,34324.71,26.8
2017,884,79,-5,46303.38,30.8
2018,1771,147,2,52065.24,11.3
2019,1554,148,5,35459.66,27.8
2020,1077,11,1,29825.59,39.7
2021,1464,90,1,53642.84,7.5
2022,244,95,4,42948.04,25.9
2023,1189,49,2,68293.25,34.5
2024,652,136,4,7146.23,9.7
2025,1330,14,1,51592.8,35.0
2026,325,117,1,71183.37,38.0
2027,1739,114,2,72691.98,25.3
2028,1008,120,5,49021.43,19.5
2029,2728,135,3,34158.37,6.9
2030,679,130,3,31062.14,36.8
2031,1815,98,2,48939.62,38.3
2032,1154,26,4,29366.39,2.0
2033,318,3,1,62628.45,31.0
2034,1018,117,2,53967.6,36.9
2035,1465,82,5,29417.8,2.5
2036,2947,83,3,18453.38,38.2
2037,236,12,1,58757.15,11.0
2038,1848,93,1,59132.0,0.3
2039,2869,114,2,59265.62,32.5
2040,24,26,3,28311.94,3.1
2041,648,41,0,48074.09,3.1
2042,2837,110,1,23530.46,34.2
2043,1399,139,3,44335.24,33.2
2044,134,78,1,44603.95,36.9
2045,1344,105,2,43436.35,7.6
2046,2026,125,4,11816.87,36.5
2047,614,82,1,37541.64,12.4
2048,1585,68,5,32416.15,29.2
2049,434,133,4,29276.45,22.5
2050,228,95,1,50094.41,26.8
2051,2008,11,4,34899.23,34.0
2052,1110,75,3,4379.85,5.5
2053,594,104,1,7765.97,13.9
2054,508,59,5,47408.31,35.3
2055,2529,114,2,53616.17,22.5
2056,23,114,5,84596.7,1.8
2057,901,110,4,18193.26,23.8
2058,1684,27,3,71255.43,31.3
2059,2025,111,4,15352.36,28.4
2060,3461,115,5,28708.86,39.0
2061,2169,110,4,23478.07,19.5
2062,653,46,2,52320.67,10.4
2063,619,29,4,48542.54,24.9
2064,1900,72,1,40343.69,4.1
2065,2429,150,3,9814.73,30.9
2066,2210,8,2,10885.3,5.2
2067,60,144,2,59771.25,1.5
2068,2659,44,4,33635.64,9.1
2069,1441,28,4,56517.98,3.1
2070,2346,104,3,9203.54,34.9
2071,223,34,2,57679.77,19.5
2072,2535,38,3,53550.15,39.8
2073,1099,5,5,4594.22,8.2
2074,2290,128,5,57173.83,11.5
2075,209,2,3,68744.39,39.7
2076,2915,145,1,33907.11,2.5
2077,2663,107,5,30532.08,25.1
2078,2316,63,5,49731.81,18.7
2079,1290,142,1,73969.4,19.5
2080,1866,109,0,10940.71,37.8
2081,205,31,5,39480.39,19.6
2082,2221,131,5,41975.87,1.0
2083,1334,1,3,7157.35,14.8
2084,299,82,1,44338.9,10.1
2085,2265,131,-3,36594.05,8.3
2086,494,136,1,7608.98,3.7
2087,2922,1,1,7328.49,14.9
2088,872,56,2,46758.05,5.8
2089,2392,68,5,29299.07,1.7
2090,730,53,4,24306.12,7.9
2091,610,78,1,56055.62,33.8
2092,1282,138,1,58087.23,15.6
2093,1219,54,3,16415.18,26.3
2094,2839,72,4,33285.04,1.3
2095,446,76,2,57600.04,4.3
2096,1962,106,2,37001.8,5.1
2097,861,62,5,15925.59,4.1
2098,3075,84,2,4472.52,1.0
2099,2238,112,4,31658.2,32.5
2100,657,119,5,41800.06,8.1
2101,1989,50,5,64455.31,5.9
2102,2312,118,5,54050.95,6.8
2103,2816,120,5,55262.8,4.2
2104,2688,106,4,37920.98,27.4
2105,1736,140,-4,20508.14,35.4
2106,2790,135,2,26083.18,29.1
2107,2753,69,5,63764.44,31.0
2108,643,74,5,28611.2,24.2
2109,2284,16,0,35174.79,21.8
2110,1059,66,4,76630.75,32.8
2111,2188,64,4,34109.67,15.1
2112,2599,35,2,32392.49,39.8
2113,1731,107,3,36284.87,23.1
2114,2623,7,-5,61653.09,17.8
2115,1370,62,2,13426.77,21.0
2116,329,86,3,69985.48,3.9
2117,2927,20,2,10424.93,19.1
2118,1107,124,3,10614.61,7.9
2119,652,116,1,54081.47,19.1
2120,1266,4,4,65978.75,16.0
2121,1361,114,4,67100.36,24.0
2122,1297,110,2,18033.1,34.2
2123,1729,103,5,26987.71,39.8
2124,1721,121,1,15357.19,12.6
2125,2117,42,2,24394.96,21.0
2126,832,138,5,50779.37,14.3
2127,2053,108,4,23900.94,2.4
2128,1101,142,3,50178.23,3.2
2129,660,106,0,27007.75,16.0
2130,1753,106,4,38271.41,32.0
2131,149,146,-1,9962.18,17.2
2132,1324,80,3,18426.93,2.2
2133,1101,103,4,22669.82,26.0
2134,2649,81,2,42819.22,22.8
2135,809,15,2,6351.86,15.9
2136,2333,28,4,48376.18,26.7
2137,484,127,-3,46081.36,1.3
2138,605,118,3,86610.57,25.9
2139,575,111,3,21741.89,7.7
2140,1079,21,-4,54427.94,28.0
2141,2251,138,3,52022.15,22.4
2142,768,16,1,30643.81,6.5
2143,675,59,1,38243.12,29.1
2144,2569,35,4,35968.74,25.7
2145,2940,38,3,66265.71,17.1
2146,2636,73,1,68175.14,18.9
2147,2607,101,5,47007.5,31.6
2148,1212,27,1,67454.99,31.7
2149,2444,147,3,43112.57,20.3
2150,1554,67,2,43064.96,20.2
2151,207,47,5,26164.54,14.5
2152,1482,136,2,7982.36,35.7
2153,604,58,3,55106.44,18.7
2154,1698,56,2,32356.19,11.7
2155,2687,69,-5,79451.48,39.9
2156,2143,42,1,19964.79,12.3
2157,2093,21,3,62252.15,20.2
2158,1867,14,3,46056.29,24.9
2159,2616,103,4,33358.49,16.2
2160,829,34,4,49019.49,19.8
2161,2012,11,5,33662.81,25.6
2162,2043,127,2,61870.2,24.8
2163,800,100,1,41400.61,11.1
2164,2402,140,5,18278.86,28.7
2165,1638,38,1,70833.99,14.1
2166,1285,43,3,52118.95,33.2
2167,1480,85,2,79922.6,25.9
2168,292,55,4,23343.21,2.5
2169,1904,98,1,41540.06,32.1
2170,2165,109,5,11207.96,32.7
2171,1901,15,3,7178.24,13.0
2172,2662,108,5,23990.19,8.6
2173,2450,54,5,11261.07,33.1
2174,2040,74,4,38443.05,36.4
2175,797,23,3,34964.72,31.7
2176,2689,7,4,59109.97,12.4
2177,2494,69,1,77891.76,26.4
2178,2670,99,3,47929.85,0.3
2179,578,127,1,55868.5,36.9
2180,1358,2,1,75933.54,21.7
2181,486,8,1,16433.25,5.2
2182,432,71,3,42391.08,3.1
2183,1881,97,1,19300.71,10.8
2184,3042,1,4,9084.7,15.1
2185,2632,102,4,20043.83,23.5
2186,343,16,4,31935.85,31.7
2187,999,14,3,48838.08,28.1
2188,2607,6,1,61657.46,13.4
2189,901,4,3,50109.81,38.0
2190,1712,39,1,29626.23,15.1
2191,457,13,1,55458.61,17.3
2192,2361,16,1,30792.11,25.6
2193,1765,52,5,2805.02,1.3
2194,200,141,5,46786.25,5.9
2195,897,5,4,4385.09,18.8
2196,2068,40,2,48379.91,39.4
2197,1765,46,3,49704.41,27.8
2198,147,146,1,9182.23,32.6
2199,474,50,2,74335.51,29.1
2200,1565,115,5,26999.84,21.4
2201,1204,104,5,7069.89,32.4
2202,327,108,1,32131.15,6.7
2203,434,96,4,64174.12,21.5
2204,2678,17,5,16010.78,15.2
2205,1130,113,3,14882.54,23.9
2206,2238,17,5,15713.32,36.3
2207,382,19,2,53213.49,23.9
2208,1745,13,5,61235.23,11.7
2209,2617,110,4,23008.11,18.7
2210,669,1,4,7032.43,13.7
2211,2271,40,1,49019.68,19.4
2212,1321,124,1,8567.98,3.3
2213,1695,24,5,56680.0,30.9
2214,2596,120,1,56903.73,33.7
2215,742,93,5,49022.95,34.4
2216,1075,35,4,42257.87,30.4
2217,1254,43,2,50620.47,14.4
2218,1140,66,2,65193.1,0.2
2219,1389,123,3,57527.23,14.8
2220,2236,93,2,76036.06,18.8
2221,2498,127,4,50206.24,12.8
2222,603,72,2,30920.73,14.0
2223,1772,84,2,7035.53,35.5
2224,3364,67,3,61417.19,1.8
2225,700,75,5,4248.83,14.6
2226,737,148,-4,28248.89,30.1
2227,2076,119,-4,50875.74,14.1
2228,1713,37,1,31203.51,14.9
2229,811,35,4,36511.54,8.6
2230,1170,114,3,68022.9,21.8
2231,1998,23,4,38351.83,18.9
2232,2828,86,2,54007.0,29.5
2233,615,58,5,75794.67,18.1
2234,2643,125,4,12821.23,4.6
2235,634,44,5,25341.14,31.4
2236,2772,69,2,77589.75,15.5
2237,308,144,4,63680.02,22.8
2238,2453,68,1,27729.24,21.2
2239,578,19,5,47364.58,0.6
2240,1529,127,1,65508.59,26.0
2241,2452,86,4,65973.3,1.4
2242,301,36,2,8518.2,23.3
2243,3495,141,5,56647.01,21.0
2244,1886,26,2,23514.74,16.0
2245,2095,8,3,13616.32,11.4
2246,1999,35,2,38887.83,28.6
2247,1707,55,2,25694.27,23.5
2248,1247,60,3,55573.0,23.7
2249,1350,97,3,16988.93,22.2
2250,2153,121,2,12993.79,27.7
2251,1583,92,4,52498.74,2.3
2252,296,126,4,35249.48,7.1
2253,1290,135,1,33760.24,24.4
2254,100,67,3,42690.96,35.1
2255,422,3,2,66161.28,38.9
2256,2699,47,1,32841.72,6.8
2257,308,56,1,44005.86,26.1
2258,2445,80,3,15197.73,34.6
2259,1907,127,4,47454.94,11.3
2260,2259,2,2,68637.85,14.0
2261,112,29,2,63411.42,2.7
2262,1115,97,4,20459.59,14.5
2263,1385,26,-2,22558.26,8.1
2264,614,76,4,75119.52,8.1
2265,1700,87,5,23936.96,9.0
2266,1483,124,2,9064.55,34.9
2267,3408,142,4,57802.44,14.4
2268,2128,62,3,14826.53,33.2
2269,2594,95,3,48173.11,28.7
2270,1178,42,5,19786.72,23.9
2271,389,97,1,20778.95,24.2
2272,2433,29,3,60824.04,4.8
2273,662,100,4,46225.06,0.8
2274,2653,41,5,42592.54,7.9
2275,1741,138,5,55620.6,31.4
2276,15,66,5,74683.52,1.2
2277,1391,59,4,43776.65,11.7
2278,1922,30,5,35244.96,13.5
2279,2378,95,5,38056.85,25.1
2280,2945,150,4,7924.58,36.5
2281,2818,36,2,10327.31,38.2
2282,654,67,5,47928.2,26.6
2283,812,108,3,21444.63,17.1
2284,1375,83,2,21970.32,10.2
2285,765,140,5,13023.61,19.7
2286,1591,64,4,49291.66,22.0
2287,1826,49,2,70087.64,16.2
2288,2225,42,4,28801.95,17.4
2289,1568,73,4,54490.73,15.0
2290,1567,44,1,27952.25,2.3
2291,1253,64,5,45749.42,18.7
2292,699,132,1,32506.51,13.4
2293,2166,40,3,50137.01,37.6
2294,1677,87,1,31791.54,34.4
2295,145,90,2,56531.61,35.3
2296,62,111,1,19953.08,32.5
2297,1186,5,4,3525.73,16.1
2298,267,149,1,50362.92,33.8
2299,144,91,3,61806.82,13.9
2300,1788,30,2,38420.29,18.8
2301,477,82,3,42555.14,12.6
2302,2307,97,4,14277.95,8.7
2303,2004,11,5,28897.02,1.6
2304,2799,28,3,74641.14,7.6
2305,2671,60,5,45914.92,32.4
2306,1768,9,1,52863.47,0.3
2307,974,110,4,21861.4,18.5
2308,309,135,2,40953.97,34.4
2309,1792,144,1,48536.16,11.5
2310,104,114,4,58995.37,30.0
2311,1150,83,4,22180.09,37.5
2312,1624,132,5,34159.32,18.9
2313,3445,134,3,7469.11,5.0
2314,2078,27,-4,62451.39,1.9
2315,281,131,1,40347.61,11.3
2316,757,143,2,51777.49,10.5
2317,2233,118,4,60397.66,22.6
2318,779,116,2,74687.56,29.8
2319,2663,59,5,37147.4,22.7
2320,2008,106,2,28728.69,27.6
2321,834,60,4,66596.49,6.5
2322,2288,27,3,67307.89,23.2
2323,1021,9,1,52861.71,16.3
2324,1274,19,4,60287.5,0.5
2325,59,121,3,12155.42,13.5
2326,1710,124,2,10334.38,17.8
2327,2213,85,5,85853.81,2.3
2328,753,115,5,25630.63,13.9
2329,1728,133,2,38914.01,1.7
2330,2096,107,1,32431.11,26.9
2331,947,14,4,53437.86,27.2
2332,347,71,1,52154.85,39.8
2333,650,10,2,57463.31,21.9
2334,762,55,5,25190.9,28.1
2335,533,116,-4,61096.73,30.3
2336,1360,17,4,18833.5,2.0
2337,305,106,3,34054.34,16.6
2338,1011,122,3,37410.42,34.4
2339,1974,116,4,61772.74,5.5
2340,2069,60,5,52946.81,20.5
2341,1279,139,2,47318.43,39.6
2342,1094,84,3,4408.87,25.6
2343,2118,45,5,7800.07,36.5
2344,960,113,2,15752.76,0.1
2345,2975,8,4,12283.04,17.5
2346,40,132,3,37361.67,21.0
2347,2432,119,1,55175.49,29.9
2348,2779,21,5,59472.51,18.8
2349,1471,11,4,26852.09,12.8
2350,2600,39,1,29301.93,26.8
2351,1616,16,3,40867.33,20.9
2352,1163,30,-4,25325.0,17.3
2353,2761,18,2,56478.55,16.2
2354,1196,96,4,50454.42,3.4
2355,1586,116,3,57153.7,15.7
2356,1100,47,3,28050.24,21.9
2357,2886,112,4,27346.99,31.3
2358,473,132,3,33063.43,4.3
2359,914,79,3,40537.63,29.7
2360,988,116,2,65708.38,24.3
2361,2818,75,1,4914.27,7.9
2362,1354,113,5,14968.56,7.4
2363,2282,125,2,9235.67,37.6
2364,812,114,3,75362.18,11.4
2365,1980,98,5,55213.18,27.7
2366,544,70,4,28247.45,23.6
2367,1850,150,2,10529.84,13.4
2368,2205,72,2,42346.88,5.5
2369,2341,72,2,43267.98,10.8
2370,2074,150,1,8092.66,17.0
2371,1217,32,2,22816.54,29.0
2372,2814,73,3,65720.39,2.1
2373,1408,39,4,28271.02,10.1
2374,1947,71,4,56764.21,24.5
2375,1564,2,5,61974.71,35.3
2376,2451,30,1,35084.73,21.4
2377,3369,121,1,13548.14,25.0
2378,711,83,4,17412.53,40.0
2379,2771,101,1,48958.98,19.3
2380,1665,113,5,15849.34,9.3
2381,851,137,1,47956.66,32.0
2382,2519,133,1,33708.53,14.7
2383,1854,8,2,15385.57,38.2
2384,2307,87,2,24577.0,6.8
2385,313,46,5,59974.32,20.3
2386,2762,42,3,29062.51,1.0
2387,1747,108,1,29501.19,35.1
2388,1295,35,1,39327.41,4.9
2389,2106,69,2,74161.11,39.0
2390,1968,115,5,27571.41,9.7
2391,2522,80,1,23871.26,31.9
2392,344,107,2,47373.03,36.6
2393,1698,73,2,45553.13,25.5
2394,1007,47,3,31159.61,25.4
2395,1483,73,1,55688.16,2.5
2396,1685,117,4,74497.79,3.0
2397,2102,45,5,8111.87,12.0
2398,869,87,3,32368.14,28.6
2399,2183,109,1,14180.72,3.4
2400,2076,73,4,70698.87,9.8
2401,1898,70,5,25333.99,15.0
2402,568,67,3,41058.02,10.8
2403,244,103,4,29151.22,31.3
2404,896,113,2,11868.28,12.6
2405,2441,65,2,41866.02,10.2
2406,676,54,3,10852.92,18.9
2407,1402,49,1,69069.66,29.2
2408,2551,41,-2,46751.18,14.6
2409,2969,98,5,51390.42,15.4
2410,2238,57,2,21533.5,30.9
2411,2794,90,5,53113.89,17.8
2412,2169,4,5,59554.67,34.8
2413,2124,51,1,3430.56,32.5
2414,2787,134,1,5660.32,13.7
2415,2781,97,1,18030.07,17.9
2416,2080,115,4,22283.99,23.2
2417,142,125,2,10376.37,35.8
2418,1178,54,4,13914.09,10.1
2419,688,11,3,28214.65,0.5
2420,2352,124,5,8097.78,0.0
2421,803,102,2,21344.83,2.9
2422,1035,33,1,346.12,15.7
2423,272,8,5,13492.67,13.7
2424,2897,7,1,62019.72,30.5
2425,309,99,5,45303.07,6.3
2426,2017,76,4,48397.48,10.7
2427,100,76,2,50724.65,8.5
2428,1033,72,1,35020.34,2.5
2429,2013,117,5,69621.98,21.7
2430,2491,7,3,60849.04,33.3
2431,2685,25,3,42309.76,25.5
2432,2210,95,3,40020.63,9.0
2433,1889,82,3,40499.89,39.1
2434,2389,150,2,9938.34,21.2
2435,1289,42,1,21711.37,33.6
2436,102,68,5,31675.44,108.5
2437,1920,90,4,61417.91,31.0
2438,2914,23,2,53458.96,4.2
2439,2600,52,3,2719.28,32.1
2440,923,64,5,47127.88,37.8
2441,2611,4,5,55754.59,3.2
2442,85,78,2,43800.45,27.3
2443,520,24,4,46926.15,4.2
2444,2702,117,4,85234.65,5.1
2445,1983,52,4,4017.57,30.6
2446,2155,111,3,17872.04,9.4
2447,1752,141,2,49274.15,7.4
2448,1556,138,5,48885.39,19.3
2449,2346,96,4,42990.84,39.0
2450,124,26,1,23295.23,25.9
2451,2647,20,1,10803.92,29.1
2452,916,15,4,6816.4,28.7
2453,1481,89,2,50997.95,30.9
2454,2800,149,1,46609.61,30.6
2455,2987,105,-2,52485.55,21.4
2456,2139,56,2,36137.24,16.3
2457,2837,134,5,6287.03,36.8
2458,2873,67,4,42128.1,32.0
2459,85,105,3,49511.97,5.6
2460,2141,124,2,7820.72,16.8
2461,166,143,3,46479.81,5.6
2462,419,48,1,51868.95,33.7
2463,1649,58,3,54487.57,39.0
2464,1916,109,2,11407.07,16.0
2465,1357,30,2,30967.39,18.5
2466,589,142,3,57760.02,25.0
2467,1452,113,3,12584.94,19.4
2468,2121,77,5,598.08,18.2
2469,963,51,3,4162.87,34.9
2470,520,74,5,41019.43,0.6
2471,1018,80,4,16190.77,16.3
2472,2641,149,1,46037.06,31.0
2473,2706,21,5,72459.33,37.6
2474,2294,3,2,69225.65,35.5
2475,1318,99,3,60860.19,0.2
2476,1155,70,-3,23818.67,26.3
2477,2204,41,1,33146.37,3.9
2478,2277,76,5,47320.07,12.9
2479,2274,116,-5,76350.61,22.0
2480,1696,12,-5,65506.18,1.0
2481,2260,131,-2,28355.78,7.8
2482,1628,135,2,36819.27,25.1
2483,781,3,1,62446.91,36.0
2484,682,53,5,27328.73,15.7
2485,1428,18,0,64465.24,31.1
2486,550,43,5,61007.6,6.2
2487,2204,61,2,59618.39,22.4
2488,2215,125,3,12022.54,3.5
2489,941,62,5,12896.72,38.7
2490,1076,103,5,29657.08,17.4
2491,1316,143,-2,50824.78,23.5
2492,2464,15,5,7829.4,22.7
2493,173,48,5,55308.2,3.8
2494,2218,21,5,78393.57,18.9
2495,2114,78,4,49205.21,33.7
2496,754,142,5,76747.83,21.6
2497,2691,48,1,69520.56,14.2
2498,2039,74,3,41668.78,26.3
2499,2857,96,4,63317.47,21.9
2500,55,1,5,5948.49,15.2
2501,1202,74,-1,40311.33,13.8
2502,2666,115,3,28611.29,2.0
2503,1938,125,3,13393.2,18.3
2504,223,137,4,50601.39,1.2
2505,2763,15,4,4934.17,12.3
2506,59,68,2,35701.53,7.8
2507,1953,89,2,45803.35,39.7
2508,2054,123,4,56734.13,5.6
2509,1574,139,4,37341.16,38.7
2510,1642,80,5,23584.77,2.1
2511,1660,68,2,27739.43,20.4
2512,2567,131,-4,33233.67,27.6
2513,2730,99,2,48922.81,36.4
2514,2141,27,1,68327.84,34.2
2515,1335,145,2,34809.31,26.6
2516,622,74,5,28195.35,18.5
2517,443,97,4,16409.11,15.2
2518,11,134,2,5780.07,8.9
2519,1927,65,2,58389.64,19.2
2520,2386,55,4,24125.86,3.6
2521,1882,99,3,51532.1,11.7
2522,2599,82,1,31853.68,22.6
2523,1316,50,2,68545.17,12.7
2524,574,137,3,65913.94,21.5
2525,2348,83,1,17240.98,3.6
2526,1848,54,5,10864.1,23.3
2527,967,67,2,48039.0,27.7
2528,1184,89,4,42699.54,15.3
2529,1106,54,3,12310.47,16.5
2530,631,53,3,18681.73,5.2
2531,1558,1,4,8353.05,11.0
2532,9,47,4,31316.29,29.0
2533,1653,46,5,53285.61,32.5
2534,2954,23,2,39043.73,3.8
2535,1562,130,3,29225.63,12.5
2536,2595,37,2,32091.33,6.2
2537,1309,93,2,70680.26,3.1
2538,70,2,5,62902.57,14.6
2539,211,130,3,31125.83,39.2
2540,1500,92,5,47291.58,21.0
2541,860,145,3,44184.79,22.4
2542,1473,126,2,38332.63,36.3
2543,516,104,1,8277.33,12.2
2544,108,27,-3,64043.62,33.6
2545,2439,10,3,49789.44,23.6
2546,2919,35,2,28702.45,9.6
2547,263,147,1,35892.16,18.8
2548,1009,98,3,50097.12,31.9
2549,2944,38,2,73619.62,32.6
2550,2783,31,2,29468.77,11.9
2551,640,44,1,27310.86,31.0
2552,782,34,5,49514.32,6.4
2553,2625,126,2,35910.22,24.2
2554,1986,106,3,27607.57,11.0
2555,1171,15,5,7580.62,23.8
2556,1487,56,-3,38361.35,25.7
2557,1008,61,2,61852.48,4.9
2558,2966,42,4,24189.86,7.9
2559,1316,140,4,17452.96,29.1
2560,2059,40,4,43298.4,7.4
2561,914,51,1,4535.26,13.0
2562,2464,8,4,12811.98,34.5
2563,174,25,3,53631.94,37.0
2564,1031,95,1,38703.6,22.7
2565,2857,90,4,51671.19,24.5
2566,1881,72,2,28835.72,32.5
2567,849,134,5,6129.13,29.3
2568,1395,63,5,56847.48,22.5
2569,2084,48,4,52079.37,27.9
2570,3003,144,1,56420.6,12.1
2571,1870,73,3,56714.86,10.8
2572,2648,98,1,52475.72,22.9
2573,2706,1,3,8229.15,14.8
2574,1083,27,1,74820.78,14.2
2575,294,37,4,26739.7,20.3
2576,1087,13,5,63961.47,9.9
2577,1184,84,-2,6522.36,34.0
2578,1672,18,2,47238.68,26.6
2579,851,123,2,47801.63,7.6
2580,1373,106,1,33107.98,14.6
2581,764,42,2,31108.79,11.0
2582,1899,16,4,33563.66,16.5
2583,1912,8,1,13305.94,29.3
2584,1188,135,3,37381.04,37.7
2585,1976,79,-1,44209.33,2.8
2586,2962,16,2,33638.2,32.2
2587,127,73,-2,59555.37,11.6
2588,301,16,3,33957.71,1.2
2589,889,23,5,41068.63,1.6
2590,1823,92,3,53178.54,13.8
2591,2322,90,2,54432.77,27.4
2592,2212,100,3,32666.68,28.4
2593,395,66,3,54982.84,1.4
2594,1334,3,4,67918.7,8.6
2595,820,128,2,56835.91,12.9
2596,1255,83,2,21134.02,20.7
2597,2498,110,2,21153.97,32.5
2598,62,150,5,9513.57,33.3
2599,2889,69,1,76693.61,20.2
2600,2558,116,1,75608.06,26.5
2601,2115,134,3,6131.21,23.6
2602,1458,68,3,32024.4,5.9
2603,1963,63,4,51247.72,33.6
2604,341,10,2,42799.21,28.0
2605,775,5,4,4853.8,9.3
2606,273,3,5,63645.02,38.4
2607,2593,92,2,39655.98,39.7
2608,2302,47,4,31630.45,15.5
2609,619,84,2,6448.97,16.0
2610,1715,109,1,14000.48,10.8
2611,2327,47,4,31439.48,30.3
2612,937,53,5,20011.09,1.8
2613,2021,110,3,14883.5,1.1
2614,200,14,1,47416.39,14.4
2615,2069,10,3,43185.72,12.5
2616,1180,18,3,61141.56,1.9
2617,2604,150,1,8996.56,4.7
2618,1272,138,4,40434.09,9.5
2619,1813,72,1,36549.05,17.4
2620,2839,11,4,30347.08,29.5
2621,1452,34,5,60440.8,9.9
2622,811,150,4,6723.62,17.7
2623,1505,53,3,26198.73,9.9
2624,2023,73,2,49355.18,6.8
2625,2930,7,0,52161.14,0.1
2626,23,129,2,2729.98,30.7
2627,101,148,4,32657.23,31.9
2628,346,145,4,29901.86,24.0
2629,1184,103,4,30492.71,27.6
2630,1819,34,1,49120.4,31.7
2631,1563,5,2,4874.28,31.8
2632,583,24,5,63979.04,32.3
2633,2560,148,2,39614.32,11.0
2634,260,137,2,45780.35,16.4
2635,1045,58,2,68305.78,36.2
2636,152,16,4,34855.57,18.7
2637,886,27,2,66371.18,22.9
2638,2432,43,5,56196.04,33.9
2639,2698,21,2,62186.59,19.7
2640,2493,105,1,43066.02,34.9
2641,2057,41,2,43427.96,14.4
2642,2281,85,1,63146.8,11.8
2643,2353,141,5,45364.12,10.2
2644,2469,6,3,53032.87,39.9
2645,1355,58,5,52036.75,3.1
2646,1964,5,5,4286.6,1.7
2647,2033,133,1,33766.91,28.4
2648,978,71,1,54575.95,24.1
2649,1120,23,2,44113.36,4.3
2650,2902,79,-3,33161.24,12.3
2651,820,92,1,57458.6,17.7
2652,1364,86,3,46658.46,19.4
2653,1572,16,4,37201.33,39.9
2654,1038,121,3,13004.8,17.4
2655,1789,107,3,44266.42,31.8
2656,2673,62,5,13278.23,6.5
2657,2030,122,4,28701.94,15.6
2658,353,97,1,15309.31,6.2
2659,829,85,4,86599.32,10.0
2660,1957,123,-3,56858.66,37.6
2661,1412,30,4,38362.85,31.2
2662,1713,92,4,56777.11,8.9
2663,1592,46,3,49883.78,0.6
2664,2090,147,4,38927.22,9.5
2665,695,47,5,31827.94,10.3
2666,1467,130,2,36926.41,28.3
2667,2303,120,5,55924.6,10.9
2668,2961,38,5,74623.46,14.1
2669,2669,69,2,58767.54,26.5
2670,1303,80,2,17756.84,24.6
2671,2194,2,4,64107.42,29.0
2672,2286,12,4,54030.72,33.6
2673,679,79,4,38851.75,22.0
2674,2200,22,4,9000.2,6.3
2675,1941,22,5,8497.53,11.7
2676,309,146,1,9093.04,31.0
2677,2763,102,5,22681.98,29.3
2678,706,20,2,11652.81,25.2
2679,1659,142,1,61671.56,15.7
2680,2126,147,5,41335.9,14.8
2681,620,129,1,2576.25,30.3
2682,1029,88,3,45302.42,30.2
2683,1289,133,2,43358.48,33.1
2684,2473,1,1,7180.55,17.1
2685,480,54,4,10786.5,9.8
2686,1213,42,1,23308.41,9.8
2687,2968,45,1,8503.74,37.9
2688,2441,18,5,47170.39,22.8
2689,174,60,-4,44447.65,26.3
2690,765,11,3,26868.73,12.3
2691,791,102,5,25350.04,39.3
2692,964,108,3,29963.92,12.4
2693,125,104,2,9410.0,34.4
2694,2596,7,1,57131.74,23.2
2695,575,20,2,9334.04,8.5
2696,206,111,4,21048.0,23.0
2697,551,31,1,26664.84,23.7
2698,2441,11,1,27489.95,27.1
2699,1221,126,1,42913.7,2.4
2700,142,61,-1,51102.27,27.3
2701,2134,5,2,3472.39,11.0
2702,1466,127,2,50753.71,4.8
2703,1362,34,4,52710.66,23.9
2704,2546,13,1,60177.01,19.6
2705,2331,33,3,223.22,25.4
2706,2335,7,1,72169.35,4.3
2707,2711,56,-4,50457.71,8.4
2708,802,69,4,80694.03,34.0
2709,1523,51,1,4129.55,30.8
2710,1263,144,5,59971.49,38.8
2711,2441,127,4,44697.38,13.2
2712,2799,104,2,8053.6,33.7
2713,1846,75,5,4401.8,126.1
2714,302,102,4,24723.42,25.0
2715,297,130,3,37492.9,15.1
2716,2847,49,2,69848.42,31.7
2717,586,84,5,6561.35,20.6
2718,2230,12,1,45134.33,30.1
2719,2261,143,3,48881.89,2.5
2720,2258,20,3,13347.5,14.0
2721,59,82,1,29919.85,33.8
2722,138,1,3,5711.54,29.1
2723,554,50,5,68612.34,29.0
2724,1304,84,5,6870.3,14.4
2725,637,145,1,39749.3,24.5
2726,597,66,4,51894.62,34.0
2727,1027,10,3,48742.55,27.1
2728,1590,106,5,40386.32,28.1
2729,3033,43,2,57905.17,16.8
2730,1511,100,2,43043.86,25.9
2731,2069,79,2,32286.58,6.8
2732,1994,68,1,32409.41,27.0
2733,2625,4,5,50659.27,36.1
2734,2150,18,2,50809.02,17.8
2735,2056,126,3,29493.38,2.0
2736,1433,118,5,83613.41,35.0
2737,2261,80,3,20867.5,9.9
2738,1983,51,3,3682.08,19.2
2739,2191,16,1,37382.75,25.7
2740,1288,28,2,66560.42,12.5
2741,456,63,3,40874.88,5.5
2742,248,36,1,8834.81,4.5
2743,1260,48,2,44968.58,27.1
2744,1521,86,5,66342.81,19.1
2745,520,110,3,15302.56,37.4
2746,2123,116,3,68216.67,25.9
2747,1425,4,4,64191.29,15.2
2748,1651,49,4,57391.68,17.7
2749,1158,128,3,43421.82,3.8
2750,1981,3,2,71014.26,37.3
2751,2940,36,5,8498.98,8.5
2752,305,111,5,24754.93,27.1
2753,1993,11,1,33768.99,28.7
2754,451,31,5,31077.52,23.3
2755,1319,95,5,49526.91,12.1
2756,2966,78,5,44602.93,28.5
2757,1827,18,4,60337.22,34.6
2758,2647,118,1,74224.35,19.9
2759,202,16,4,28900.95,24.1
2760,947,114,2,72361.29,2.1
2761,1879,30,5,26398.05,6.8
2762,903,76,4,70641.22,38.9
2763,514,119,2,54688.68,25.6
2764,429,82,3,36498.21,8.5
2765,2593,91,4,46419.97,1.2
2766,250,122,1,39870.72,14.9
2767,81,19,1,49882.53,6.1
2768,719,28,5,66098.07,17.9
2769,1500,88,2,58068.42,19.9
2770,1766,83,4,15306.52,35.2
2771,633,130,-2,34936.46,11.0
2772,2339,104,2,6067.25,2.5
2773,2967,72,4,35694.03,38.0
2774,226,147,2,38752.13,13.7
2775,800,46,1,40155.11,15.9
2776,465,86,5,73806.98,5.1
2777,1083,19,1,40629.44,27.1
2778,2014,104,3,8717.59,5.8
2779,1486,31,4,36303.06,18.9
2780,1671,8,4,12501.16,10.8
2781,730,46,1,39504.93,31.6
2782,690,43,4,43531.92,23.9
2783,789,103,3,27416.95,1.3
2784,2831,121,5,15720.79,20.1
2785,426,17,1,19665.87,37.4
2786,912,94,2,65719.04,13.4
2787,123,102,2,23051.49,24.4
2788,1142,29,2,62697.25,29.7
2789,1914,150,5,7502.02,4.8
2790,318,99,1,59913.31,2.9
2791,1751,94,1,48328.56,31.8
2792,136,43,4,55578.27,13.2
2793,690,61,2,80032.52,26.7
2794,1628,3,3,57508.54,23.7
2795,1610,61,2,55477.96,2.9
2796,2084,87,3,22286.68,18.2
2797,1661,75,2,6625.89,5.7
2798,290,142,4,62273.49,19.6
2799,655,67,3,61572.6,20.8
2800,1774,4,5,54812.02,11.3
2801,797,121,4,14622.46,33.3
2802,1699,134,-5,6004.71,19.3
2803,209,7,2,47527.5,24.6
2804,65,72,1,34954.32,9.4
2805,1085,37,2,30217.76,33.0
2806,2371,45,4,7846.43,24.9
2807,647,128,2,55144.22,30.4
2808,2093,55,-3,18069.81,31.9
2809,2528,89,1,49304.59,36.8
2810,2074,8,5,14220.21,25.0
2811,1793,38,3,78576.55,19.4
2812,2002,60,4,63167.51,4.1
2813,599,82,1,29789.25,7.5
2814,1813,65,1,43911.19,32.6
2815,1729,2,2,72496.71,23.7
2816,817,149,1,41271.45,33.1
2817,2356,104,3,7395.3,39.0
2818,552,1,2,7189.53,28.4
2819,1351,94,4,64047.65,27.8
2820,260,97,4,16544.76,24.8
2821,2446,98,4,55243.67,29.6
2822,1255,147,3,48827.77,9.4
2823,808,65,3,57822.13,6.2
2824,1923,70,3,26372.46,34.3
2825,2645,28,5,71236.05,20.5
2826,2796,148,2,25665.49,18.1
2827,2421,94,5,55621.74,8.2
2828,1223,81,3,43463.65,26.0
2829,2904,76,1,75731.9,24.2
2830,1560,59,2,59003.03,25.1
2831,865,63,5,61094.03,12.1
2832,2341,37,2,30313.26,5.3
2833,2974,66,5,59098.62,20.5
2834,2762,143,1,49081.9,20.6
2835,1513,76,2,63954.58,10.0
2836,889,133,1,42926.77,27.7
2837,412,110,3,22583.72,27.3
2838,2844,61,1,62037.76,19.4
2839,1536,62,2,15869.83,32.6
2840,2716,100,4,42487.01,17.9
2841,365,142,5,61870.17,39.1
2842,2261,116,5,56713.85,38.6
2843,480,37,3,29627.42,39.0
2844,3201,27,3,63394.95,29.3
2845,2470,120,4,48510.27,17.6
2846,2384,76,2,48974.01,2.5
2847,2774,15,3,5489.79,30.2
2848,861,39,4,30163.04,32.9
2849,2195,94,1,57653.51,31.0
2850,2097,101,5,46684.13,25.9
2851,2836,105,4,47115.61,3.1
2852,1791,95,3,48053.93,39.1
2853,196,109,5,13341.96,26.3
2854,965,16,4,36438.98,13.0
2855,2378,53,5,25402.59,12.5
2856,651,19,3,46760.3,1.3
2857,603,80,5,23922.1,10.5
2858,1516,41,4,44170.12,37.1
2859,1892,111,2,18901.14,38.6
2860,2489,126,1,31767.72,26.2
2861,404,73,2,44378.23,11.2
2862,2976,11,1,30230.14,22.5
2863,1302,23,0,49398.16,23.4
2864,384,78,4,46991.14,28.3
2865,986,124,-5,10172.59,36.6
2866,1200,81,5,47604.84,15.3
2867,1007,143,3,52201.38,13.7
2868,2921,75,1,5617.93,8.3
2869,1662,66,3,69002.54,14.6
2870,1191,31,4,40603.55,7.8
2871,958,11,4,41466.5,6.1
2872,2177,41,4,31724.55,26.6
2873,275,136,4,8621.12,4.5
2874,112,140,1,19327.48,36.7
2875,2365,123,2,72206.66,14.2
2876,1466,109,1,11219.39,27.3
2877,1849,48,2,56915.83,15.7
2878,643,60,3,55298.92,9.0
2879,309,67,5,47861.81,26.2
2880,1964,36,4,9982.37,9.4
2881,368,7,4,57305.87,20.8
2882,1311,56,3,49630.49,7.1
2883,2135,148,2,36512.29,13.8
2884,301,1,1,7994.16,36.1
2885,2780,80,3,18069.41,23.8
2886,1501,27,5,74901.57,38.9
2887,2960,116,5,61008.62,31.1
2888,2170,62,1,14330.84,0.2
2889,941,125,1,9236.32,30.1
2890,1400,115,3,21937.85,17.3
2891,2023,110,2,22057.06,7.2
2892,1759,112,5,30478.23,6.6
2893,852,55,5,19774.57,7.1
2894,1630,90,1,63355.05,37.4
2895,2390,146,3,7537.94,14.6
2896,803,116,2,70172.74,11.7
2897,1277,128,5,46249.43,27.1
2898,3061,144,3,56009.02,18.6
2899,1148,87,3,21659.49,24.6
2900,1691,129,3,3211.69,15.1
2901,190,140,3,13177.86,0.3
2902,2078,47,1,29271.45,5.7
2903,3409,42,5,19409.8,4.4
2904,2299,4,3,46208.29,39.2
2905,2018,97,1,14794.98,18.6
2906,376,81,2,54779.82,11.0
2907,985,140,2,15343.89,11.7
2908,2796,18,3,50739.77,30.5
2909,587,35,4,35092.55,5.2
2910,270,141,3,38238.12,30.6
2911,2488,109,4,10797.15,24.4
2912,1289,1,3,6580.11,34.0
2913,2658,69,3,53430.64,20.8
2914,1192,92,3,52050.9,12.0
2915,1206,23,2,51930.18,16.3
2916,1906,141,3,46366.29,12.4
2917,2484,13,4,59387.96,142.0
2918,2373,98,1,47916.46,3.7
2919,462,55,1,24601.78,31.5
2920,2462,81,3,62303.41,38.8
2921,2840,105,2,57428.03,33.6
2922,2308,65,4,49284.79,25.8
2923,45,44,3,33546.85,1.1
2924,1497,99,3,59114.51,28.2
2925,2304,89,4,56431.56,22.7
2926,2426,22,5,8536.09,21.1
2927,2113,23,1,46700.04,31.9
2928,655,54,3,11464.26,25.2
2929,403,38,4,63098.07,9.8
2930,2525,11,1,39573.4,6.9
2931,581,47,3,34554.22,32.6
2932,2473,126,5,35032.58,23.4
2933,141,75,3,6700.31,0.6
2934,2094,76,3,51187.58,28.3
2935,915,25,4,37770.18,1.4
2936,1399,122,3,34703.21,19.9
2937,2133,30,5,28163.89,3.3
2938,2512,125,5,11867.42,7.0
2939,36,14,1,44478.65,32.9
2940,2689,97,3,16337.54,6.1
2941,2852,63,3,59921.19,4.2
2942,1545,139,5,48147.65,32.8
2943,1169,131,5,44940.37,36.5
2944,1799,37,4,25787.43,30.5
2945,1256,33,4,316.02,22.8
2946,1574,84,3,4679.0,27.8
2947,280,75,2,6086.22,20.5
2948,1614,77,1,691.66,35.8
2949,1949,143,1,46025.19,9.0
2950,2045,88,2,45086.99,19.3
2951,1808,32,3,27782.79,4.6
2952,7,53,2,27090.72,11.5
2953,1865,38,3,49441.11,13.8
2954,2764,14,2,54294.56,37.0
2955,2006,117,3,59057.41,21.2
2956,2623,118,5,65400.29,38.8
2957,359,136,3,7500.4,22.3
2958,2892,149,1,43145.44,32.0
2959,2300,31,5,33107.9,25.7
2960,2696,82,3,35102.22,27.1
2961,1822,33,3,308.52,22.6
2962,608,71,1,53792.08,3.2
2963,922,29,2,48888.94,0.2
2964,2040,44,4,27583.25,29.5
2965,555,22,2,11679.06,21.6
2966,320,13,1,47559.15,32.6
2967,1151,75,3,5854.98,15.4
2968,1457,37,5,32013.18,31.0
2969,1462,28,3,59754.13,4.3
2970,1131,76,2,75061.06,4.7
2971,1594,36,4,9115.67,1.3
2972,2202,90,3,65726.7,39.4
2973,1107,116,1,76511.89,32.1
2974,1591,59,2,57380.56,3.1
2975,1944,35,1,31454.84,20.9
2976,2950,23,4,34455.72,14.5
2977,1208,143,2,56610.13,39.8
2978,1612,87,3,33389.38,3.1
2979,1450,14,3,39764.37,37.0
2980,836,113,3,11893.52,15.4
2981,2859,124,4,9612.96,0.5
2982,1374,43,3,59086.12,1.7
2983,604,94,4,48998.51,9.2
2984,2683,102,2,16699.17,20.5
2985,284,28,1,59813.06,9.4
2986,759,24,3,46812.27,0.2
2987,1070,55,4,25447.69,28.1
2988,2176,132,5,29407.85,14.1
2989,920,110,3,17259.88,30.6
2990,2914,124,3,8976.28,25.3
2991,1243,55,2,20636.5,20.6
2992,2753,136,4,6549.29,17.2
2993,1301,60,5,43419.19,21.7
2994,2764,67,1,49186.1,36.1
2995,1161,106,5,32303.29,13.4
2996,84,3,5,70756.4,24.5
2997,2292,125,1,10427.7,1.7
2998,907,6,3,41434.99,38.6
2999,2909,145,3,45188.3,17.1
3000,1588,146,2,9454.03,30.9
3001,164,19,4,61413.36,1.4
3002,115,118,3,56474.97,2.3
3003,959,122,1,28915.12,31.8
3004,2009,80,1,19140.01,16.0
3005,1813,121,1,13083.54,2.5
3006,2768,102,1,20235.79,0.1
3007,1859,11,1,25876.56,36.8
3008,479,44,5,33408.65,37.8
3009,147,32,1,26961.94,36.3
3010,1101,29,4,39576.36,20.7
3011,451,73,1,60819.9,31.1
3012,2289,39,3,31898.31,30.9
3013,1350,130,1,33227.41,2.5
3014,639,84,3,5105.1,12.6
3015,1129,41,1,47153.94,31.7
3016,1079,135,4,25877.44,144.1
3017,1032,36,2,9494.55,4.6
3018,2062,114,1,68718.26,6.1
3019,2828,53,-2,24450.13,21.0
3020,1894,72,2,32161.82,22.2
3021,254,12,3,63807.12,27.9
3022,1840,112,4,22108.19,31.7
3023,2666,80,5,23291.2,1.7
3024,1700,77,5,848.7,33.2
3025,1085,78,3,57919.94,4.7
3026,1845,29,3,48095.52,23.3
3027,1902,56,2,33831.76,17.0
3028,2189,75,3,4476.46,11.6
3029,2573,71,2,50868.53,1.1
3030,958,99,5,54510.9,8.0
3031,881,35,3,42206.75,9.8
3032,664,34,5,57523.91,16.6
3033,1510,78,2,50810.57,39.1
3034,3,29,4,44512.51,24.5
3035,1974,3,3,51503.24,3.2
3036,2608,98,2,51793.98,10.9
3037,2234,119,4,54230.46,2.6
3038,2612,94,4,41984.96,31.4
3039,1519,17,5,13313.89,1.2
3040,906,4,4,42527.85,0.6
3041,1185,38,4,61775.45,33.4
3042,810,43,4,62010.69,25.7
3043,252,118,5,64522.46,34.4
3044,1091,48,3,54429.86,31.8
3045,2993,98,3,52887.88,8.1
3046,260,106,2,32537.43,33.3
3047,1458,137,4,52636.76,23.4
3048,2082,124,2,11628.85,24.3
3049,2416,140,3,14247.68,1.1
3050,501,6,3,40025.31,4.7
3051,1825,135,3,30206.58,33.4
3052,2882,140,2,15890.44,7.1
3053,1387,62,1,16683.36,35.8
3054,801,86,2,72185.86,27.7
3055,2737,56,3,33033.74,28.8
3056,905,25,1,48194.22,19.6
3057,804,106,3,26951.29,5.0
3058,1266,80,4,17274.4,18.3
3059,2803,56,5,37821.13,2.3
3060,2206,45,2,6777.35,24.4
3061,828,32,-2,21640.73,5.6
3062,2709,122,2,34450.58,13.2
3063,1802,36,5,7721.01,37.8
3064,2523,27,2,71283.79,38.6
3065,2316,71,4,42700.23,8.2
3066,1311,98,5,50053.77,6.8
3067,2122,11,1,32218.3,16.4
3068,502,141,2,43659.33,17.1
3069,2848,16,2,40283.0,17.5
3070,1185,83,3,22370.53,0.2
3071,2767,116,4,69488.04,35.5
3072,1419,26,1,26293.76,7.0
3073,993,111,3,17124.06,27.5
3074,229,117,2,85247.47,0.9
3075,1748,12,5,64195.41,20.6
3076,336,13,5,55154.92,33.9
3077,1044,128,1,42430.82,7.2
3078,1065,51,5,4636.56,12.7
3079,30,2,5,83970.51,36.1
3080,888,136,1,8478.95,23.3
3081,2320,25,5,43350.08,34.2
3082,2474,33,-3,234.21,38.2
3083,1725,3,1,51603.35,17.6
3084,517,106,5,26779.82,27.4
3085,440,104,3,9189.79,37.9
3086,2517,118,5,83468.16,5.5
3087,2771,110,3,22339.48,19.7
3088,2125,33,4,265.69,15.3
3089,1921,25,3,48803.09,6.9
3090,800,74,-3,28964.0,16.1
3091,2428,107,5,46921.64,25.8
3092,1248,65,1,47940.24,39.8
3093,2702,46,2,41300.76,20.4
3094,1145,11,3,40527.62,13.6
3095,1554,96,4,42095.97,22.5
3096,2235,126,3,39638.4,9.1
3097,977,133,2,40719.14,1.0
3098,555,115,4,23034.07,38.0
3099,2044,13,5,67506.19,17.6
3100,1276,25,5,33490.5,36.1
3101,2129,48,1,69492.32,36.7
3102,1006,86,5,68517.53,4.5
3103,2990,35,1,39482.7,17.5
3104,2877,93,5,49652.9,31.6
3105,2549,120,5,59950.99,20.0
3106,1457,120,4,64942.21,24.0
3107,1204,107,5,31808.01,28.3
3108,2616,147,-1,50835.81,38.5
3109,837,35,5,38595.93,34.3
3110,2484,147,-2,44886.58,37.7
3111,2628,59,3,60566.39,3.9
3112,1815,105,1,51854.17,13.5
3113,1531,122,2,32491.51,22.8
3114,125,139,5,35608.66,19.1
3115,2137,109,4,12609.93,22.7
3116,466,51,3,4130.64,11.2
3117,1411,51,5,5428.8,12.2
3118,2401,93,1,54076.2,2.0
3119,175,80,1,15610.84,39.1
3120,2935,65,2,39863.67,8.7
3121,611,80,4,15754.24,35.9
3122,307,123,4,68535.02,32.6
3123,578,46,1,41123.8,10.7
3124,1396,23,3,52492.44,19.6
3125,922,37,1,24742.36,11.0
3126,1720,82,4,30558.59,11.1
3127,1297,137,4,70146.79,33.4
3128,2096,96,4,58734.52,38.9
3129,2420,147,5,54355.06,28.9
3130,2005,3,2,48486.7,17.0
3131,1380,47,0,28396.17,38.8
3132,2051,11,3,32658.86,33.3
3133,2698,139,3,38395.21,27.9
3134,731,2,5,60957.69,34.4
3135,2655,53,3,22827.15,19.6
3136,1343,124,4,11158.54,23.2
3137,1180,53,5,17769.83,6.9
3138,1060,20,4,9606.83,27.7
3139,2343,72,3,41253.68,25.8
3140,2336,39,4,30738.35,26.3
3141,826,143,5,42532.91,2.4
3142,2933,136,4,7753.37,26.2
3143,1594,123,2,63278.87,8.1
3144,2159,115,5,27626.47,31.9
3145,613,89,4,47068.92,17.3
3146,1552,90,2,56366.28,32.3
3147,2588,61,4,65129.17,5.3
3148,1544,133,5,30905.23,37.2
3149,2527,90,4,52408.21,6.2
3150,2190,23,4,52393.64,39.2
3151,1693,114,2,74462.08,21.3
3152,1470,148,4,32237.03,35.8
3153,883,125,4,10046.7,15.5
3154,621,72,4,43746.65,4.3
3155,455,138,4,54351.37,12.0
3156,1936,47,4,25885.68,13.9
3157,2706,134,1,5752.62,27.1
3158,2656,91,-1,50811.21,23.6
3159,2813,146,3,6963.57,12.5
3160,1095,8,4,12325.22,24.3
3161,1176,83,4,16005.08,15.7
3162,2956,147,4,46600.33,5.7
3163,1552,22,3,10952.05,1.4
3164,3236,94,4,60934.07,39.3
3165,2839,112,2,28681.64,35.9
3166,2270,97,1,18101.42,35.6
3167,154,128,1,44063.45,34.3
3168,1426,94,3,55339.76,23.4
3169,1059,66,4,58413.41,5.1
3170,2520,80,1,17846.73,22.9
3171,1832,103,2,28447.66,22.1
3172,2406,11,3,33668.73,17.4
3173,1767,54,1,12816.37,5.6
3174,2888,129,1,3515.41,1.0
3175,939,136,3,5919.83,35.6
3176,2378,145,5,37011.92,0.3
3177,232,93,5,51083.79,34.6
3178,438,147,4,35697.52,21.9
3179,1725,84,5,5133.8,10.9
3180,2227,110,3,18129.78,7.5
3181,211,96,4,47265.68,13.5
3182,2977,13,4,66583.59,40.0
3183,443,93,1,47094.73,31.2
3184,1371,14,3,44478.38,2.2
3185,1430,6,3,60913.4,17.1
3186,872,122,2,34686.4,12.3
3187,2323,11,3,37330.99,31.6
3188,1588,5,1,4552.06,31.3
3189,1264,48,2,49519.97,32.5
3190,2655,107,2,45297.88,39.7
3191,898,64,5,30532.8,14.8
3192,54,54,2,12153.69,7.2
3193,1493,107,5,36716.73,1.4
3194,2269,11,3,26284.92,14.0
3195,2231,30,3,29646.72,3.7
3196,2227,86,1,60117.76,19.2
3197,1122,28,5,70907.67,4.6
3198,468,76,4,54344.6,23.8
3199,146,1,4,8660.18,5.7
3200,2267,93,3,55429.83,35.0
3201,2033,109,5,11958.69,24.0
3202,1154,34,5,44251.52,7.4
3203,1269,28,4,62753.24,6.4
3204,2918,86,1,62594.31,8.0
3205,818,20,2,12638.18,4.4
3206,3249,130,2,28074.18,33.2
3207,720,59,1,55229.86,24.4
3208,658,44,5,28177.8,39.6
3209,808,31,3,28602.75,12.2
3210,1122,8,2,15958.79,25.1
3211,1669,88,5,49483.71,15.4
3212,1185,68,1,24964.91,12.7
3213,2714,33,3,261.32,17.3
3214,274,110,1,22761.41,33.3
3215,481,78,2,43832.89,38.4
3216,1473,98,3,46963.07,15.2
3217,1437,122,4,29105.26,10.8
3218,1095,19,5,53384.27,19.5
3219,419,77,1,877.73,11.2
3220,1339,137,5,66546.51,22.0
3221,2437,101,1,40994.45,21.4
3222,281,98,3,51580.03,28.5
3223,96,9,1,42794.8,15.4
3224,3012,2,1,66712.73,5.0
3225,343,132,2,33276.89,25.5
3226,569,117,2,58182.3,17.1
3227,851,38,4,76174.06,1.9
3228,1341,37,3,23273.42,38.6
3229,857,145,2,38360.68,3.9
3230,2518,112,4,23644.61,2.5
3231,2895,118,3,58331.64,3.6
3232,1585,75,1,4379.11,28.0
3233,2938,13,2,70453.21,35.4
3234,1691,33,5,296.52,20.8
3235,2496,49,5,67656.48,14.7
3236,638,84,4,4575.21,7.0
3237,1456,102,1,20079.73,32.4
3238,1365,112,2,22452.75,13.9
3239,14,21,1,57258.05,37.3
3240,862,68,3,25388.87,33.0
3241,1359,117,5,61670.2,24.7
3242,2302,33,3,271.52,24.9
3243,1020,87,1,23064.52,27.2
3244,88,111,5,24445.18,29.4
3245,1927,27,4,80083.05,4.2
3246,315,10,1,53277.15,28.6
3247,1489,28,4,52355.01,7.6
3248,405,68,2,36960.88,5.3
3249,467,76,2,54137.61,25.8
3250,2531,101,4,42269.98,1.3
3251,511,91,1,56553.5,11.9
3252,2811,101,3,36148.3,27.2
3253,2305,49,3,53182.82,9.9
3254,1451,76,2,56398.44,22.4
3255,663,98,2,33925.65,11.4
3256,60,137,5,56868.67,14.9
3257,2030,146,5,10300.32,26.7
3258,2647,32,5,26575.07,36.4
3259,710,61,1,80473.52,1.4
3260,464,127,3,66978.37,8.7
3261,1365,53,4,19833.97,32.6
3262,1780,129,5,3174.3,29.8
3263,662,18,4,41276.54,3.4
3264,1891,53,4,26366.86,11.6
3265,1449,113,1,14203.06,39.9
3266,2349,107,5,31312.09,21.9
3267,1359,134,3,5681.53,10.5
3268,416,44,5,28168.58,25.7
3269,2098,28,3,63502.95,34.8
3270,2396,30,3,29480.29,14.3
3271,2725,21,3,74918.11,6.5
3272,898,107,2,35450.36,18.1
3273,898,148,2,37081.6,37.1
3274,519,65,1,36293.45,11.1
3275,2340,103,3,27966.93,31.7
3276,725,5,5,4501.36,6.1
3277,1597,32,2,27102.93,24.2
3278,2491,120,1,61693.62,14.3
3279,2812,82,1,40307.33,9.4
3280,1435,53,5,20242.51,2.1
3281,1961,89,2,47918.43,3.5
3282,1325,59,-1,42734.47,7.5
3283,1703,70,3,23327.99,37.0
3284,1462,24,5,60821.99,21.6
3285,578,106,2,35034.93,8.5
3286,121,53,3,24745.49,3.0
3287,803,98,1,43073.52,35.3
3288,1235,84,5,4868.9,5.6
3289,1265,131,2,39921.12,30.5
3290,2442,105,4,51357.51,39.9
3291,2741,128,4,36189.76,11.5
3292,2625,20,1,10648.36,18.4
3293,1854,86,4,47072.45,0.8
3294,472,65,1,38020.82,37.9
3295,1694,77,2,616.55,34.9
3296,1284,73,4,49376.32,30.7
3297,2700,79,2,37898.6,28.4
3298,2831,60,2,47403.26,29.5
3299,553,25,1,50109.28,26.7
3300,1577,19,5,45314.24,21.6
3301,1453,109,4,15044.24,21.8
3302,2831,39,4,27139.88,6.3
3303,2911,104,1,6178.82,15.2
3304,2520,44,2,32209.83,38.0
3305,2242,130,1,28759.96,2.2
3306,1170,124,1,11313.11,18.8
3307,570,60,3,65194.47,28.1
3308,571,40,1,67589.67,1.8
3309,2267,39,5,24718.49,2.7
3310,2567,150,4,8530.96,32.9
3311,2259,120,4,56065.57,9.8
3312,1201,47,4,23993.83,33.4
3313,2812,67,4,59888.44,0.9
3314,1566,136,5,5641.62,24.6
3315,1799,37,5,21745.57,0.4
3316,2650,56,3,42479.35,22.0
3317,2593,113,2,14860.13,123.3
3318,2341,87,3,21476.71,6.8
3319,681,147,1,45599.41,39.1
3320,457,105,4,44192.07,38.5
3321,239,134,3,7022.58,35.6
3322,986,130,-4,25271.78,12.8
3323,155,63,2,49866.28,13.4
3324,527,93,5,74501.25,32.1
3325,301,31,3,31738.53,20.0
3326,779,44,5,33149.93,31.0
3327,2658,26,5,31855.74,27.0
3328,404,142,1,59941.41,2.1
3329,784,95,3,35979.79,15.9
3330,399,70,5,29306.78,9.7
3331,1635,127,4,66116.42,15.9
3332,2593,143,4,52496.46,18.4
3333,2522,51,5,5232.2,35.9
3334,364,4,3,58748.77,39.6
3335,2119,43,2,63794.22,11.9
3336,379,78,1,53919.91,15.3
3337,1216,38,5,72488.38,37.3
3338,375,116,5,59911.33,0.3
3339,366,23,1,37540.12,15.6
3340,1586,28,4,58603.12,16.6
3341,555,8,5,16390.23,30.7
3342,2097,28,5,62994.36,31.2
3343,1338,95,3,39732.03,3.3
3344,803,104,5,6483.74,26.4
3345,1207,29,2,51421.43,25.0
3346,1599,109,5,15269.54,17.5
3347,1487,143,3,52989.19,28.8
3348,1249,124,3,7895.29,35.8
3349,1591,89,3,44163.98,15.8
3350,1878,29,1,63823.59,0.7
3351,2837,87,5,29056.07,16.9
3352,1677,47,3,27255.26,3.1
3353,974,49,5,61544.06,10.3
3354,269,130,5,30210.12,0.4
3355,595,42,4,26268.83,33.0
3356,265,62,5,11958.58,0.4
3357,3127,126,4,42041.28,29.4
3358,66,28,1,73677.62,29.4
3359,2246,126,5,27012.46,2.3
3360,2466,145,4,29684.84,2.7
3361,457,133,5,39521.63,30.2
3362,2404,107,2,32050.44,38.7
3363,2906,118,5,63799.12,22.8
3364,737,99,3,60191.09,25.3
3365,2986,23,3,47585.41,13.1
3366,1935,10,5,43413.25,37.3
3367,1088,76,5,71200.59,31.9
3368,2199,137,4,63269.46,28.6
3369,2352,29,2,62543.52,36.8
3370,690,6,3,42349.79,31.6
3371,715,140,1,18198.44,11.7
3372,1792,51,4,5127.49,16.4
3373,953,13,-5,57388.75,31.1
3374,1161,64,2,49035.08,37.7
3375,1319,76,4,74613.69,18.4
3376,1935,145,5,47082.03,28.8
3377,2594,129,3,3827.52,18.6
3378,380,11,3,29302.6,12.7
3379,233,9,1,36183.07,34.4
3380,96,7,3,69656.29,17.1
3381,2785,61,3,51202.0,19.9
3382,768,6,4,43933.02,32.9
3383,90,83,1,15642.09,19.1
3384,2725,117,2,58228.49,20.8
3385,577,59,4,52357.39,19.0
3386,1590,140,2,15441.91,11.7
3387,2301,131,1,45513.8,19.1
3388,1412,136,4,6587.08,12.0
3389,736,71,5,39175.45,27.3
3390,2292,93,3,49496.82,19.6
3391,355,141,5,46918.26,25.1
3392,1960,125,4,10918.38,23.4
3393,75,50,5,50265.75,40.0
3394,2329,108,4,34530.64,20.9
3395,1159,45,3,8989.31,32.8
3396,1213,104,1,6569.21,16.3
3397,1303,30,1,29935.72,2.9
3398,514,129,4,3505.13,33.2
3399,1290,28,3,74545.59,2.1
3400,1434,146,4,7268.57,35.9
3401,676,48,1,53228.51,15.4
3402,2820,93,5,68164.56,37.3
3403,2225,62,2,11428.09,28.7
3404,2050,13,1,45161.01,2.1
3405,1041,114,3,84527.24,17.9
3406,2643,56,2,33903.8,7.5
3407,272,141,2,54401.21,29.1
3408,1468,132,5,35901.07,32.5
3409,1857,81,3,50872.65,36.0
3410,589,67,4,62886.27,13.9
3411,120,16,1,32639.14,7.9
3412,1744,75,3,5207.11,22.6
3413,1097,69,4,76253.62,3.3
3414,573,11,2,35269.22,27.4
3415,378,21,1,56454.27,13.6
3416,2805,130,2,29046.11,13.0
3417,2742,85,0,60187.9,21.5
3418,1523,20,1,12283.77,29.0
3419,1902,131,2,41477.83,10.3
3420,2605,57,1,14760.57,5.6
3421,2720,91,2,57752.11,35.6
3422,2245,88,1,51914.53,11.1
3423,1719,140,3,14003.51,27.2
3424,1498,129,5,3283.68,27.6
3425,1095,29,3,42649.24,18.0
3426,2539,48,3,65563.47,13.7
3427,1335,113,2,11276.34,30.2
3428,1993,54,1,10915.3,32.2
3429,1759,60,3,57157.45,14.8
3430,52,147,3,33955.13,28.5
3431,768,122,2,31079.86,6.2
3432,28,45,4,6437.22,20.7
3433,1022,112,3,32253.07,15.2
3434,2910,1,1,8164.77,25.2
3435,2914,62,2,12803.45,1.1
3436,495,131,1,36551.24,34.9
3437,1471,61,2,54059.25,23.0
3438,202,136,1,7388.78,34.0
3439,378,74,5,34929.56,33.0
3440,409,32,2,26765.82,16.7
3441,2175,129,4,3067.09,37.9
3442,978,90,3,52269.5,15.8
3443,1897,16,3,41899.96,36.6
3444,2493,66,3,72600.99,21.5
3445,2603,66,1,61284.76,12.2
3446,56,29,4,44760.85,10.8
3447,1945,62,2,13886.47,13.0
3448,2221,58,4,53219.84,25.7
3449,2952,61,1,58418.89,18.8
3450,1727,112,1,20891.05,23.9
3451,1562,42,3,26893.39,24.9
3452,1235,131,1,40006.36,38.8
3453,923,23,3,53684.4,1.9
3454,2041,87,1,26873.31,20.4
3455,2260,35,4,41503.74,11.2
3456,2615,82,2,29170.98,20.3
3457,1222,28,3,63431.27,38.0
3458,1858,12,4,41908.83,19.5
3459,1481,50,3,60520.33,22.6
3460,955,21,5,72382.51,25.9
3461,2980,1,1,7121.36,24.6
3462,1473,99,1,54160.08,22.2
3463,357,5,3,5381.97,14.4
3464,2020,83,2,15901.96,38.3
3465,552,129,4,3485.86,27.4
3466,2650,102,2,21937.32,11.0
3467,1146,44,4,25625.48,35.6
3468,1406,136,-1,8087.25,14.0
3469,2261,118,2,65485.8,3.9
3470,2121,90,3,77673.76,9.6
3471,764,113,2,15780.13,32.4
3472,1182,13,2,57254.48,3.2
3473,1941,23,4,52400.9,0.3
3474,2013,57,4,17975.08,39.8
3475,272,129,-5,2919.68,1.1
3476,933,62,2,10889.79,21.9
3477,327,24,2,64522.34,22.8
3478,2288,20,4,12091.21,10.7
3479,1723,74,1,32399.82,35.3
3480,405,96,5,64109.87,36.5
3481,1816,80,1,19849.68,23.6
3482,2817,31,5,34810.1,31.5
3483,538,97,1,15643.29,32.1
3484,289,35,4,32228.84,15.4
3485,647,118,1,82402.04,25.4
3486,1868,76,4,73670.13,17.7
3487,1901,126,2,33668.75,25.1
3488,1303,9,4,48636.12,29.2
3489,918,145,4,34045.63,37.1
3490,2304,129,3,3129.29,25.8
3491,1072,104,3,5920.8,39.8
3492,1019,56,3,31015.02,22.4
3493,2152,4,2,67607.66,13.3
3494,1632,56,5,32041.88,27.3
3495,2973,18,5,60845.73,5.1
3496,1417,73,3,49992.75,33.1
3497,13,140,3,20704.69,5.0
3498,649,76,3,64329.92,10.2
3499,2967,13,3,70355.23,25.2
3500,1865,46,5,45247.34,26.6
3501,1011,37,3,32429.57,18.0
3502,314,131,4,36434.98,13.3
3503,651,12,1,52419.63,22.0
3504,707,21,5,59715.6,12.5
3505,447,24,3,57420.06,36.0
3506,1670,89,3,43714.91,38.3
3507,1394,94,4,56847.95,29.8
3508,1664,50,2,48922.03,16.5
3509,79,14,3,45136.11,36.0
3510,264,146,3,6668.49,0.8
3511,1750,123,1,59856.6,2.6
3512,1129,141,3,57727.01,32.8
3513,2338,5,2,4712.28,3.0
3514,1551,54,5,14027.6,16.2
3515,594,117,1,54947.95,4.1
3516,1148,61,3,80560.96,29.3
3517,649,5,5,4067.98,8.5
3518,621,63,4,58206.44,8.8
3519,2006,31,5,26932.53,23.0
3520,868,1,4,8717.43,21.3
3521,2686,44,1,27031.83,19.7
3522,2348,112,5,19996.66,5.6
3523,972,59,3,59384.36,8.4
3524,1013,91,5,48559.23,28.7
3525,2596,6,1,59318.21,31.7
3526,1758,141,5,39986.95,26.0
3527,660,25,4,41142.78,8.5
3528,2638,113,2,16834.33,36.2
3529,1773,52,5,3389.5,29.8
3530,1203,88,5,63263.35,21.7
3531,1137,67,1,51524.91,10.9
3532,2402,77,1,794.08,30.2
3533,2589,33,3,258.33,11.1
3534,2406,95,1,37348.17,24.1
3535,1081,127,5,47274.04,26.8
3536,729,89,1,53369.42,6.9
3537,1838,114,3,85029.41,37.0
3538,2394,34,3,49074.37,30.3
3539,1322,109,1,12650.48,1.9
3540,2628,129,5,3840.99,6.8
3541,1460,46,1,54115.41,10.9
3542,2781,67,1,52170.35,19.6
3543,2377,3,-1,53606.47,36.5
3544,558,93,5,71715.03,20.5
3545,2509,65,2,56789.16,7.1
3546,19,120,-1,58454.74,21.4
3547,202,98,2,45438.19,20.4
3548,1513,148,1,27805.7,14.3
3549,2090,107,-1,48296.66,24.9
3550,2367,72,1,42623.7,39.7
3551,1212,129,2,3630.29,24.5
3552,433,38,5,57784.01,27.6
3553,555,145,4,47068.75,25.1
3554,2692,48,5,64688.71,26.9
3555,1328,125,5,8967.7,26.2
3556,362,22,1,10883.86,16.1
3557,609,30,4,34297.16,38.3
3558,1313,137,5,71864.27,9.9
3559,2659,70,5,25892.42,2.6
3560,475,29,5,60634.18,13.5
3561,470,38,4,70308.7,4.7
3562,1598,109,1,11194.71,31.6
3563,3,24,1,60035.13,0.2
3564,743,71,2,55226.39,10.6
3565,1288,21,5,73666.71,25.7
3566,1354,84,4,4578.74,34.9
3567,168,55,5,19424.55,23.8
3568,2528,70,1,18751.02,38.2
3569,2512,139,5,32185.11,38.9
3570,1928,44,4,28811.29,33.4
3571,1422,1,5,6775.17,17.2
3572,1539,115,5,19435.98,14.8
3573,1336,42,1,29145.47,29.0
3574,2829,92,2,54743.86,14.6
3575,2937,86,5,54241.84,18.5
3576,1681,133,-1,35855.5,31.9
3577,2888,62,1,11670.29,32.6
3578,2152,31,4,32584.79,6.9
3579,467,22,5,10437.39,17.6
3580,391,140,5,13034.26,10.5
3581,80,16,2,30537.26,17.8
3582,753,87,3,24171.84,17.6
3583,360,101,5,33554.4,38.8
3584,2883,68,5,23205.36,37.2
3585,1732,44,3,32628.85,14.0
3586,1871,56,1,46599.24,29.7
3587,1052,77,2,621.73,12.8
3588,1657,89,1,53186.31,14.8
3589,2256,60,3,53521.82,16.9
3590,2330,36,4,12227.27,16.6
3591,2647,59,-4,45518.05,25.2
3592,1407,86,2,61627.86,3.9
3593,560,116,1,74974.13,38.8
3594,2647,34,1,54322.31,36.7
3595,2961,103,-3,27209.24,21.8
3596,1525,57,1,16146.37,20.3
3597,2276,118,1,64515.01,37.3
3598,1179,145,3,32388.08,37.4
3599,2134,120,4,66402.91,8.4
3600,660,25,5,41849.49,18.7
3601,343,86,3,56620.21,3.5
3602,1507,26,5,22196.16,27.7
3603,320,121,1,15070.4,39.8
3604,1940,112,5,29227.08,13.8
3605,420,125,2,9190.76,14.7
3606,501,114,3,63505.79,28.8
3607,194,34,2,43072.5,18.0
3608,934,56,2,43997.28,27.8
3609,2551,116,2,66142.14,12.7
3610,1811,3,5,74288.49,29.0
3611,2583,66,1,52445.03,36.8
3612,1006,20,1,9056.05,38.2
3613,197,85,1,60907.74,15.5
3614,2909,89,2,37498.21,8.4
3615,1882,136,5,6212.36,0.3
3616,1260,69,5,68717.15,30.9
3617,2912,112,4,24415.95,8.5
3618,673,142,3,66098.56,6.6
3619,2801,61,3,58120.4,34.8
3620,140,131,4,32861.69,22.3
3621,2924,69,5,73632.26,31.6
3622,1245,135,4,30739.17,29.4
3623,2866,68,3,25368.12,23.5
3624,228,123,2,47598.51,9.4
3625,1154,102,2,17479.1,12.9
3626,2612,38,5,75547.15,17.7
3627,3212,120,2,57534.15,27.1
3628,2505,55,5,19272.72,19.2
3629,2307,30,1,37282.32,23.3
3630,2118,145,5,45035.43,36.7
3631,2550,129,3,2969.4,15.6
3632,355,68,4,28812.12,30.8
3633,1923,101,4,51246.91,9.2
3634,1250,69,4,79937.77,3.3
3635,2468,116,1,57599.38,30.0
3636,1329,73,1,53020.67,5.6
3637,2135,129,1,2959.16,2.1
3638,230,142,5,66318.35,22.6
3639,621,11,3,28475.0,17.1
3640,187,104,2,9184.11,6.6
3641,248,5,5,4707.19,19.5
3642,2378,105,5,46826.11,4.6
3643,774,14,3,37792.91,7.9
3644,2382,57,4,18227.99,17.4
3645,354,69,2,68266.15,10.4
3646,2859,127,3,48499.04,6.5
3647,2658,142,3,74537.75,33.0
3648,57,91,2,61533.59,6.4
3649,2369,148,5,28409.78,21.3
3650,2916,105,5,65250.41,1.2
3651,2965,47,3,29633.9,1.3
3652,1742,27,1,79642.95,38.8
3653,2614,42,3,25102.73,1.8
3654,2611,90,5,52261.19,35.5
3655,929,114,5,67919.5,37.2
3656,1426,7,3,67809.37,22.2
3657,181,79,3,32389.16,0.3
3658,2123,119,5,45645.22,3.1
3659,2412,42,1,20698.89,25.3
3660,1631,142,1,64759.43,16.2
3661,3320,149,5,38886.81,12.6
3662,2054,78,4,39925.57,11.1
3663,1822,72,4,42611.86,13.7
3664,416,97,4,15227.55,4.5
3665,1512,96,2,66356.32,4.7
3666,2244,42,2,22892.39,6.9
3667,336,7,5,50930.87,31.4
3668,1106,20,1,9129.75,3.3
3669,1058,144,3,47130.6,3.9
3670,531,49,1,75384.85,10.3
3671,1076,123,5,67541.72,1.7
3672,1487,115,2,21273.22,13.2
3673,1892,16,4,42136.73,12.7
3674,1662,112,0,27577.05,31.0
3675,539,61,5,72141.59,20.4
3676,853,78,3,54315.44,37.8
3677,707,146,1,9907.91,28.8
3678,2438,129,2,2561.6,37.3
3679,1720,34,5,54699.45,11.0
3680,2780,76,4,70169.27,18.2
3681,2010,43,1,50065.88,35.8
3682,1021,133,-1,29059.82,23.8
3683,1974,142,3,52871.14,8.1
3684,697,31,5,27199.21,8.2
3685,890,45,2,8152.95,9.0
3686,1606,15,5,6403.02,3.3
3687,2437,70,2,24449.05,27.4
3688,2979,78,4,46612.13,17.8
3689,2085,103,1,23555.9,37.5
3690,2790,46,3,40684.01,12.1
3691,115,14,5,54683.62,25.5
3692,1042,43,3,62955.99,8.0
3693,1494,14,4,46885.37,5.8
3694,214,103,5,29709.68,18.2
3695,2721,98,3,44167.43,20.8
3696,2979,82,2,37461.04,8.9
3697,2416,10,5,39432.07,23.7
3698,230,84,3,5618.89,30.5
3699,2149,31,1,27609.08,6.2
3700,2514,91,3,41929.41,13.1
3701,1006,115,1,19909.48,33.2
3702,1316,85,4,66002.68,19.2
3703,1715,117,3,75825.89,24.2
3704,2906,126,4,42324.92,35.8
3705,963,5,3,5009.82,5.4
3706,40,144,3,50560.9,32.2
3707,1282,5,2,5393.71,31.1
3708,41,49,3,74512.24,10.0
3709,2914,147,1,41546.58,36.0
3710,2235,28,5,70071.61,33.9
3711,2844,46,2,54510.12,1.6
3712,964,148,4,38751.66,25.2
3713,1757,118,2,72020.48,21.7
3714,2341,66,4,65413.07,27.9
3715,1051,70,5,27727.92,3.3
3716,682,113,2,16147.45,9.1
3717,191,135,3,32960.62,9.0
3718,1948,47,3,28993.17,33.7
3719,2989,38,1,55497.01,2.7
3720,958,139,4,33447.53,23.3
3721,449,147,3,44539.2,28.1
3722,2994,85,4,76589.92,2.4
3723,1064,137,5,71641.45,27.8
3724,649,33,4,300.01,30.7
3725,2446,1,5,8824.92,0.5
3726,1929,139,1,34951.0,39.2
3727,2619,65,5,37305.08,8.3
3728,2111,23,2,46585.73,19.0
3729,1513,68,3,32370.98,11.3
3730,2125,127,2,63128.33,32.7
3731,311,117,4,62441.83,18.0
3732,515,2,4,77096.54,24.4
3733,1855,97,5,13506.33,24.2
3734,122,140,4,16802.85,7.1
3735,338,42,2,29978.52,28.6
3736,1959,20,4,9019.48,30.2
3737,787,82,5,36569.79,19.5
3738,2049,66,1,49428.31,27.9
3739,763,12,1,54625.88,26.0
3740,2531,102,4,23108.82,20.5
3741,2008,44,3,31858.52,35.0
3742,1995,107,5,47717.19,4.5
3743,2440,98,5,44418.57,22.3
3744,629,1,3,7385.79,14.0
3745,2335,68,4,23367.22,13.9
3746,877,65,1,36937.26,34.6
3747,2492,122,3,28081.2,28.3
3748,1378,64,1,47685.48,7.4
3749,1170,146,3,9568.55,0.5
3750,1353,65,4,53455.28,24.7
3751,784,145,4,29760.03,8.1
3752,1657,124,-3,10748.52,33.4
3753,1912,35,1,28802.08,0.6
3754,2736,92,1,44939.6,3.2
3755,1364,5,3,4705.21,12.0
3756,736,33,3,296.2,5.4
3757,1461,17,4,13673.92,39.7
3758,2547,63,1,60821.87,38.5
3759,1077,59,1,45026.36,3.2
3760,269,9,3,44598.63,25.8
3761,2795,102,2,17362.26,21.4
3762,1373,130,2,35991.37,26.7
3763,334,110,5,21503.22,13.2
3764,2079,142,3,62344.79,7.2
3765,2085,83,4,16523.64,27.3
3766,2613,88,5,56825.86,12.5
3767,1162,60,4,66676.33,39.0
3768,1745,94,4,45347.1,25.7
3769,663,100,5,38208.9,2.3
3770,2408,39,5,22016.91,32.7
3771,1137,105,4,42928.63,8.0
3772,1348,138,5,40436.36,9.1
3773,2666,40,3,51072.13,27.4
3774,2582,45,4,8254.32,10.3
3775,360,9,1,45153.38,3.3
3776,688,108,1,26789.36,28.7
3777,1264,149,4,50936.25,19.8
3778,15,38,5,74545.62,6.5
3779,546,147,2,36136.06,39.5
3780,1971,19,4,61381.13,36.3
3781,2483,49,1,57226.0,30.6
3782,474,113,3,13967.31,8.8
3783,1087,148,-3,27090.65,34.3
3784,840,57,3,15097.73,23.9
3785,2008,74,1,28108.96,8.9
3786,1556,72,4,36508.6,23.1
3787,2497,117,2,74449.76,21.2
3788,1188,106,3,28105.45,26.7
3789,2694,146,3,9568.02,23.6
3790,1380,148,1,31073.48,14.6
3791,1380,75,3,6695.76,4.0
3792,289,2,2,58469.52,0.1
3793,2602,110,3,15011.48,38.2
3794,139,74,4,33853.16,3.2
3795,2258,111,2,18255.76,28.3
3796,583,47,1,24489.58,32.3
3797,363,5,4,4036.05,5.7
3798,2641,106,1,36577.18,15.2
3799,581,62,5,12729.49,30.3
3800,2359,86,3,49093.32,18.6
3801,801,2,4,77304.05,9.9
3802,2238,41,3,38743.34,27.9
3803,523,87,2,21550.55,9.4
3804,950,1,4,5832.63,37.1
3805,231,84,1,6466.17,2.5
3806,179,31,1,36232.87,8.7
3807,2210,14,5,53438.33,10.2
3808,2855,6,5,41175.27,16.2
3809,1531,84,3,5855.59,34.0
3810,1916,86,4,57510.5,12.5
3811,2023,88,5,39240.25,5.2
3812,2498,72,2,29258.24,17.0
3813,1456,45,1,6278.91,18.0
3814,90,57,4,20014.04,8.8
3815,2415,63,2,50877.25,39.8
3816,1439,53,4,20006.04,19.3
3817,256,112,5,23952.32,35.3
3818,2579,100,5,47032.55,27.0
3819,898,8,4,14485.15,40.0
3820,2742,80,2,21297.43,28.4
3821,469,6,1,51432.99,37.2
3822,1491,25,3,33697.02,4.9
3823,2482,98,1,52822.51,1.1
3824,1796,33,1,303.92,35.3
3825,1459,104,3,6543.77,15.0
3826,396,104,4,8259.74,10.6
3827,1661,142,1,72912.25,28.4
3828,2837,34,2,54873.88,37.6
3829,517,88,3,62055.0,37.5
3830,831,77,5,737.69,13.0
3831,838,21,1,66319.05,11.2
3832,274,19,4,50854.89,34.9
3833,2028,137,2,71220.1,12.0
3834,448,141,1,38624.55,17.7
3835,2047,50,1,56050.63,32.1
3836,26,116,4,74311.99,4.4
3837,2834,34,3,53986.2,4.4
3838,959,73,1,59120.34,31.2
3839,2179,65,3,52269.42,13.2
3840,662,114,4,76092.21,22.2
3841,1987,33,4,267.83,29.2
3842,1438,32,5,24685.96,11.9
3843,32,143,4,43521.11,8.0
3844,2798,133,3,30914.45,13.8
3845,1885,62,3,12750.82,39.1
3846,2535,131,2,43128.43,33.9
3847,108,48,2,68700.72,26.0
3848,3118,133,1,30890.77,0.4
3849,2813,126,2,38615.37,34.0
3850,2964,12,-3,41085.17,26.5
3851,194,49,5,57658.79,12.1
3852,1471,9,2,49933.82,16.5
3853,1702,145,2,34817.09,15.0
3854,291,148,3,32907.41,8.8
3855,1292,83,2,16118.32,7.6
3856,640,139,5,34420.03,15.8
3857,941,63,2,58091.77,24.1
3858,461,98,3,44762.15,0.2
3859,2732,147,3,36080.09,17.1
3860,1626,91,2,40411.02,27.4
3861,2446,5,2,4269.19,9.9
3862,2316,56,5,35309.31,4.3
3863,2888,55,5,25503.21,16.0
3864,1673,94,4,59033.73,36.6
3865,1223,67,4,42217.28,15.4
3866,2086,39,2,26771.99,11.5
3867,874,87,2,29230.22,9.0
3868,1601,132,3,32342.3,32.8
3869,2154,116,1,53280.43,39.0
3870,470,141,4,58847.13,38.1
3871,1913,15,3,7009.69,26.9
3872,1437,70,1,19073.07,23.4
3873,2465,137,1,62521.18,11.5
3874,582,114,3,62493.22,33.4
3875,2054,145,2,41657.38,4.6
3876,2800,71,1,41152.23,1.5
3877,735,66,1,60984.48,21.7
3878,2333,148,4,36861.78,34.9
3879,2098,19,4,38310.32,10.7
3880,2369,92,4,57444.55,12.9
3881,1587,70,5,19911.42,22.7
3882,2060,125,5,10685.58,32.0
3883,2124,73,2,45846.33,22.8
3884,2635,53,1,26033.08,5.7
3885,2917,54,1,12624.71,20.7
3886,2898,83,4,18082.41,11.2
3887,2064,127,1,70184.36,4.7
3888,2108,63,5,62243.31,16.2
3889,1732,129,4,3025.11,21.1
3890,1258,116,2,70334.44,25.7
3891,2338,145,4,33476.55,21.7
3892,458,96,3,59384.45,33.6
3893,2192,52,-5,3383.51,3.2
3894,2205,140,3,12968.07,27.6
3895,1384,78,3,44314.75,15.4
3896,2892,142,1,69205.06,31.9
3897,864,15,2,7598.09,23.8
3898,762,8,5,12271.39,29.5
3899,379,45,3,6424.46,22.8
3900,2025,121,3,16006.13,24.0
3901,532,40,1,65112.77,29.8
3902,1095,2,3,76447.11,18.9
3903,332,58,5,64511.88,16.5
3904,982,140,4,19634.84,22.0
3905,894,64,2,41258.81,29.9
3906,2880,104,1,6173.28,3.1
3907,1723,23,3,52562.18,25.8
3908,2497,74,2,38202.49,23.1
3909,2542,126,5,38867.05,28.6
3910,2639,38,1,49390.22,31.7
3911,1970,41,2,34349.77,26.9
3912,1802,133,1,30589.88,12.4
3913,2196,53,3,21000.45,19.4
3914,1230,24,5,66789.17,29.9
3915,535,130,2,33819.09,15.0
3916,384,3,2,57448.48,23.1
3917,983,80,1,23830.44,39.3
3918,1320,100,1,34380.93,17.0
3919,272,141,4,46955.7,36.8
3920,1922,110,4,20772.38,16.7
3921,697,127,5,53659.64,3.7
3922,193,8,2,13744.13,7.2
3923,475,123,2,57764.99,4.8
3924,2069,132,1,25922.25,37.7
3925,2310,7,1,57025.75,23.5
3926,1945,4,2,65787.68,19.2
3927,1803,144,4,59865.11,9.0
3928,1042,76,2,49759.96,26.1
3929,303,16,-4,29898.95,33.0
3930,1355,7,4,58880.32,32.5
3931,219,131,5,44909.48,15.7
3932,410,80,3,17317.52,23.4
3933,2889,129,3,3395.35,18.1
3934,1209,60,2,47129.42,8.7
3935,2876,87,1,28018.34,20.5
3936,1761,33,3,305.27,1.3
3937,1131,17,3,20977.08,7.8
3938,2519,53,4,25362.07,13.5
3939,2694,16,-2,40601.24,15.0
3940,2032,148,2,39262.45,8.5
3941,1147,102,5,19655.63,37.5
3942,2579,43,3,41023.26,36.2
3943,23,116,1,72002.72,25.2
3944,2971,57,4,21006.56,24.3
3945,391,95,2,38141.22,34.5
3946,1341,34,5,58578.94,37.4
3947,2626,13,3,44414.71,28.3
3948,934,88,1,39615.48,38.1
3949,2174,126,4,32632.55,10.4
3950,333,144,1,71023.4,17.4
3951,2398,36,5,11654.13,9.3
3952,1170,126,5,34250.82,24.9
3953,815,39,3,21730.48,32.0
3954,1029,91,2,59120.82,11.6
3955,458,93,5,73699.65,27.6
3956,904,62,2,14991.14,37.0
3957,83,13,1,58590.6,4.6
3958,1531,147,4,43667.08,36.3
3959,1180,60,3,66949.33,37.3
3960,1379,91,5,38603.11,5.8
3961,1615,21,4,59409.33,13.1
3962,119,126,2,30176.97,15.2
3963,2188,79,5,38766.65,36.5
3964,2225,114,2,58073.47,21.0
3965,1973,16,3,31511.34,19.1
3966,1556,91,3,46403.82,22.4
3967,2977,64,5,32722.89,11.2
3968,1335,24,5,51228.46,9.0
3969,2369,12,3,55234.58,3.6
3970,271,52,2,4015.32,6.0
3971,1676,25,3,37640.88,29.0
3972,1318,83,4,16999.9,4.8
3973,2649,91,4,49324.78,2.3
3974,554,37,2,31147.05,14.4
3975,431,67,1,42437.7,7.2
3976,2694,116,4,55559.43,26.0
3977,73,125,2,10853.89,27.6
3978,825,96,2,60273.64,11.7
3979,2658,15,3,6685.28,10.3
3980,1608,56,1,33894.47,27.5
3981,1955,68,5,32707.16,9.1
3982,66,134,1,5522.89,23.7
3983,2530,55,5,24646.99,24.5
3984,1948,51,5,4192.54,34.7
3985,1330,75,4,4533.0,33.8
3986,2633,41,4,47702.28,2.6
3987,897,48,1,64214.48,26.0
3988,2416,71,3,54621.05,7.1
3989,917,114,4,76476.65,23.9
3990,1634,39,3,32565.52,36.2
3991,159,120,2,61767.62,30.9
3992,313,122,2,33508.51,16.7
3993,2063,117,1,70476.05,25.7
3994,1794,57,1,17004.84,27.4
3995,870,77,4,663.71,0.1
3996,2771,67,5,51298.02,25.9
3997,2667,26,4,24854.52,28.1
3998,1823,147,2,52641.87,35.3
3999,1749,126,4,33991.97,9.2
4000,1651,3,4,49011.49,0.4
4001,802,131,5,32254.66,18.4
4002,2645,34,4,38647.28,19.3
4003,2059,138,1,51099.61,16.6
4004,165,44,1,31205.07,1.0
4005,2783,78,4,43558.45,16.5
4006,1473,144,4,56746.98,14.2
4007,895,140,2,19409.21,7.9
4008,1086,7,1,64333.81,24.0
4009,2360,143,4,47792.04,17.8
4010,1073,15,-4,6904.1,12.9
4011,2541,35,4,33160.83,23.5
4012,1029,121,5,11810.76,17.2
4013,2928,30,-1,35868.15,17.9
4014,2739,12,-2,41567.19,10.0
4015,536,56,2,41033.73,5.6
4016,1065,87,4,29434.48,5.9
4017,1479,67,1,65039.38,35.4
4018,1069,90,3,55682.25,12.8
4019,1728,78,-3,56491.19,35.0
4020,2523,124,4,9519.34,26.5
4021,1175,51,4,5256.95,7.1
4022,2165,148,4,35190.11,32.5
4023,2987,141,5,38786.92,18.9
4024,242,127,1,46163.28,17.0
4025,1577,137,4,70080.03,1.0
4026,1887,124,1,10730.73,21.7
4027,2837,130,5,34182.23,10.1
4028,1850,14,4,40291.89,8.1
4029,3016,65,3,56253.04,6.6
4030,1712,80,1,21279.33,30.6
4031,58,9,5,52041.31,15.0
4032,915,67,5,53958.59,34.4
4033,1167,113,4,15230.42,19.5
4034,2902,65,4,38175.27,34.6
4035,475,149,2,41952.6,27.8
4036,1122,13,2,49827.47,13.3
4037,508,115,2,19965.19,33.5
4038,479,59,2,60403.81,0.2
4039,422,82,5,45920.44,5.3
4040,2419,39,2,23643.78,10.1
4041,888,132,1,32145.15,7.8
4042,769,71,2,43701.27,24.6
4043,2200,86,4,56529.34,4.8
4044,633,122,2,33718.67,21.4
4045,1482,101,1,52289.56,39.7
4046,1428,82,2,43275.6,27.9
4047,324,102,3,25161.88,28.7
4048,429,55,1,19408.29,24.3
4049,2129,18,2,39991.01,26.8
4050,2540,103,3,25190.75,32.2
4051,2121,86,1,64467.81,9.6
4052,2164,139,5,48940.88,33.3
4053,1147,1,2,6984.07,37.2
4054,1260,13,2,53065.18,23.0
4055,2036,120,1,59173.95,35.2
4056,2376,57,4,15916.64,2.4
4057,560,91,3,43766.83,37.5
4058,426,58,2,50854.59,14.3
4059,1066,5,1,3944.83,7.1
4060,460,23,3,49129.82,25.9
4061,597,77,-1,825.55,15.6
4062,2027,27,4,57464.22,29.8
4063,2598,86,3,74543.36,0.4
4064,234,79,2,31132.67,0.4
4065,649,20,3,11331.11,39.7
4066,2687,80,1,17078.74,1.3
4067,979,22,5,11686.17,17.0
4068,1203,103,5,32861.2,9.7
4069,2330,73,1,58288.52,7.6
4070,2703,1,4,8021.5,2.7
4071,2111,121,1,17230.91,19.1
4072,531,69,4,77564.17,12.2
4073,646,86,5,69543.87,9.5
4074,2557,106,4,37838.56,39.0
4075,2010,55,2,26592.78,35.3
4076,679,23,2,38576.39,15.7
4077,2645,74,3,33800.96,6.0
4078,111,94,4,60387.77,6.7
4079,1760,150,3,6871.59,20.9
4080,1389,144,2,70842.82,3.3
4081,195,77,1,817.1,11.5
4082,1537,40,4,52786.29,9.9
4083,657,79,4,39312.4,0.4
4084,893,19,5,58504.9,8.4
4085,2957,58,4,61219.64,30.9
4086,1978,131,1,33694.15,19.7
4087,435,35,5,38465.95,6.4
4088,2268,119,5,44766.02,39.6
4089,1277,10,5,44433.7,13.9
4090,1206,10,4,47846.82,12.9
4091,1091,134,4,4990.11,3.0
4092,1605,50,5,67492.36,2.8
4093,455,91,-5,57280.15,16.8
4094,1981,2,5,57674.09,0.7
4095,791,98,1,36482.03,26.9
4096,2213,85,2,87224.04,34.5
4097,667,5,5,3960.79,8.8
4098,1491,36,1,8880.09,11.1
4099,90,103,-4,29495.04,1.8
4100,1070,55,5,22689.51,25.0
4101,1535,126,1,27328.24,15.6
4102,659,138,2,49482.57,10.3
4103,1434,112,5,30789.55,28.5
4104,1499,67,5,56840.58,32.1
4105,989,143,4,44215.78,30.9
4106,1911,73,2,50100.2,37.7
4107,1099,88,4,58393.13,4.4
4108,2304,20,1,13854.44,26.9
4109,1753,107,1,31039.78,27.0
4110,1165,121,4,12630.44,1.1
4111,2919,35,4,41621.43,23.5
4112,2395,79,3,38002.91,4.2
4113,1604,81,5,51982.36,22.1
4114,928,143,4,39333.16,33.0
4115,1449,89,4,56883.81,13.7
4116,2440,121,5,15548.79,3.4
4117,2569,59,4,57278.9,23.8
4118,2538,73,4,65404.31,23.1
4119,2845,99,4,53160.2,4.4
4120,1976,92,3,60922.99,39.4
4121,1808,89,4,38052.02,32.9
4122,1690,13,1,47721.82,32.5
4123,1702,108,2,33916.66,39.6
4124,979,55,2,18426.31,19.7
4125,2117,45,4,6683.95,30.2
4126,1937,143,4,55763.19,39.6
4127,2615,78,4,53602.31,6.3
4128,2767,66,3,69752.58,11.0
4129,1439,11,4,25789.37,13.3
4130,1343,96,5,52858.85,32.0
4131,517,14,4,35562.15,27.2
4132,1253,30,2,29167.1,146.1
4133,6,97,5,20958.56,2.7
4134,2968,110,4,18737.87,26.5
4135,496,126,2,36639.37,19.3
4136,1596,88,4,51160.99,21.6
4137,2957,25,4,41272.04,4.1
4138,2878,42,2,21102.97,1.5
4139,113,36,1,7975.43,34.9
4140,2467,147,5,39214.87,21.9
4141,2754,143,4,42365.85,18.7
4142,851,80,1,18155.43,14.8
4143,2460,102,2,18210.34,23.3
4144,470,124,1,11672.16,32.1
4145,2058,2,4,87110.1,27.1
4146,311,30,5,34210.97,2.5
4147,2092,23,4,41709.8,3.3
4148,3067,9,5,35022.83,14.0
4149,2253,113,3,16828.22,7.4
4150,1596,86,2,68235.66,5.0
4151,1450,149,2,52951.14,7.1
4152,1080,8,4,14988.12,3.4
4153,2841,33,5,239.54,27.0
4154,2260,49,5,74422.27,13.5
4155,724,20,4,13299.95,29.4
4156,717,15,1,6438.05,38.2
4157,3254,29,2,44459.57,17.7
4158,635,16,3,41155.88,17.2
4159,766,81,4,50083.43,19.2
4160,2464,1,4,8063.84,24.6
4161,295,18,2,58212.52,9.1
4162,2966,19,1,47407.76,7.2
4163,2993,75,2,4347.85,21.4
4164,765,5,5,4913.33,25.5
4165,1046,18,2,59567.94,28.3
4166,220,124,1,11731.36,22.7
4167,2168,116,1,75256.24,29.9
4168,2079,121,5,15741.16,0.3
4169,2761,118,3,73871.52,18.3
4170,2171,95,2,33988.55,24.7
4171,1322,79,2,48693.67,25.1
4172,2639,86,1,70642.29,11.2
4173,1066,66,3,49841.99,38.2
4174,39,135,2,33449.76,126.6
4175,2194,84,3,5077.7,31.4
4176,2762,102,5,23518.26,33.0
4177,2032,128,5,43799.9,29.8
4178,1510,49,4,54556.51,28.7
4179,485,110,5,16226.45,19.2
4180,2379,52,5,2781.76,34.9
4181,2765,19,5,47539.09,19.7
4182,1398,30,4,33887.66,7.2
4183,1744,17,-5,20026.42,10.9
4184,1202,42,2,30852.72,36.6
4185,256,98,3,49150.96,8.0
4186,1964,91,5,42762.18,6.5
4187,2732,93,1,74042.66,36.1
4188,1527,69,2,57840.41,8.8
4189,2033,142,2,64542.88,33.0
4190,220,79,5,34809.14,20.1
4191,1907,29,5,57954.22,37.2
4192,2454,42,1,25398.32,19.5
4193,1520,69,-3,81851.46,38.2
4194,1393,56,2,34137.21,34.7
4195,402,139,1,39840.14,29.1
4196,147,8,4,15598.88,35.4
4197,1757,32,1,21397.86,2.8
4198,2984,111,1,21775.87,37.8
4199,309,132,1,38787.72,19.5
4200,496,132,3,38237.34,2.6
4201,2157,81,2,47064.46,16.3
4202,753,58,1,56553.15,5.4
4203,2287,45,5,9011.42,28.0
4204,352,5,5,4045.37,34.7
4205,2901,86,2,57830.26,23.6
4206,2900,116,5,59435.41,7.9
4207,1122,84,5,5812.44,8.2
4208,1018,57,1,22453.92,18.3
4209,621,61,2,58922.25,33.2
4210,2595,135,1,37956.73,0.2
4211,550,14,5,46067.68,26.3
4212,1705,107,4,43151.15,10.4
4213,1945,50,4,71680.46,9.4
4214,1440,68,2,29008.06,35.4
4215,1658,100,5,31130.87,36.1
4216,374,40,5,51679.61,14.8
4217,1519,77,3,577.4,32.1
4218,3129,99,3,58556.08,12.6
4219,2319,120,3,72287.58,30.5
4220,186,21,3,76589.35,35.3
4221,105,124,5,9812.02,0.9
4222,560,48,3,43840.42,1.0
4223,347,141,4,51226.06,8.4
4224,1827,39,4,24516.45,25.5
4225,1822,120,4,52179.21,14.4
4226,1489,42,3,22970.44,12.9
4227,492,81,3,45002.68,11.6
4228,1176,61,5,49964.23,16.2
4229,2664,31,3,40015.79,29.9
4230,2775,98,2,46231.46,19.4
4231,1457,5,1,4418.88,13.6
4232,28,83,2,21872.33,13.8
4233,1042,122,5,32065.58,14.2
4234,1282,14,5,43100.27,1.2
4235,2599,126,1,37746.84,36.8
4236,825,110,4,20226.86,6.2
4237,1417,77,5,824.09,37.7
4238,1617,93,3,52365.66,24.8
4239,809,80,4,20968.45,29.7
4240,2956,148,3,25852.7,16.7
4241,331,55,2,17357.79,22.2
4242,167,56,4,41645.95,38.7
4243,1828,128,5,54206.39,3.8
4244,1856,3,4,69823.15,20.4
4245,804,23,1,42534.77,36.0
4246,575,76,1,64233.07,2.2
4247,943,72,5,33349.58,19.1
4248,1017,82,4,43853.85,20.7
4249,951,95,5,41337.47,1.4
4250,666,3,5,51884.04,38.4
4251,453,126,3,30233.72,14.2
4252,377,120,4,69165.27,6.4
4253,1253,59,0,46786.57,10.3
4254,66,129,2,2552.66,11.0
4255,2689,123,5,53256.8,10.6
4256,880,24,5,56562.82,31.0
4257,1680,89,2,44182.13,7.7
4258,304,16,1,26710.62,7.1
4259,543,116,1,61186.85,35.2
4260,1929,140,3,16640.05,20.1
4261,1983,45,4,9146.71,25.3
4262,1050,15,3,6843.61,28.9
4263,830,111,4,19864.89,38.9
4264,2064,146,1,8724.94,9.4
4265,1850,79,3,32038.58,0.1
4266,865,51,5,5336.75,8.9
4267,1123,44,5,36467.63,2.4
4268,948,72,3,32142.5,8.4
4269,1970,66,3,66153.08,3.3
4270,521,43,5,58150.7,23.4
4271,672,51,5,4326.42,20.3
4272,607,61,1,79696.46,13.1
4273,1084,148,3,36159.89,3.2
4274,230,23,2,54420.75,2.2
4275,406,75,2,4346.48,17.5
4276,1122,96,1,63059.57,37.9
4277,276,105,3,50915.24,14.8
4278,1522,145,4,30937.69,31.3
4279,381,113,5,11796.22,30.7
4280,1967,24,4,52656.21,38.7
4281,2831,73,1,52936.99,12.7
4282,404,141,3,51404.41,20.8
4283,56,70,1,27079.16,30.4
4284,2513,10,5,54617.92,23.7
4285,327,58,5,49587.09,33.9
4286,314,86,3,59927.89,4.8
4287,1313,111,5,19789.76,19.7
4288,485,109,1,12655.67,37.3
4289,1499,120,1,62409.45,37.9
4290,2730,95,4,49613.65,13.6
4291,374,21,4,64266.6,8.0
4292,1313,30,5,35423.84,18.1
4293,1560,147,1,40418.62,31.3
4294,756,99,5,58473.84,23.5
4295,901,91,1,49340.04,11.7
4296,3000,70,1,28412.32,17.8
4297,775,12,1,45422.95,15.7
4298,2351,102,2,25346.03,36.2
4299,2326,92,4,42527.06,29.0
4300,743,114,2,56486.08,15.9
4301,2384,4,5,51217.08,9.6
4302,1047,96,1,66153.54,20.7
4303,569,145,1,34450.95,2.1
4304,2000,39,2,29695.85,3.4
4305,870,116,5,68155.0,10.8
4306,683,136,5,8650.82,23.1
4307,2000,1,4,8302.97,12.6
4308,2811,45,3,9106.58,38.2
4309,585,25,2,33243.7,34.1
4310,756,88,3,58925.82,23.6
4311,2106,32,1,27192.72,1.2
4312,2217,141,1,50952.39,12.3
4313,2251,34,3,61208.99,32.4
4314,2271,25,4,45206.47,28.0
4315,1058,140,2,19959.6,15.9
4316,1371,3,3,57775.59,27.9
4317,1989,75,3,4504.39,35.9
4318,1669,112,2,29945.94,2.8
4319,643,70,1,26322.17,27.6
4320,415,6,4,54584.8,6.5
4321,2298,70,1,23604.87,2.8
4322,2423,34,2,45434.69,36.1
4323,1785,136,3,7839.57,15.8
4324,709,71,4,54162.35,19.7
4325,2276,146,4,8289.05,15.6
4326,1180,91,5,49619.98,27.2
4327,2568,19,1,44286.64,26.2
4328,1789,98,5,51441.44,19.8
4329,2309,75,1,4594.61,10.6
4330,2734,77,5,793.28,12.6
4331,399,108,3,31209.2,34.0
4332,1475,42,3,22274.52,33.3
4333,1757,79,4,38253.6,32.6
4334,2999,12,2,50098.78,14.3
4335,2538,70,3,25093.13,16.7
4336,1545,102,3,25979.23,8.8
4337,2393,72,2,42473.28,6.5
4338,1447,52,3,3805.97,25.4
4339,55,5,5,3903.23,1.7
4340,411,144,3,49923.82,23.3
4341,2200,59,3,48423.14,30.1
4342,2208,56,-1,46036.86,14.3
4343,242,55,3,27118.12,8.4
4344,516,77,2,619.43,27.1
4345,784,26,1,21771.36,14.3
4346,1509,147,3,50243.05,4.4
4347,888,98,1,51200.44,107.4
4348,1020,39,2,31211.94,35.1
4349,2904,32,2,22065.37,13.5
4350,2235,31,1,39155.14,35.9
4351,729,98,4,36267.06,4.9
4352,1055,90,2,51895.55,24.0
4353,815,28,2,51545.92,3.0
4354,1272,51,4,3957.06,33.1
4355,2845,97,1,20741.17,38.2
4356,10,20,3,13548.67,5.2
4357,1128,143,4,45720.12,17.0
4358,2113,28,2,74566.43,27.8
4359,1128,17,3,20199.12,0.1
4360,2193,37,3,25576.98,20.3
4361,1539,23,3,36326.36,0.1
4362,843,11,5,37290.0,22.6
4363,1286,99,2,69943.09,7.8
4364,2466,104,5,8724.66,23.1
4365,484,21,3,57716.72,24.3
4366,2532,59,2,50517.0,20.5
4367,2182,131,3,30268.2,25.0
4368,3028,45,4,7577.09,36.6
4369,843,62,5,12748.19,33.9
4370,1164,34,3,44222.02,20.7
4371,2419,58,5,66363.2,5.8
4372,605,59,5,51700.05,36.9
4373,1929,72,3,32977.61,27.2
4374,2719,32,5,24003.53,15.4
4375,2446,80,1,24079.74,25.6
4376,1166,134,2,7305.72,29.3
4377,2598,32,5,23729.95,9.1
4378,1929,42,1,26096.21,34.5
4379,1048,115,1,27169.24,3.5
4380,1933,37,5,25801.92,10.3
4381,1812,31,5,35384.25,13.0
4382,2223,145,2,36561.47,39.7
4383,2615,79,3,46032.27,29.7
4384,2064,56,-4,46390.45,28.4
4385,505,42,4,23478.27,29.3
4386,898,95,2,41202.68,25.2
4387,2707,85,4,57338.73,15.0
4388,2075,145,2,38316.72,2.5
4389,2559,132,3,38530.87,34.0
4390,1977,9,5,37018.07,22.4
4391,1167,35,1,28602.24,20.1
4392,2367,29,5,44110.37,22.5
4393,1500,61,4,64368.03,2.0
4394,2493,91,3,61517.49,17.2
4395,2659,31,4,31444.27,27.6
4396,1106,143,2,57013.39,2.0
4397,1611,63,5,61556.78,5.1
4398,478,117,5,63163.35,13.3
4399,2568,142,5,61144.57,20.6
4400,1828,41,4,38783.27,119.3
4401,2282,45,-4,8464.13,3.5
4402,2751,145,-3,37921.76,0.8
4403,2708,67,4,41021.76,6.9
4404,1713,28,3,49905.15,35.2
4405,1800,144,2,67359.72,2.6
4406,2106,59,2,51094.43,25.5
4407,506,91,2,57578.06,8.2
4408,2255,145,4,37502.78,34.4
4409,1571,99,1,65266.09,2.5
4410,1407,16,-3,38192.11,21.6
4411,91,25,3,46552.54,10.9
4412,786,83,4,15918.87,11.6
4413,1468,41,1,32927.31,3.2
4414,426,36,5,9474.88,15.4
4415,2606,45,5,7279.44,26.0
4416,2238,83,4,17538.29,10.7
4417,1122,113,5,11154.27,24.8
4418,1757,85,2,74052.18,29.9
4419,2656,66,1,67621.5,12.4
4420,1075,65,1,49240.64,30.0
4421,1943,30,3,38245.81,36.8
4422,613,143,1,49188.04,17.8
4423,130,131,5,29414.91,27.8
4424,226,29,3,42227.65,25.7
4425,1046,81,2,59345.46,5.4
4426,2845,17,3,17650.44,0.3
4427,2782,34,5,48396.54,16.3
4428,1777,45,1,8023.06,40.0
4429,1932,108,1,25418.89,17.8
4430,1336,110,2,22235.24,22.5
4431,295,12,4,58685.52,34.5
4432,2421,11,4,29654.5,0.4
4433,2828,50,3,72204.43,8.3
4434,2846,89,3,50557.4,0.8
4435,1938,35,4,29752.93,37.5
4436,427,135,2,40524.74,30.0
4437,2793,9,5,40018.39,21.4
4438,185,65,2,38972.52,16.3
4439,2930,64,3,32921.94,15.3
4440,32,46,4,52187.68,19.8
4441,1478,117,2,55975.07,29.6
4442,737,99,4,61543.31,7.3
4443,2310,16,3,37224.98,29.5
4444,13,104,5,9660.08,38.9
4445,597,19,2,53243.63,11.1
4446,1333,54,5,12095.26,34.8
4447,1699,44,3,26884.21,26.0
4448,884,24,4,56047.41,3.8
4449,897,113,3,14827.92,10.6
4450,161,109,-4,14165.62,30.3
4451,1336,108,1,29430.82,26.7
4452,2052,130,4,31280.51,38.0
4453,2300,114,2,81122.95,16.9
4454,1823,58,3,54870.94,38.4
4455,1331,10,3,36298.21,10.8
4456,1593,90,4,52730.38,38.4
4457,2470,82,1,31471.54,18.8
4458,985,122,1,27688.56,10.2
4459,1064,119,2,36563.74,3.7
4460,1039,142,-2,75821.07,27.2
4461,589,96,4,57324.32,9.8
4462,2769,62,5,10546.92,21.6
4463,1156,1,4,6576.26,2.5
4464,2880,17,5,17731.84,3.7
4465,2351,139,2,38711.94,30.9
4466,315,142,4,50793.88,38.4
4467,2922,52,1,3275.29,6.6
4468,1586,25,5,52911.44,5.2
4469,656,18,5,43711.13,21.9
4470,1583,10,2,53179.64,23.6
4471,1470,119,4,39865.19,29.8
4472,2636,27,5,50347.97,1.3
4473,2495,70,2,26789.64,12.0
4474,96,132,3,39525.22,28.6
4475,1190,66,2,73568.65,36.9
4476,1606,52,3,2878.68,4.3
4477,2673,55,4,16692.8,36.0
4478,2688,63,2,50275.87,16.8
4479,2096,47,1,32626.37,14.8
4480,622,20,1,13402.7,37.8
4481,201,130,5,30978.81,1.9
4482,2115,22,5,10359.52,16.9
4483,2090,40,4,56479.19,20.3
4484,968,53,5,26113.84,9.9
4485,2299,3,5,59612.03,19.4
4486,2050,10,5,45561.67,11.2
4487,818,89,5,56606.07,15.3
4488,2972,150,-4,7246.87,1.6
4489,594,40,3,66132.92,3.6
4490,2254,54,2,15490.25,4.3
4491,2087,97,5,16206.07,2.2
4492,1033,88,3,62376.88,32.7
4493,706,107,3,34196.28,20.3
4494,1472,97,1,16135.99,26.4
4495,1099,150,5,6722.64,18.8
4496,477,25,1,38151.58,8.6
4497,2414,107,3,30729.93,6.9
4498,1484,6,3,54865.39,32.1
4499,1179,137,4,63226.82,4.4
4500,1296,113,2,13566.58,17.3
4501,3019,130,4,32470.44,25.9
4502,2523,9,3,42994.94,10.0
4503,2321,117,3,53883.27,27.8
4504,798,75,2,6415.46,18.8
4505,2866,74,4,37534.1,39.2
4506,83,38,1,60084.09,13.3
4507,624,98,2,38246.44,17.8
4508,2893,87,5,26989.13,5.6
4509,551,5,1,4882.77,35.0
4510,930,78,5,37768.61,17.5
4511,443,141,5,57138.62,3.2
4512,423,50,5,71208.26,21.5
4513,2862,57,5,16483.34,17.9
4514,2166,103,2,29417.26,38.6
4515,1888,29,4,47258.52,27.0
4516,508,139,1,30879.63,17.7
4517,441,85,2,66752.93,23.6
4518,2874,6,1,46650.59,36.7
4519,344,56,2,38732.39,30.1
4520,993,33,4,345.64,37.7
4521,154,4,1,49071.42,31.3
4522,2852,134,0,6345.61,27.2
4523,2702,100,5,43753.03,29.6
4524,798,100,1,42806.28,36.0
4525,2927,146,5,8273.32,32.5
4526,2362,131,2,45790.26,4.3
4527,534,72,2,26995.78,27.2
4528,1069,102,3,21277.49,35.4
4529,593,85,3,55241.96,20.9
4530,2052,143,1,59565.69,23.1
4531,31,8,5,11127.65,31.9
4532,386,76,3,71847.15,20.5
4533,2952,119,2,54024.54,21.4
4534,2342,104,4,8191.81,27.5
4535,1290,28,-2,52263.39,33.0
4536,2227,13,1,52638.48,10.8
4537,2626,22,2,8508.18,0.7
4538,2524,105,2,49290.98,38.2
4539,1798,49,1,56028.29,21.2
4540,1228,69,5,73710.2,15.3
4541,1302,125,1,8821.32,0.1
4542,404,96,1,62457.4,11.5
4543,677,148,-1,31191.85,7.8
4544,496,56,2,42165.67,37.1
4545,1160,48,3,56142.55,28.5
4546,348,101,1,49649.87,32.9
4547,582,24,5,44122.45,40.0
4548,2712,139,3,32096.48,25.4
4549,2536,78,1,52745.88,37.8
4550,1989,105,1,48325.93,34.1
4551,1132,54,4,14887.64,3.1
4552,6,78,5,52432.63,16.3
4553,597,8,5,14416.5,28.2
4554,595,145,5,47858.67,25.5
4555,2612,81,4,47653.5,28.7
4556,294,37,5,27290.73,0.8
4557,2362,116,2,51210.16,12.4
4558,179,118,1,75594.2,21.9
4559,1790,30,1,33498.61,5.5
4560,1412,74,1,27657.17,17.1
4561,2690,66,1,58440.45,29.9
4562,2215,68,5,30318.81,11.6
4563,2226,48,5,61890.85,39.0
4564,1234,119,4,49839.71,16.0
4565,999,58,3,54625.92,32.7
4566,1711,117,2,68850.01,28.5
4567,2062,88,1,55594.42,13.5
4568,1058,66,5,50161.82,29.4
4569,1929,66,5,70158.6,10.0
4570,2739,78,5,56929.21,30.2
4571,1312,94,5,48508.67,8.4
4572,2855,147,5,51914.35,5.3
4573,2557,147,5,40816.66,11.8
4574,2457,106,1,36378.41,12.8
4575,1246,114,4,69838.22,17.4
4576,2074,17,3,13106.5,6.4
4577,2065,73,2,54342.64,17.4
4578,1511,100,0,34756.9,37.4
4579,792,52,1,3166.4,11.8
4580,1496,85,5,79356.12,37.3
4581,863,88,2,53907.1,27.2
4582,1510,122,3,39493.52,4.9
4583,1491,107,3,43852.65,0.5
4584,1394,131,4,35127.84,22.8
4585,2455,58,2,64862.35,16.3
4586,823,109,2,12955.02,13.8
4587,2035,73,3,56091.46,8.9
4588,229,30,4,25362.91,19.1
4589,880,73,3,64511.32,21.9
4590,1754,93,5,74188.67,36.4
4591,447,131,4,43250.76,19.8
4592,1520,116,3,74410.15,8.1
4593,2709,44,2,36041.36,7.1
4594,2570,37,2,22239.35,13.5
4595,2488,15,1,5980.0,19.9
4596,2730,50,4,60884.89,18.4
4597,1924,31,1,31823.47,4.4
4598,521,51,5,3957.6,13.6
4599,1076,23,3,42998.55,16.9
4600,300,7,3,63033.62,32.3
4601,2128,5,1,4338.79,4.6
4602,1980,3,2,58928.93,1.6
4603,2194,52,4,3540.34,27.6
4604,2478,94,5,52362.31,7.8
4605,2410,113,5,16810.67,26.2
4606,1215,69,4,54610.9,25.7
4607,15,102,3,18367.18,37.4
4608,53,75,1,6206.93,12.6
4609,2786,150,4,8636.78,10.1
4610,1230,63,1,50496.27,23.9
4611,942,87,3,29630.09,36.7
4612,2530,6,4,48443.8,2.5
4613,1321,34,3,48244.54,17.8
4614,1507,103,4,26590.5,5.5
4615,1794,150,1,8276.58,30.2
4616,1443,102,2,21993.73,13.3
4617,246,30,1,29672.08,8.2
4618,2497,46,3,43650.7,9.5
4619,1831,23,-2,49766.23,19.5
4620,898,137,4,56619.76,18.0
4621,2094,115,3,18545.72,27.5
4622,489,13,5,56526.82,0.6
4623,167,141,4,49383.87,36.4
4624,926,72,4,33133.37,26.9
4625,2664,109,-4,10605.51,3.2
4626,994,42,2,21660.88,16.0
4627,1808,59,1,60620.44,39.1
4628,2968,70,1,29396.48,24.4
4629,1125,35,5,30820.5,4.0
4630,2948,143,5,56904.26,35.1
4631,2030,141,4,44138.8,29.7
4632,1977,110,4,23583.45,2.2
4633,1933,4,5,47941.87,11.6
4634,952,130,1,33718.52,14.9
4635,1381,90,5,58720.74,21.6
4636,400,13,2,59599.52,31.0
4637,2419,68,5,33605.8,4.8
4638,203,138,4,36307.97,8.8
4639,2977,142,4,75493.77,16.9
4640,2885,65,1,39819.44,39.2
4641,2153,150,3,10152.23,8.6
4642,34,94,4,47105.45,36.6
4643,1587,127,3,57419.88,38.4
4644,2270,16,3,32055.5,23.4
4645,1074,149,-5,34704.92,13.1
4646,2348,52,1,2794.73,15.6
4647,2988,66,1,73371.78,3.3
4648,1066,27,5,70583.48,38.6
4649,123,84,2,5519.12,7.1
4650,131,47,3,35396.05,25.5
4651,1381,60,5,50845.87,36.1
4652,897,38,1,74600.59,11.1
4653,1126,124,5,10698.26,10.6
4654,1426,17,4,17941.53,19.2
4655,2184,15,2,6388.59,23.7
4656,926,131,4,28477.61,37.0
4657,1117,49,4,72821.04,29.7
4658,549,89,5,48437.9,17.8
4659,488,69,4,73329.82,15.4
4660,813,135,4,25878.27,18.6
4661,456,24,5,58677.52,9.2
4662,2917,69,2,52614.88,1.8
4663,1364,143,5,60925.08,25.4
4664,249,131,5,42322.68,12.0
4665,2527,46,4,51101.07,17.3
4666,1677,105,1,56828.81,25.8
4667,2755,79,2,46139.5,8.1
4668,2699,78,5,56288.44,12.4
4669,598,7,2,61351.4,24.4
4670,382,81,5,50042.69,28.2
4671,669,145,1,47329.74,38.5
4672,1833,8,5,10524.99,11.4
4673,270,33,3,343.08,8.8
4674,2497,40,1,60748.95,10.4
4675,2611,108,1,32001.02,1.9
4676,2319,96,3,65866.16,9.3
4677,2976,34,4,62653.0,18.4
4678,294,143,4,47424.34,28.7
4679,332,129,3,3376.21,3.5
4680,2165,110,5,16112.03,2.3
4681,1492,123,4,48029.76,30.5
4682,77,67,1,62608.0,1.8
4683,2114,87,1,31403.08,17.8
4684,1708,17,3,20655.77,3.3
4685,2595,76,4,51461.22,17.8
4686,971,29,3,57612.19,38.9
4687,1517,105,2,65981.82,15.5
4688,549,14,2,57191.33,10.1
4689,939,8,5,11256.18,39.8
4690,828,31,5,34567.18,23.6
4691,2067,48,2,60997.14,11.3
4692,2868,136,3,8526.82,5.0
4693,2965,56,1,35158.09,30.5
4694,922,47,4,32078.5,8.1
4695,1307,74,1,40671.82,11.9
4696,1209,29,4,62564.19,32.5
4697,2969,77,1,764.34,27.6
4698,2257,118,4,70414.02,8.1
4699,3142,81,3,56746.66,5.6
4700,880,117,4,58987.83,35.0
4701,1280,71,4,49075.27,36.7
4702,300,75,2,5849.09,35.0
4703,589,89,5,51715.86,29.8
4704,70,131,3,44623.28,28.3
4705,2718,67,2,40636.46,22.2
4706,534,110,4,22683.53,15.9
4707,2341,63,1,40996.45,19.4
4708,156,84,3,6590.95,16.4
4709,1720,42,1,24674.24,26.3
4710,2455,26,1,26091.21,14.5
4711,394,119,-3,45533.64,21.0
4712,2691,55,1,17369.23,12.9
4713,1225,55,5,24443.88,9.4
4714,7,11,3,35497.08,22.1
4715,2262,126,4,38649.26,39.9
4716,2597,50,4,49795.51,33.2
4717,2664,25,5,40712.25,7.9
4718,2540,53,-2,27985.4,7.1
4719,705,129,1,2869.63,3.3
4720,2061,46,2,53391.41,0.2
4721,2681,40,5,63664.87,4.3
4722,1765,81,5,54094.99,18.5
4723,756,89,2,46064.03,21.2
4724,2829,57,3,15394.96,2.7
4725,759,63,4,60620.3,33.0
4726,314,37,2,23302.29,31.0
4727,1435,33,1,354.06,32.1
4728,193,90,1,73203.71,2.7
4729,1318,130,3,24130.72,27.7
4730,1323,6,3,56601.84,29.0
4731,466,43,4,62874.82,2.4
4732,171,50,5,65565.66,17.6
4733,986,127,1,68724.44,14.8
4734,2885,138,1,47041.63,16.4
4735,932,76,2,62259.38,32.7
4736,1709,48,4,50878.79,2.2
4737,791,79,1,39572.07,23.1
4738,792,92,2,55184.65,33.6
4739,2586,95,3,41460.86,21.8
4740,1929,6,4,50990.49,35.9
4741,1892,19,4,39534.58,6.9
4742,1937,53,3,27864.41,5.8
4743,1913,138,4,36137.8,22.5
4744,1757,1,5,5799.92,18.7
4745,1219,135,3,26660.15,23.6
4746,689,103,4,26247.54,13.8
4747,441,59,2,49673.11,34.9
4748,1307,87,5,32702.45,6.4
4749,1860,23,5,37372.62,25.9
4750,96,15,1,5068.97,39.5
4751,2055,114,5,54429.79,18.4
4752,2372,43,2,54402.37,31.2
4753,1309,142,1,57813.41,16.6
4754,2399,70,0,22903.01,35.3
4755,2323,7,2,73528.79,29.4
4756,2446,117,5,58655.31,0.4
4757,711,69,4,78313.79,4.2
4758,2042,146,2,8860.99,13.1
4759,230,30,2,35073.03,21.1
4760,1059,136,3,6704.16,9.9
4761,2990,76,4,67272.26,15.1
4762,406,83,-1,22485.19,20.6
4763,2204,38,1,73410.39,39.2
4764,587,104,2,9431.03,27.2
4765,1495,127,4,52166.81,17.3
4766,577,95,1,31352.09,9.8
4767,1837,150,2,7557.02,4.8
4768,2593,143,4,40711.89,9.1
4769,2535,16,2,36176.01,28.8
4770,2078,130,5,25000.33,32.1
4771,1725,18,4,56227.43,13.7
4772,2216,68,5,31121.48,38.3
4773,1717,69,5,82509.0,26.5
4774,750,133,3,35409.44,2.3
4775,1286,112,2,24681.99,33.7
4776,2208,109,2,13910.11,38.5
4777,1609,85,2,85239.95,5.3
4778,733,135,2,34793.6,17.8
4779,2782,57,5,16843.15,15.3
4780,2924,137,2,70741.14,36.7
4781,436,140,4,20485.9,18.2
4782,1065,105,4,53166.75,21.7
4783,2925,149,1,34215.52,23.3
4784,1488,107,1,40130.19,6.5
4785,1826,111,3,21414.85,33.2
4786,558,32,1,24321.52,9.9
4787,991,13,5,48177.39,19.4
4788,2029,22,1,11017.49,32.5
4789,1691,133,5,39290.17,24.2
4790,1949,124,4,9070.39,13.3
4791,1353,94,4,48532.8,39.7
4792,283,45,1,8804.24,3.6
4793,1175,70,5,21765.45,37.6
4794,46,80,3,16765.97,28.9
4795,473,43,4,41151.81,15.3
4796,2297,47,2,25963.97,25.5
4797,1311,51,5,3679.8,23.1
4798,1395,147,5,34740.45,23.4
4799,2101,47,3,26044.32,4.6
4800,952,70,1,22822.58,30.0
4801,1087,126,-1,30391.91,9.8
4802,1800,44,3,24126.02,15.7
4803,1408,73,5,54582.09,39.5
4804,1423,44,1,35147.05,18.2
4805,2725,61,5,60228.41,38.3
4806,1478,62,5,11788.7,26.5
4807,2434,32,2,26806.75,36.0
4808,1139,12,4,41643.28,15.5
4809,1035,55,2,18342.72,38.3
4810,1545,122,5,41047.07,11.4
4811,645,109,4,11081.91,25.7
4812,650,97,2,13168.82,17.8
4813,1450,136,3,6157.25,18.3
4814,2078,22,5,10832.71,23.0
4815,2997,37,2,24824.3,14.2
4816,563,132,2,36791.74,8.8
4817,2242,10,5,53655.0,17.7
4818,1129,90,5,61613.34,12.2
4819,2646,119,4,55252.49,6.5
4820,1040,137,4,50617.65,27.6
4821,897,127,1,58487.77,39.1
4822,1595,85,2,61935.16,13.9
4823,1550,114,4,82422.85,32.8
4824,2645,23,2,47174.08,9.1
4825,2590,96,1,49422.6,12.2
4826,2992,63,1,56025.65,7.7
4827,2711,33,1,239.26,38.6
4828,517,111,1,22719.54,15.8
4829,2850,106,1,31341.7,24.9
4830,2212,105,5,63275.56,18.1
4831,404,148,5,27924.48,38.5
4832,2533,135,2,29942.83,0.6
4833,1816,95,5,34802.53,33.9
4834,2815,33,1,228.43,30.2
4835,808,52,5,2918.47,33.5
4836,2709,143,3,48086.02,39.2
4837,1579,76,3,70796.64,24.2
4838,1536,121,4,14974.99,0.6
4839,3096,42,1,24126.78,34.4
4840,778,145,3,31075.28,35.2
4841,872,144,5,59149.37,24.9
4842,1116,42,2,25178.93,17.3
4843,2546,126,5,28876.4,28.5
4844,2622,25,3,33610.36,16.6
4845,2008,132,4,30406.08,27.0
4846,1793,118,4,81192.71,33.0
4847,2472,80,1,18371.54,36.2
4848,880,99,2,52078.09,35.5
4849,2637,89,4,35782.16,32.8
4850,1526,11,3,35307.72,36.8
4851,2728,74,2,39666.15,39.6
4852,2100,122,4,40722.74,19.4
4853,2694,81,5,50153.62,8.3
4854,419,55,5,24889.53,5.7
4855,2129,33,2,245.02,39.4
4856,1380,136,2,6899.55,26.3
4857,538,37,-1,26672.22,11.0
4858,23,93,4,58125.13,18.1
4859,443,39,1,26572.71,6.9
4860,2528,138,5,54552.68,22.7
4861,2477,106,4,28826.43,38.1
4862,2996,143,5,50509.34,4.1
4863,2923,110,3,15881.48,27.4
4864,1336,150,4,8361.96,6.3
4865,2616,11,2,28771.19,27.9
4866,1138,140,3,14286.51,9.7
4867,2288,44,1,23690.22,20.5
4868,653,134,4,5007.15,35.1
4869,1502,59,3,59593.38,25.4
4870,1947,35,4,32245.09,35.5
4871,2956,13,3,48827.8,31.6
4872,2959,8,2,14462.17,35.3
4873,1266,16,5,40605.93,37.2
4874,503,143,4,41822.54,14.7
4875,1770,100,4,39158.28,5.6
4876,135,108,4,25747.89,16.1
4877,1952,51,3,4449.54,31.4
4878,2273,116,5,60474.35,1.1
4879,1417,15,5,6068.91,19.0
4880,2683,30,3,27438.69,37.9
4881,1762,12,-2,64897.54,16.5
4882,2581,128,2,36925.2,16.8
4883,1780,114,4,66648.02,35.9
4884,1379,86,2,64203.99,11.1
4885,1099,18,4,56301.59,7.5
4886,2300,39,2,27390.38,36.7
4887,440,67,1,57936.33,1.5
4888,955,69,1,51847.29,39.1
4889,506,63,2,60902.9,12.9
4890,1101,57,4,15756.24,15.0
4891,2397,70,1,22989.85,25.4
4892,2508,28,4,57822.24,25.2
4893,2340,25,5,41950.21,0.7
4894,407,36,1,9137.07,24.7
4895,1088,141,4,49624.65,39.7
4896,1349,9,1,53857.99,7.3
4897,1847,115,4,28774.27,0.3
4898,2715,8,3,10829.36,17.5
4899,2384,89,3,36940.46,34.6
4900,717,98,3,53286.07,21.0
4901,1176,99,5,59183.58,16.9
4902,2211,6,3,56025.29,13.5
4903,175,35,4,41416.29,3.7
4904,549,28,5,76034.54,20.9
4905,277,150,4,10597.2,6.7
4906,862,24,3,65848.63,18.6
4907,2556,87,2,33262.3,9.4
4908,681,56,1,33351.25,9.0
4909,1274,124,5,11710.1,34.8
4910,3000,147,5,50090.84,3.1
4911,71,97,3,18198.92,34.9
4912,684,132,1,29990.61,26.6
4913,2852,134,0,7568.53,11.7
4914,2161,116,3,59753.8,35.1
4915,416,137,4,60495.91,25.5
4916,808,38,2,71090.35,4.6
4917,84,23,5,49804.11,18.6
4918,429,148,3,32652.51,1.3
4919,2280,5,3,4212.03,17.0
4920,95,13,4,65596.96,16.5
4921,1823,82,5,33166.52,10.4
4922,2570,110,1,15687.95,4.4
4923,706,30,5,32447.7,2.1
4924,1125,38,5,52906.8,22.1
4925,1670,106,1,36921.63,29.8
4926,2350,41,4,31111.47,27.9
4927,1939,30,3,34030.35,7.6
4928,1714,81,4,40153.58,36.4
4929,2869,59,2,52372.05,33.5
4930,784,89,2,49321.22,27.9
4931,125,28,5,52229.26,32.6
4932,385,56,-1,44431.14,36.3
4933,2818,22,5,7660.57,27.4
4934,2378,59,5,49133.42,15.1
4935,1024,84,4,6427.34,16.7
4936,2960,13,4,43754.3,31.2
4937,1960,10,3,46928.34,39.0
4938,1866,127,5,67814.04,21.1
4939,2926,78,3,45947.93,35.7
4940,557,106,5,38340.26,33.9
4941,291,70,1,24234.35,5.3
4942,831,127,3,59210.78,26.7
4943,2649,106,4,37597.7,37.0
4944,655,93,2,54406.49,32.5
4945,120,36,5,8394.49,28.8
4946,2378,73,4,49149.87,12.5
4947,2752,64,1,41442.54,27.6
4948,1240,11,4,27763.78,25.4
4949,2087,52,5,2866.26,0.2
4950,2912,116,2,48208.81,2.9
4951,915,77,5,813.15,5.7
4952,1595,113,1,14969.51,4.7
4953,2272,45,5,5859.9,19.4
4954,228,104,3,8694.8,7.1
4955,1499,114,2,83169.08,34.1
4956,350,56,5,38161.26,18.8
4957,1192,80,1,24789.23,4.4
4958,319,52,2,3334.16,26.5
4959,2902,75,1,6722.43,15.4
4960,1219,9,3,43101.22,34.7
4961,2105,123,5,63890.24,19.5
4962,1041,143,2,40783.02,2.9
4963,1318,4,2,53915.53,34.1
4964,1245,15,4,7275.99,33.6
4965,2075,25,5,46193.12,24.9
4966,337,55,2,16856.89,31.9
4967,1875,29,5,53964.76,38.9
4968,710,103,1,25991.92,31.8
4969,1490,149,1,42671.93,39.6
4970,566,116,2,49482.78,30.9
4971,78,104,4,8747.14,19.0
4972,2544,39,3,29286.86,16.6
4973,1146,3,5,58431.49,4.5
4974,1547,132,2,38751.94,10.6
4975,2058,117,3,68152.35,24.3
4976,2018,143,2,58469.75,9.3
4977,2306,20,5,12150.87,36.2
4978,278,21,2,81688.28,39.8
4979,554,136,4,7873.42,36.5
4980,2296,55,4,26881.7,9.1
4981,1258,42,4,24363.0,1.1
4982,828,88,4,54880.59,9.6
4983,297,104,4,6442.68,21.1
4984,1779,8,4,14488.94,9.2
4985,1612,12,5,58764.7,24.6
4986,2980,91,1,59203.41,26.3
4987,3284,19,4,39539.38,33.3
4988,3105,103,2,32095.09,19.0
4989,2588,76,2,52529.42,6.3
4990,2873,47,1,26151.15,8.2
4991,1061,92,1,50251.02,0.7
4992,1345,97,1,15302.59,4.2
4993,1304,34,1,45573.76,10.9
4994,2688,95,1,50576.5,16.6
4995,1015,147,3,37554.2,15.8
4996,253,73,4,65063.55,3.2
4997,1746,13,2,44900.19,27.3
4998,1729,127,5,67763.7,12.1
4999,2986,25,5,51364.42,12.1
5000,2500,100,5,37426.64,24.5
5001,478,20,2,13594.33,18.6
5002,370,44,5,36415.71,27.1
5003,291,138,3,44440.24,24.1
5004,2079,105,5,45633.53,12.7
5005,414,73,1,48856.97,23.8
5006,262,39,5,26273.73,13.4
5007,1181,31,4,27787.85,38.2
5008,1338,101,1,40708.72,0.1
5009,1245,18,1,41542.14,1.2
5010,1540,24,3,68307.32,28.8
5011,1827,24,1,62247.44,14.3
5012,1665,75,5,6064.82,37.9
5013,1034,83,1,15308.4,38.8
5014,1202,99,1,50692.96,32.6
5015,686,54,3,10660.43,9.2
5016,2492,82,5,35619.84,22.5
5017,2593,115,2,21966.9,32.2
5018,1419,106,3,26911.08,35.2
5019,134,139,1,32082.53,23.8
5020,1009,145,4,43170.74,13.0
5021,30,53,5,23109.32,6.0
5022,2519,132,1,38131.35,18.7
5023,382,93,3,57561.87,7.5
5024,1265,105,5,64476.84,13.5
5025,2864,2,1,73623.12,33.7
5026,251,92,2,46674.57,34.6
5027,2981,88,1,56716.88,9.9
5028,979,59,2,37088.23,19.2
5029,2268,143,4,61503.65,11.7
5030,2551,17,2,13059.21,17.4
5031,2160,87,3,25423.46,37.5
5032,2349,24,1,56448.72,26.1
5033,2564,11,5,31256.86,37.3
5034,1151,63,3,53519.54,8.3
5035,855,145,2,41281.31,15.0
5036,953,65,1,58022.46,5.5
5037,2662,103,1,25646.64,8.5
5038,1415,76,4,48147.29,11.0
5039,2286,46,3,49928.47,33.7
5040,256,149,2,49170.59,34.5
5041,485,95,2,37994.28,4.5
5042,643,17,2,13857.4,34.3
5043,1776,61,5,63221.21,7.6
5044,411,60,2,44405.43,17.1
5045,1760,50,3,58412.53,26.9
5046,1841,78,4,43990.7,24.3
5047,1504,106,3,27994.52,7.9
5048,333,77,2,651.19,13.3
5049,1954,70,3,19366.88,14.6
5050,2046,19,2,59969.1,12.1
5051,2762,133,5,33091.17,20.3
5052,2065,74,5,32414.02,22.9
5053,1778,15,1,7453.18,32.2
5054,2394,58,5,68389.36,18.8
5055,356,137,4,69003.74,31.8
5056,2815,64,2,42810.65,16.7
5057,638,114,3,57676.3,14.4
5058,2063,148,3,39621.0,38.3
5059,769,39,2,33342.2,11.8
5060,1811,17,5,16141.19,4.9
5061,2757,104,1,6414.69,38.0
5062,2049,87,5,33802.4,25.4
5063,901,69,3,66850.0,14.0
5064,867,27,1,53572.83,21.3
5065,336,48,4,45540.27,30.4
5066,1719,36,1,9196.55,8.3
5067,607,133,2,37338.7,17.5
5068,2051,25,1,32827.55,34.1
5069,2708,138,1,46530.75,1.5
5070,2278,14,4,36430.58,38.2
5071,2549,64,4,48792.23,9.7
5072,864,99,4,50678.39,27.2
5073,2307,37,3,21273.02,2.1
5074,1898,23,5,42008.74,36.0
5075,1493,48,2,48401.85,16.2
5076,547,88,-4,58094.97,1.5
5077,1949,94,5,66060.98,19.2
5078,2428,58,4,72760.61,18.8
5079,841,70,3,18793.92,19.2
5080,50,49,2,78473.36,37.5
5081,161,52,1,3315.42,23.1
5082,1513,9,2,35037.16,5.8
5083,1114,119,5,55559.16,6.1
5084,949,102,1,19522.35,31.8
5085,1388,146,3,9260.01,15.2
5086,3298,135,5,39776.49,23.4
5087,2452,100,5,35965.13,33.3
5088,531,86,2,71422.25,7.3
5089,568,83,1,14173.84,21.8
5090,821,122,1,39477.47,20.7
5091,1024,35,1,40604.48,36.8
5092,853,11,5,29002.75,21.0
5093,1112,58,-4,75061.25,24.8
5094,563,141,1,51961.46,36.5
5095,163,76,4,67415.38,32.1
5096,1597,89,2,37115.31,30.8
5097,822,4,4,53411.58,15.6
5098,1215,100,1,46672.53,21.9
5099,1872,66,4,67711.45,12.8
5100,2085,34,5,43938.21,19.3
5101,2626,31,3,33505.89,9.5
5102,2761,61,4,53380.26,9.4
5103,1257,126,5,40961.65,24.5
5104,215,126,3,31381.85,25.4
5105,693,6,4,64000.38,34.1
5106,2698,40,1,52605.92,19.9
5107,2036,17,4,19947.18,24.3
5108,601,91,4,53757.27,26.4
5109,778,31,1,36114.78,28.5
5110,2761,96,1,51129.88,0.9
5111,860,13,1,71003.05,18.4
5112,2003,140,2,20470.1,23.6
5113,1529,66,2,52811.26,26.4
5114,2118,29,2,62684.65,38.1
5115,1769,87,1,26569.87,27.6
5116,1283,15,1,6901.89,0.9
5117,1080,18,4,64605.97,38.0
5118,2346,66,2,71939.46,5.0
5119,1670,86,-4,53984.91,29.8
5120,2123,61,2,75417.01,29.4
5121,1807,113,5,16568.96,8.1
5122,2840,17,1,17099.71,20.0
5123,495,96,3,50390.71,23.0
5124,3385,130,-2,30834.92,3.7
5125,1265,18,2,42395.8,5.2
5126,2861,2,1,68336.98,29.0
5127,1096,108,5,33055.6,7.8
5128,1785,60,2,61155.01,9.4
5129,121,139,3,36984.16,19.6
5130,1196,134,4,6519.28,28.5
5131,954,28,1,71233.16,131.2
5132,2644,41,3,37368.28,17.2
5133,554,65,3,36152.66,8.3
5134,2138,114,2,60106.68,31.6
5135,1400,143,5,62183.88,28.0
5136,959,16,4,29466.03,33.6
5137,2090,95,5,43770.7,31.7
5138,84,141,4,44333.56,24.7
5139,2113,112,3,28855.42,19.0
5140,2839,74,2,42692.21,1.6
5141,1507,96,2,53018.96,1.9
5142,2249,135,5,36570.06,10.9
5143,1008,140,1,14229.2,18.1
5144,2342,69,3,81649.31,14.8
5145,442,39,1,31331.95,15.4
5146,1678,39,3,28494.9,37.2
5147,1757,121,1,12858.28,9.3
5148,546,112,3,28457.79,37.8
5149,2723,132,2,27488.18,1.5
5150,2812,82,2,35222.29,0.8
5151,2569,53,2,23502.06,0.4
5152,2940,55,5,18976.29,6.7
5153,531,64,5,43699.36,18.9
5154,2151,20,1,12704.33,23.5
5155,2807,88,2,57602.98,30.9
5156,2289,73,2,45277.06,2.5
5157,1901,2,5,62400.08,22.7
5158,1890,57,2,15227.81,13.1
5159,775,64,1,36281.38,29.9
5160,2950,63,5,61265.39,9.7
5161,2136,125,2,9633.62,13.1
5162,2577,150,5,10333.1,20.2
5163,50,83,3,22295.49,19.5
5164,750,119,1,39238.54,18.5
5165,246,76,5,70968.02,10.8
5166,2497,28,5,65065.15,17.7
5167,1866,126,5,39351.16,37.2
5168,465,63,2,58737.9,0.4
5169,402,127,-4,59966.76,23.2
5170,409,6,2,52551.75,9.1
5171,746,82,5,35618.11,0.4
5172,479,57,5,21447.42,36.5
5173,124,121,3,11134.81,12.9
5174,1036,23,5,52939.99,26.4
5175,855,100,5,41416.93,1.6
5176,1267,3,3,59652.57,7.3
5177,869,11,1,37039.83,24.9
5178,1108,91,1,47937.86,1.1
5179,1591,117,3,79630.13,24.6
5180,2431,145,5,31024.92,36.0
5181,570,116,2,54343.38,8.0
5182,1730,29,4,62914.94,7.7
5183,1390,135,4,26728.12,14.4
5184,51,49,5,60479.57,2.9
5185,820,87,4,27038.77,11.9
5186,2331,125,3,11803.82,6.9
5187,346,29,4,39772.15,37.5
5188,970,3,-1,53975.54,16.2
5189,641,13,1,51899.0,35.4
5190,1072,41,3,39923.77,39.7
5191,1212,87,5,21043.26,33.8
5192,2824,141,4,51816.24,22.8
5193,1134,97,-1,15307.94,29.5
5194,2005,112,5,28164.13,4.6
5195,1926,134,-2,7089.73,6.9
5196,787,65,2,48337.02,19.7
5197,37,31,1,32314.89,11.1
5198,2641,20,5,14427.73,17.1
5199,3312,107,1,41379.79,22.6
5200,500,118,3,77675.06,24.9
5201,155,144,5,59788.76,32.1
5202,2349,53,1,17870.48,26.1
5203,1671,5,3,4805.88,31.3
5204,1249,57,1,15308.42,31.6
5205,2478,125,5,10806.4,32.9
5206,1154,122,2,30386.14,24.3
5207,1834,91,5,45678.32,36.4
5208,774,148,4,38283.15,10.1
5209,542,1,2,6239.01,5.8
5210,2690,3,2,68704.89,5.5
5211,2971,122,2,38285.13,1.2
5212,1735,30,5,25008.14,32.4
5213,2697,127,4,56620.9,9.7
5214,1984,121,4,12476.13,17.7
5215,2707,121,2,12159.54,0.8
5216,916,102,4,22523.41,33.3
5217,218,138,1,45546.84,2.1
5218,1944,77,2,670.45,25.5
5219,3013,65,1,56810.86,33.8
5220,1174,21,5,53999.65,2.0
5221,2777,19,4,54376.12,32.2
5222,309,109,5,12520.14,8.9
5223,342,139,3,37120.32,19.4
5224,94,57,1,22084.85,19.3
5225,92,122,2,35326.25,9.4
5226,815,7,4,66392.8,31.9
5227,683,99,5,68203.95,28.7
5228,710,26,4,31859.27,14.3
5229,2784,138,2,46821.79,11.7
5230,823,66,5,52966.26,35.1
5231,862,2,1,62382.44,13.5
5232,2503,100,5,30652.38,31.4
5233,2045,82,4,40661.11,0.9
5234,2854,118,1,81141.75,0.9
5235,154,45,4,7121.54,10.5
5236,632,12,4,44109.26,22.9
5237,1430,134,2,5017.17,27.7
5238,1558,44,5,26497.47,17.9
5239,745,2,3,82516.61,30.9
5240,1035,15,3,5595.61,31.5
5241,1430,22,5,10919.85,3.5
5242,727,37,5,27172.94,5.8
5243,3363,69,4,65597.66,8.0
5244,2991,14,4,38526.61,38.1
5245,2770,28,1,54908.27,1.4
5246,2146,81,1,40387.47,2.7
5247,2023,125,4,9772.7,9.4
5248,1271,119,1,44042.5,11.3
5249,782,130,-1,36890.23,33.1
5250,688,68,4,23100.83,20.9
5251,2178,100,4,45173.46,20.7
5252,188,113,3,16453.43,7.7
5253,781,95,5,35911.44,36.1
5254,1513,123,5,69484.19,18.3
5255,2804,51,0,4121.53,24.7
5256,1396,80,4,24148.24,0.4
5257,1883,12,1,61217.08,20.8
5258,785,71,1,38308.95,3.0
5259,220,27,3,61404.61,5.5
5260,90,12,3,60872.74,21.3
5261,2704,74,4,28349.4,32.4
5262,1797,73,1,54563.01,6.7
5263,2222,51,4,4641.99,35.6
5264,777,84,3,5446.39,18.6
5265,407,140,2,18089.3,30.7
5266,1921,146,4,7861.12,23.9
5267,2190,134,5,7226.5,26.3
5268,486,98,2,52147.88,12.2
5269,1551,69,-5,84113.96,37.1
5270,569,97,1,20334.54,32.4
5271,1320,149,3,49816.53,20.9
5272,550,97,4,19793.11,36.6
5273,67,112,4,28888.31,39.9
5274,2745,121,5,16156.38,3.9
5275,2903,16,3,36477.49,31.5
5276,2969,47,2,25613.27,9.6
5277,2955,13,5,45772.59,4.8
5278,2999,37,2,32752.89,38.2
5279,2567,25,2,45695.86,26.4
5280,65,86,2,62640.3,7.4
5281,1759,36,5,8725.81,29.7
5282,914,5,4,5132.63,16.9
5283,2557,22,5,8214.51,7.4
5284,2591,105,2,42456.18,26.8
5285,462,41,2,34436.63,23.6
5286,2736,150,3,10315.75,27.3
5287,2171,88,4,52474.96,31.7
5288,311,58,2,50803.28,29.7
5289,976,27,4,57243.63,24.1
5290,930,57,3,19240.19,37.4
5291,1736,93,-5,47946.86,21.1
5292,2185,57,3,19762.5,2.5
5293,235,100,5,39464.1,35.2
5294,162,98,1,47282.94,5.8
5295,1275,121,4,12006.86,34.0
5296,2937,113,4,14209.13,39.5
5297,2251,125,4,12362.38,25.9
5298,67,131,2,39090.11,24.2
5299,817,128,5,49462.02,28.6
5300,120,85,-5,68700.23,36.5
5301,1846,82,3,46524.78,37.7
5302,31,96,1,46989.98,0.4
5303,1782,6,3,60695.45,3.9
5304,14,12,5,56209.57,10.9
5305,1711,117,2,63741.47,9.8
5306,1366,68,4,23934.43,19.8
5307,1160,39,5,30608.44,23.2
5308,2015,80,3,19282.76,16.9
5309,452,102,2,16591.27,22.2
5310,2191,147,5,43994.63,36.5
5311,2834,92,5,40861.9,0.4
5312,880,25,1,39303.0,6.0
5313,2356,133,3,37132.26,27.8
5314,710,81,0,44177.73,23.4
5315,1349,10,1,52233.15,26.0
5316,2162,137,5,63355.66,25.1
5317,1731,104,4,8208.62,6.4
5318,933,136,3,8607.2,2.7
5319,1299,78,3,50556.22,2.7
5320,43,76,3,64521.42,25.4
5321,499,66,1,58910.66,36.5
5322,304,59,5,40634.99,18.9
5323,426,93,-1,58486.65,19.5
5324,1560,132,3,36568.46,11.6
5325,2625,109,1,11090.16,29.8
5326,1422,27,2,72519.64,19.3
5327,655,138,1,49750.45,36.8
5328,2447,122,3,28043.93,6.2
5329,1230,142,1,59883.72,8.2
5330,813,58,5,54181.82,21.9
5331,1628,65,4,44405.2,35.5
5332,2474,47,4,26527.75,5.4
5333,1461,19,3,42722.11,16.9
5334,426,56,1,44462.71,32.8
5335,1906,47,2,33268.9,19.5
5336,2046,81,5,40044.22,10.0
5337,859,145,4,44913.63,12.5
5338,2807,148,4,34413.89,23.0
5339,2551,94,5,67636.21,35.1
5340,1266,22,3,11714.35,36.8
5341,1012,93,5,50807.24,39.8
5342,781,16,4,31735.32,11.2
5343,907,34,1,54659.62,18.7
5344,910,72,2,32812.2,23.7
5345,1452,81,4,57606.28,16.6
5346,2168,125,1,13743.79,16.7
5347,1674,64,4,34886.31,23.1
5348,660,114,2,55016.33,7.1
5349,1003,32,5,17199.58,36.3
5350,191,113,3,14186.62,21.2
5351,1702,130,1,25995.18,20.8
5352,893,29,4,58430.27,32.3
5353,2476,68,5,25545.08,10.8
5354,332,70,4,18468.83,13.3
5355,2342,95,4,35276.49,15.0
5356,2275,120,3,54589.42,25.0
5357,1214,89,5,43982.73,5.7
5358,2611,123,1,48265.09,33.2
5359,230,55,5,18719.54,39.5
5360,1016,55,5,20630.2,34.0
5361,2756,140,5,16133.65,32.1
5362,2827,27,1,77073.21,20.0
5363,1852,81,2,54683.55,15.2
5364,682,131,-4,31073.86,27.1
5365,2045,117,1,68208.13,7.2
5366,248,116,1,72276.88,21.6
5367,1062,109,4,14050.72,0.8
5368,1226,97,1,13391.11,34.3
5369,746,138,4,58296.98,26.5
5370,2624,148,5,39219.61,36.8
5371,484,137,5,53962.7,7.2
5372,2647,43,-5,42468.29,2.8
5373,253,29,3,53236.05,28.8
5374,2542,134,3,4936.18,7.5
5375,1386,142,3,58056.66,10.0
5376,1473,58,4,59415.39,30.1
5377,3308,134,3,7720.0,28.1
5378,1789,34,5,61312.77,11.3
5379,2210,78,1,43044.33,18.1
5380,1616,99,3,55345.14,4.0
5381,1229,119,4,52544.76,32.9
5382,1540,7,1,59088.74,36.5
5383,2749,122,2,31607.86,13.9
5384,1860,32,2,22744.19,20.6
5385,1192,62,1,13543.41,12.7
5386,2424,103,1,30850.69,18.4
5387,594,42,4,28944.96,19.8
5388,288,131,-2,38458.02,16.0
5389,1765,129,3,4000.84,17.0
5390,868,112,5,20935.66,13.6
5391,1784,94,4,53431.28,22.1
5392,1048,30,4,35831.09,27.0
5393,2001,15,5,7223.55,17.0
5394,1668,72,1,28145.97,10.2
5395,357,39,2,29726.0,5.8
5396,2710,43,0,55294.11,37.7
5397,1990,39,1,31951.16,36.3
5398,1587,124,5,9392.47,32.7
5399,993,45,5,7312.4,9.3
5400,1813,82,3,43907.75,37.0
5401,152,27,4,58924.66,3.3
5402,2115,143,2,60812.87,6.4
5403,2072,17,1,14952.95,10.7
5404,1788,64,-3,41406.19,38.6
5405,1123,134,4,7553.33,36.1
5406,700,119,1,49685.31,10.2
5407,1289,124,4,11794.48,39.1
5408,823,82,4,31040.24,36.4
5409,450,120,4,46332.55,6.5
5410,1754,149,3,50769.41,21.8
5411,2604,119,3,37789.39,30.4
5412,2272,115,5,25442.99,1.3
5413,607,43,4,44939.93,7.2
5414,2763,98,-3,45258.18,4.8
5415,1380,135,4,39987.09,39.0
5416,1516,142,5,51758.25,27.4
5417,2681,8,4,12620.18,25.6
5418,165,138,2,53688.65,36.2
5419,2495,60,2,55081.42,16.9
5420,2472,128,4,51443.17,23.1
5421,28,29,1,50291.23,10.8
5422,816,85,-1,70813.75,20.3
5423,241,48,3,42964.61,14.6
5424,2227,116,-5,75644.73,26.1
5425,1080,37,3,24085.65,32.1
5426,701,54,1,11283.85,8.0
5427,2694,52,1,3043.17,9.6
5428,1731,149,3,32784.94,19.3
5429,2681,59,5,37351.97,33.6
5430,2279,4,5,62951.96,19.2
5431,812,75,2,5819.37,31.1
5432,162,18,5,56956.21,8.0
5433,343,53,4,21946.85,16.9
5434,2956,96,1,43226.02,29.1
5435,1179,91,4,54587.11,32.5
5436,988,4,2,48072.92,0.1
5437,526,103,5,32777.73,5.4
5438,756,78,1,54084.73,3.3
5439,3096,146,3,7269.18,31.6
5440,2284,146,4,10010.1,24.3
5441,375,114,1,54315.36,5.8
5442,2950,43,5,42616.04,5.1
5443,944,10,1,55145.69,24.9
5444,529,51,5,4882.91,25.7
5445,1856,92,1,41332.45,14.3
5446,1771,2,2,68680.44,4.7
5447,1236,60,-2,55065.46,14.1
5448,1695,61,5,50346.59,30.6
5449,1333,36,2,9680.45,19.4
5450,364,60,1,67204.77,9.2
5451,2523,80,3,15754.33,1.2
5452,1932,144,5,53230.86,8.1
5453,2401,66,2,75993.18,31.7
5454,2075,94,2,52227.92,21.8
5455,210,13,1,66330.06,35.6
5456,1507,91,4,51847.7,33.1
5457,496,133,2,34416.24,29.1
5458,2243,133,2,31307.99,10.6
5459,1687,148,1,33886.5,9.1
5460,2916,99,2,66713.51,30.8
5461,1686,32,4,20932.33,32.4
5462,345,123,3,49573.91,18.2
5463,176,91,3,52129.8,15.1
5464,1645,15,5,6106.15,136.4
5465,20,17,-4,18649.18,18.2
5466,1833,17,4,13885.73,35.6
5467,1462,131,5,35215.06,37.5
5468,405,73,5,58348.99,27.5
5469,2866,18,2,44337.08,39.7
5470,338,64,2,45600.06,28.5
5471,591,20,4,11968.56,8.5
5472,1979,83,4,17734.11,11.6
5473,1843,143,5,50432.02,17.8
5474,330,134,4,6656.35,20.7
5475,75,111,4,17145.01,10.5
5476,1814,55,4,18310.15,16.7
5477,2522,57,1,17636.6,1.8
5478,2755,138,1,39166.66,23.5
5479,1674,47,3,32606.11,31.2
5480,445,34,1,44426.77,10.8
5481,607,88,3,59595.11,31.2
5482,1254,56,2,41629.5,37.0
5483,2409,33,3,358.01,27.7
5484,2544,36,5,10921.36,6.1
5485,555,114,1,54204.17,26.0
5486,1623,75,4,4515.22,35.4
5487,540,80,2,16820.67,38.1
5488,623,21,1,83294.97,6.5
5489,55,7,4,48850.7,33.6
5490,67,41,1,38452.23,7.9
5491,379,126,5,28446.63,13.8
5492,371,95,4,39092.45,10.9
5493,1385,5,3,3903.95,30.6
5494,2121,90,4,57886.47,22.3
5495,1926,20,1,13384.7,28.3
5496,783,31,1,28874.39,37.3
5497,1172,82,5,34554.22,32.1
5498,81,72,4,41428.37,9.6
5499,1945,30,0,30848.8,24.6
5500,1756,66,1,57293.62,28.1
5501,2931,23,1,39510.59,15.7
5502,2286,107,4,34678.16,20.1
5503,1259,68,1,27105.91,37.2
5504,2658,47,3,32292.14,18.4
5505,1571,26,5,26216.08,11.3
5506,355,14,2,35380.49,23.8
5507,115,119,1,52164.71,20.6
5508,2704,112,4,27445.11,34.3
5509,234,47,5,22909.63,28.8
5510,1565,143,1,47389.35,39.1
5511,2549,50,2,67031.91,10.3
5512,3216,29,4,39796.88,20.8
5513,605,54,2,13730.93,18.3
5514,557,120,3,64697.12,12.7
5515,2580,138,1,45739.02,34.6
5516,1664,125,4,13637.51,18.9
5517,3321,66,5,73814.55,0.1
5518,872,34,4,53674.94,15.0
5519,2401,63,1,48036.43,28.0
5520,34,1,1,6352.33,25.9
5521,2216,1,2,5893.0,0.3
5522,861,95,3,44282.73,35.7
5523,1345,102,1,16997.4,20.8
5524,1849,100,5,30987.76,31.2
5525,482,99,2,59466.97,10.4
5526,2430,49,4,74679.96,7.3
5527,1058,2,2,56146.58,29.1
5528,2896,131,2,41134.13,39.3
5529,2916,80,3,23122.01,14.2
5530,2282,104,3,8762.46,8.9
5531,2581,129,1,2743.02,22.1
5532,176,11,2,37306.52,8.1
5533,1891,6,3,56148.6,31.8
5534,858,5,3,3691.21,22.3
5535,1818,54,2,13998.04,25.6
5536,1454,12,4,43695.26,31.7
5537,2772,61,3,76642.77,14.4
5538,2467,32,2,22013.18,9.9
5539,2063,53,4,22869.43,3.8
5540,1980,52,5,3414.84,21.3
5541,2375,5,5,4057.45,11.6
5542,688,88,5,58477.48,34.7
5543,868,6,1,44324.22,33.1
5544,173,94,2,58246.54,31.7
5545,1139,118,3,71389.39,16.7
5546,938,51,5,4486.4,36.8
5547,2849,18,3,60360.13,35.7
5548,843,45,2,9042.89,32.1
5549,699,82,1,44662.66,19.3
5550,2311,81,3,38908.95,0.5
5551,1321,12,4,42171.28,3.1
5552,2642,10,2,57255.02,32.8
5553,1263,72,4,35201.95,0.8
5554,2020,98,2,53043.96,31.6
5555,290,25,3,36122.95,5.6
5556,2449,138,1,45844.79,27.3
5557,289,102,4,22588.36,9.7
5558,1154,122,2,33844.38,32.0
5559,1866,75,2,4776.64,4.6
5560,1557,91,5,44817.38,16.4
5561,538,127,5,60480.8,2.4
5562,2438,49,2,56504.45,2.0
5563,584,4,5,50089.77,22.2
5564,2108,82,4,43987.25,33.6
5565,1543,22,2,11988.22,21.0
5566,177,33,3,272.93,22.6
5567,707,77,4,621.14,30.5
5568,1195,87,1,25774.93,19.4
5569,451,103,1,28523.19,19.4
5570,1248,30,1,34880.82,23.0
5571,2036,135,2,36926.05,26.2
5572,1752,104,1,6186.99,17.8
5573,3138,142,-1,67347.1,1.6
5574,471,96,4,50274.11,7.4
5575,1506,41,3,41905.15,36.1
5576,1324,79,5,39185.9,31.7
5577,2396,120,3,58955.54,26.7
5578,2940,129,3,2522.22,0.1
5579,1922,55,-1,24999.01,7.5
5580,2554,28,2,69695.22,30.1
5581,2346,84,3,5011.17,2.8
5582,48,7,3,53223.44,2.0
5583,398,64,4,41396.22,14.2
5584,216,116,1,53342.79,28.7
5585,2801,45,5,8923.9,5.3
5586,396,97,5,19841.62,31.6
5587,2379,71,2,39636.17,29.3
5588,1526,19,4,46188.39,37.5
5589,296,141,2,56717.99,24.3
5590,347,120,1,58347.01,21.0
5591,474,117,4,71689.63,25.3
5592,504,40,4,43726.58,11.3
5593,1416,97,3,15744.47,31.9
5594,2458,136,5,6052.35,21.5
5595,58,25,5,52836.43,10.9
5596,776,84,3,4861.22,27.9
5597,2339,22,1,8323.84,14.9
5598,2984,68,3,27960.75,2.7
5599,2164,46,1,49096.34,18.0
5600,918,50,1,61988.49,8.7
5601,341,48,2,65482.62,17.3
5602,620,89,1,51254.26,34.8
5603,645,62,3,11298.05,37.8
5604,1977,90,2,66351.87,24.9
5605,2194,24,5,51637.06,16.1
5606,2674,69,1,68446.31,19.2
5607,553,123,2,58303.66,26.2
5608,509,40,4,52267.47,14.1
5609,2459,39,3,27859.05,33.2
5610,490,101,2,34739.06,4.2
5611,84,75,4,6012.76,32.1
5612,202,96,4,44214.4,20.0
5613,231,21,2,65442.62,23.2
5614,213,116,5,61683.75,17.4
5615,272,104,1,7356.26,35.0
5616,2145,139,3,43009.34,13.6
5617,2078,131,3,35342.61,39.6
5618,706,107,2,36911.0,37.9
5619,445,88,3,47750.26,18.6
5620,748,23,4,35005.74,22.1
5621,1601,55,5,19725.24,27.5
5622,6,74,4,33169.17,35.3
5623,968,78,3,40812.61,7.4
5624,48,5,3,4003.88,7.3
5625,1342,137,4,71362.23,2.6
5626,1120,129,2,3228.91,31.3
5627,281,97,4,20464.75,9.6
5628,101,108,5,22656.36,24.4
5629,2736,121,-5,16495.17,7.8
5630,983,82,3,44741.75,9.4
5631,2684,133,1,31791.0,2.8
5632,508,82,4,34872.4,17.1
5633,1274,121,1,15568.98,7.4
5634,2280,67,5,49698.48,8.0
5635,379,115,5,28858.87,20.3
5636,2523,70,3,18433.72,5.9
5637,2094,7,2,64282.58,38.7
5638,2801,73,3,65832.31,21.7
5639,451,131,5,45596.44,6.0
5640,469,100,2,36106.49,38.7
5641,2152,44,5,34456.92,37.6
5642,335,36,3,8032.8,16.9
5643,1938,146,3,9010.42,36.3
5644,1914,7,5,72086.53,13.2
5645,252,32,2,23467.26,29.5
5646,1666,87,3,32933.88,8.7
5647,1561,147,3,34833.19,23.6
5648,1943,32,3,19005.84,11.0
5649,239,130,2,38372.14,9.9
5650,64,125,3,11677.47,18.8
5651,1565,70,5,21167.39,13.6
5652,2181,129,3,3092.41,0.2
5653,3314,114,4,66200.52,29.1
5654,2525,87,2,28256.62,10.6
5655,2700,32,2,26652.96,32.9
5656,96,62,2,13576.78,16.7
5657,2446,17,5,16161.2,15.2
5658,523,124,1,9620.43,20.1
5659,1879,39,2,32297.47,13.0
5660,1431,54,4,11319.16,34.2
5661,2148,2,3,71808.78,15.7
5662,1024,102,4,16835.95,23.1
5663,27,103,4,22239.69,35.9
5664,297,29,5,45463.37,18.0
5665,461,4,1,48035.78,4.0
5666,340,82,3,40124.13,37.6
5667,2001,65,1,35913.47,39.4
5668,1167,18,3,42733.08,33.6
5669,1689,60,3,48956.34,3.2
5670,1896,48,3,49026.6,22.6
5671,506,105,4,54848.14,23.2
5672,2855,141,4,37678.13,38.8
5673,2662,64,2,34635.34,2.0
5674,689,78,4,57298.0,36.6
5675,2326,34,1,61906.34,2.9
5676,1440,149,5,41820.2,39.3
5677,2074,75,5,4402.8,18.9
5678,884,112,5,27444.62,23.8
5679,759,8,2,11151.15,2.5
5680,486,67,5,63319.44,21.4
5681,2976,59,2,42821.83,38.1
5682,882,83,2,20084.95,19.5
5683,1142,26,2,25829.5,13.3
5684,431,2,1,62342.67,2.8
5685,1095,7,5,52756.97,26.3
5686,2277,6,1,50844.37,20.2
5687,2100,38,5,50248.21,15.0
5688,1177,17,1,17363.42,31.2
5689,324,88,1,58897.46,19.8
5690,2159,23,2,34906.85,8.9
5691,385,67,5,54541.53,25.8
5692,2885,103,4,24160.66,33.4
5693,1822,27,2,77966.43,35.7
5694,1812,51,4,3416.15,35.1
5695,166,4,2,65010.19,39.3
5696,1103,98,4,48172.47,19.7
5697,2897,81,2,56857.08,8.1
5698,1784,75,0,4819.98,2.9
5699,896,144,1,49655.08,5.5
5700,1268,52,3,3277.63,0.9
5701,183,97,3,16286.09,11.5
5702,1603,105,3,64232.88,2.7
5703,2366,39,-1,31219.6,20.1
5704,2696,33,3,348.74,30.2
5705,2642,44,5,35106.52,7.8
5706,1122,69,0,52400.88,39.7
5707,2364,124,1,10025.85,17.3
5708,1543,78,2,43728.61,16.1
5709,2486,44,4,33303.54,18.2
5710,1202,129,3,3865.53,7.5
5711,2728,52,3,3844.51,16.1
5712,2432,74,3,36243.11,39.8
5713,1257,79,1,39243.18,19.6
5714,2216,69,1,68135.02,0.2
5715,2124,127,1,67077.02,23.1
5716,2158,61,2,75204.1,28.2
5717,1478,116,2,54183.12,28.1
5718,1858,92,4,44518.85,21.2
5719,248,148,1,38453.53,12.4
5720,155,108,5,22431.49,27.8
5721,1435,123,2,51459.52,26.4
5722,1194,123,1,66021.74,8.2
5723,2551,40,4,44836.19,33.1
5724,3477,50,4,78112.12,29.5
5725,352,138,3,47701.26,17.2
5726,1521,22,1,9152.73,37.8
5727,569,23,1,45538.59,30.4
5728,2261,7,3,62164.87,8.9
5729,1470,57,3,17378.14,7.8
5730,3453,84,-1,6680.18,30.1
5731,2484,45,3,8635.61,24.7
5732,1826,23,1,34243.13,3.4
5733,918,35,2,28676.14,9.0
5734,1063,82,4,32683.98,1.5
5735,1278,26,1,30765.8,20.3
5736,1568,48,2,47251.86,5.7
5737,1076,56,1,42225.91,27.9
5738,2378,21,1,51872.37,18.4
5739,2175,20,3,11147.23,23.0
5740,2706,17,2,19394.37,28.6
5741,1525,61,3,58533.41,28.2
5742,2936,137,1,71840.4,33.5
5743,2564,81,4,49318.44,36.2
5744,2904,103,5,30100.23,36.8
5745,2532,145,-5,40413.71,16.9
5746,222,9,4,39935.22,31.6
5747,1258,37,2,31018.9,20.6
5748,338,41,5,37130.46,7.3
5749,759,29,5,45448.99,17.1
5750,1648,59,3,38818.01,7.2
5751,2723,3,2,71548.49,35.5
5752,2527,125,4,9143.69,8.7
5753,1908,8,2,12071.47,34.0
5754,2022,136,3,6862.34,10.0
5755,609,34,3,48044.0,12.9
5756,1930,4,3,58692.17,32.7
5757,1666,36,5,10946.74,7.2
5758,2133,76,4,65070.63,9.7
5759,994,38,2,57914.79,37.5
5760,806,54,4,11037.37,8.3
5761,2305,27,4,80854.16,1.5
5762,2563,132,3,31523.07,23.3
5763,461,133,3,38127.92,34.0
5764,119,76,2,74026.67,19.0
5765,2197,87,2,32525.14,9.6
5766,1056,12,3,54818.78,26.2
5767,695,69,2,73643.45,28.8
5768,2156,75,2,6414.61,0.8
5769,367,46,-5,50353.2,15.1
5770,2631,105,5,63493.43,23.9
5771,1462,81,4,41090.37,3.8
5772,230,102,2,26521.0,29.0
5773,2978,83,3,16908.54,13.4
5774,721,57,5,20316.62,12.6
5775,2614,143,3,42974.82,28.4
5776,3056,32,3,23226.09,12.3
5777,1719,79,5,48788.32,26.0
5778,1626,58,3,73561.66,5.7
5779,1464,82,5,36514.26,22.3
5780,2190,65,4,43810.26,1.7
5781,92,36,3,9537.26,18.3
5782,2393,46,5,39870.17,17.6
5783,2718,114,3,72872.31,27.4
5784,1565,114,1,81406.3,8.1
5785,931,144,5,55753.07,25.5
5786,2628,120,2,54634.97,5.2
5787,319,84,4,5852.01,2.9
5788,1032,122,5,36193.75,2.1
5789,1009,55,1,19465.38,16.3
5790,2650,140,4,15434.02,6.2
5791,1089,118,3,63439.05,19.0
5792,1677,1,4,6725.94,19.2
5793,544,60,2,54696.63,14.5
5794,1466,112,5,23103.23,31.4
5795,252,81,1,45336.28,10.2
5796,1731,125,3,10058.1,4.8
5797,423,111,-5,15355.23,8.1
5798,1407,28,4,47061.12,31.6
5799,101,64,3,47856.3,0.8
5800,2608,49,3,59413.16,26.6
5801,2202,32,1,19643.98,31.6
5802,2248,15,4,6477.93,7.6
5803,713,107,2,30852.44,34.9
5804,2102,99,5,45126.49,10.3
5805,1206,138,5,47791.4,1.2
5806,1429,50,4,72070.67,6.2
5807,1176,135,1,26064.89,13.8
5808,258,87,4,30230.11,0.6
5809,1245,28,1,63351.33,3.1
5810,2678,89,4,36997.17,18.4
5811,2845,142,3,72741.51,29.1
5812,3497,146,3,9635.65,37.4
5813,2783,48,5,45646.13,19.1
5814,1725,78,1,53510.3,7.4
5815,2268,131,1,33985.75,22.8
5816,447,15,2,5344.29,1.6
5817,2466,150,2,6605.05,30.3
5818,3109,10,1,44801.89,34.8
5819,1892,46,5,58672.95,12.6
5820,2580,129,1,3657.17,16.0
5821,850,121,2,13072.7,39.7
5822,3439,34,3,41095.21,32.1
5823,2944,10,5,36831.41,35.7
5824,560,102,2,21115.86,2.6
5825,403,73,3,57390.29,22.3
5826,858,19,3,60573.64,31.6
5827,2153,52,2,3193.47,32.5
5828,240,28,4,72681.81,21.8
5829,1503,67,3,40751.5,7.9
5830,342,77,4,827.79,34.2
5831,1302,79,1,35099.02,9.4
5832,2422,126,5,38144.47,4.1
5833,174,113,3,13864.91,31.1
5834,2573,22,2,10586.21,6.0
5835,2407,110,2,22318.75,10.5
5836,611,105,1,49201.99,26.1
5837,89,87,3,20949.21,35.0
5838,3336,128,4,48489.14,27.9
5839,1901,111,2,19593.93,0.8
5840,783,124,4,12325.91,5.4
5841,1834,67,2,51314.09,23.0
5842,888,82,1,39346.52,10.2
5843,2417,33,3,271.45,10.1
5844,788,74,4,29930.54,17.7
5845,436,13,4,46961.88,7.3
5846,1698,20,1,10763.03,36.2
5847,340,2,2,61635.37,2.4
5848,861,147,4,37688.7,3.7
5849,396,22,4,9093.0,30.2
5850,2764,114,5,74306.51,33.1
5851,2216,16,2,32815.49,21.8
5852,2608,48,1,59354.76,13.1
5853,205,138,2,42274.03,34.5
5854,2837,140,2,19808.86,6.7
5855,1918,12,3,56739.81,9.9
5856,2414,92,3,53338.05,11.0
5857,752,45,4,5811.13,4.4
5858,122,141,5,49605.97,2.1
5859,1661,119,2,38390.72,4.0
5860,2102,96,2,42330.37,17.0
5861,293,89,1,41987.77,3.8
5862,801,126,1,35716.17,3.9
5863,36,2,3,67341.76,39.9
5864,2406,147,2,37162.44,30.6
5865,456,94,4,52952.15,37.0
5866,2056,81,5,39302.67,37.0
5867,808,3,2,72515.97,35.2
5868,2332,2,1,82038.75,32.3
5869,2581,91,2,54715.11,34.6
5870,424,12,1,54347.67,13.7
5871,1527,58,1,56741.29,1.0
5872,1435,34,5,60381.87,23.7
5873,1258,68,1,29938.49,26.7
5874,2488,68,5,32384.15,9.2
5875,1839,102,1,22179.55,22.3
5876,1427,33,3,350.73,9.8
5877,2600,111,3,19513.2,12.6
5878,1413,149,1,43086.99,16.1
5879,2949,54,-3,16494.61,26.2
5880,521,119,5,40589.36,15.3
5881,2172,95,1,34469.36,0.3
5882,2998,50,1,52687.96,16.1
5883,2585,136,4,5929.18,21.0
5884,2863,113,4,17526.34,20.3
5885,478,6,1,43082.58,1.3
5886,953,108,1,25887.07,40.0
5887,2180,81,5,49560.14,34.6
5888,2624,97,1,15708.8,20.9
5889,1667,60,5,54575.56,27.6
5890,218,113,4,11822.56,14.8
5891,1892,122,0,29733.47,14.4
5892,1708,23,5,53924.41,31.3
5893,1959,112,5,26344.63,18.8
5894,1260,27,5,75513.54,16.1
5895,2158,138,5,46775.75,21.0
5896,2841,76,5,49939.91,25.0
5897,698,104,4,8051.04,39.7
5898,1426,86,1,72004.6,24.3
5899,820,15,5,6645.22,4.1
5900,434,93,2,76510.96,28.9
5901,1078,140,2,14493.62,17.0
5902,1166,45,1,6894.52,25.0
5903,1549,122,4,27055.82,5.0
5904,2513,117,5,75296.75,9.9
5905,2309,59,4,43523.17,14.6
5906,1217,79,5,47044.31,0.4
5907,33,128,5,57912.7,15.1
5908,339,83,3,20306.45,24.1
5909,127,66,5,65683.07,28.4
5910,1945,5,-4,4236.43,7.6
5911,1146,17,2,13923.12,17.3
5912,685,21,4,67337.82,37.5
5913,1405,128,-2,54549.66,2.4
5914,3019,17,0,17365.22,16.0
5915,2520,3,5,72836.94,30.0
5916,1262,42,4,22060.33,8.9
5917,1388,10,3,49547.48,23.7
5918,1439,37,2,22756.83,25.7
5919,1935,106,2,38896.21,14.6
5920,2088,52,4,3784.0,18.2
5921,350,108,4,33802.66,13.0
5922,2684,133,3,40459.79,25.6
5923,1726,26,3,26197.03,26.9
5924,263,67,3,56669.67,3.4
5925,57,4,1,49050.86,7.6
5926,372,27,5,69788.32,9.1
5927,861,87,1,25133.34,17.1
5928,2925,95,3,47290.37,10.0
5929,971,116,3,47693.82,15.5
5930,1328,72,1,43329.85,23.4
5931,2682,133,1,28950.98,34.3
5932,2823,110,1,16583.6,27.8
5933,1389,30,5,40138.9,25.3
5934,2402,21,2,84325.17,21.8
5935,1508,76,5,53959.87,13.6
5936,2185,140,2,19813.04,1.2
5937,2058,145,4,35585.05,8.5
5938,2167,39,4,29360.64,37.2
5939,1908,148,1,34106.26,27.7
5940,647,149,2,49650.24,15.1
5941,2066,125,4,9445.34,6.0
5942,1178,140,3,13396.29,21.1
5943,1674,140,3,17076.43,12.5
5944,1895,20,4,14290.74,0.7
5945,5,14,2,40638.76,38.8
5946,1609,57,5,15219.23,19.7
5947,981,109,1,14821.05,5.9
5948,2866,95,5,43790.52,11.8
5949,687,121,5,11251.06,22.3
5950,1985,34,2,55344.47,15.2
5951,1120,65,5,48091.68,18.1
5952,120,105,3,64557.24,18.5
5953,889,86,3,71493.42,31.8
5954,1088,63,3,59997.25,38.6
5955,227,150,3,9908.95,28.4
5956,233,51,4,5257.83,24.3
5957,2328,45,2,6820.74,3.3
5958,2229,35,2,40634.52,1.3
5959,1759,23,5,37921.14,6.2
5960,2926,114,3,79786.9,11.6
5961,658,38,1,62407.96,32.5
5962,3229,104,2,7002.44,1.5
5963,2645,95,5,44370.69,9.9
5964,2050,81,5,41255.91,114.2
5965,309,26,4,28239.18,18.0
5966,1151,102,4,20447.2,13.7
5967,259,146,3,7388.46,5.6
5968,3275,94,1,60930.22,22.8
5969,1531,3,4,69609.59,8.6
5970,2680,40,5,67625.53,28.2
5971,1966,75,1,6179.87,17.0
5972,1842,51,3,5415.39,22.0
5973,349,14,5,50457.03,8.0
5974,1732,109,3,14569.11,26.4
5975,2372,141,4,44324.21,17.7
5976,2282,138,2,39392.11,13.8
5977,2741,150,3,7491.47,2.0
5978,1065,139,5,43217.41,30.9
5979,1138,111,1,15354.16,17.4
5980,2588,31,-1,40751.05,20.4
5981,2878,50,2,74619.51,35.2
5982,1172,126,5,33201.93,10.6
5983,436,7,3,49420.65,17.7
5984,831,3,1,56876.14,7.6
5985,30,145,1,33146.82,35.8
5986,2877,89,5,50499.75,19.1
5987,1757,98,1,54796.42,15.6
5988,803,66,4,59671.51,21.4
5989,2445,50,3,63382.77,17.2
5990,2303,52,-3,4055.32,37.1
5991,693,128,2,36821.59,16.2
5992,277,12,2,49443.32,27.3
5993,805,84,4,5252.53,4.8
5994,45,126,4,31369.72,13.5
5995,1986,142,4,71932.28,28.5
5996,1323,147,3,47393.47,34.3
5997,506,39,5,25275.61,22.7
5998,652,126,3,30826.8,31.4
5999,2783,139,4,33291.59,7.4
6000,2404,52,3,3651.05,35.0
6001,2405,16,1,26479.93,21.0
6002,518,69,2,52425.58,8.6
6003,2368,47,2,28767.32,35.7
6004,2024,7,4,70294.25,21.7
6005,309,93,2,60252.54,13.2
6006,1822,138,5,53138.16,32.5
6007,2515,105,2,56166.83,7.5
6008,2402,87,4,26614.02,0.4
6009,1508,98,1,40418.32,21.9
6010,1255,134,5,5223.93,21.4
6011,787,25,2,53622.2,30.0
6012,2894,126,2,30409.97,38.2
6013,2949,97,2,18538.84,18.9
6014,64,130,1,36144.95,4.5
6015,1758,45,3,7583.42,4.1
6016,1670,121,4,11791.57,26.1
6017,3344,105,4,65865.73,8.2
6018,857,145,5,43568.98,7.1
6019,1871,73,2,45606.64,23.5
6020,1413,97,3,16768.32,5.2
6021,1124,127,-2,61716.79,10.5
6022,1146,131,2,45583.27,39.2
6023,1718,120,4,49121.9,32.2
6024,2905,124,3,8796.35,6.9
6025,2337,95,1,41663.03,14.4
6026,1162,139,5,48903.52,0.8
6027,1969,63,3,48265.38,10.6
6028,1466,134,2,7098.38,2.5
6029,2593,11,4,26919.96,35.5
6030,2016,113,2,17444.78,39.4
6031,1157,113,3,15072.13,32.0
6032,79,69,1,63942.05,12.8
6033,1663,90,4,51770.54,33.0
6034,1406,105,2,58101.64,24.9
6035,542,45,1,7694.21,25.4
6036,966,66,2,55314.91,2.8
6037,153,112,2,21386.77,33.8
6038,253,102,5,17520.79,29.1
6039,2249,120,1,67861.21,23.4
6040,2662,23,3,34499.48,6.6
6041,1122,34,4,39390.72,20.5
6042,486,118,1,84501.24,35.2
6043,1715,113,1,15928.05,11.1
6044,1537,22,3,12013.81,0.4
6045,1956,4,2,43164.97,22.2
6046,1616,12,3,44506.38,11.7
6047,469,1,1,6189.14,2.9
6048,572,39,5,34315.01,29.7
6049,1995,45,2,8917.05,36.6
6050,50,40,2,63052.33,4.8
6051,566,34,4,45172.99,16.2
6052,2425,132,2,33671.59,24.4
6053,2425,4,2,64466.07,24.3
6054,1099,81,5,39543.91,36.5
6055,2957,34,2,49749.83,6.4
6056,2363,135,4,28092.91,10.7
6057,2222,69,1,76065.84,21.5
6058,2656,3,3,61122.7,9.1
6059,979,137,2,69794.97,15.6
6060,1247,87,3,26745.2,10.9
6061,956,112,1,24723.01,7.3
6062,2758,142,4,50666.71,38.9
6063,1365,38,3,71752.89,5.8
6064,1694,126,5,29774.21,18.1
6065,494,141,4,53900.44,32.5
6066,100,44,1,35090.15,34.8
6067,2282,108,1,29314.93,34.8
6068,2915,41,1,39179.67,20.8
6069,223,3,2,69103.43,4.4
6070,711,144,1,69579.71,7.9
6071,2171,124,3,10210.19,18.6
6072,1504,74,1,43586.42,7.0
6073,1455,94,2,51087.73,19.1
6074,1240,41,2,48525.48,2.1
6075,567,134,1,5461.03,36.6
6076,2499,104,3,6715.81,36.9
6077,1988,47,5,30603.94,0.9
6078,3382,75,1,4728.6,17.4
6079,106,111,1,19664.22,6.4
6080,2524,56,1,49190.19,14.8
6081,1434,128,3,42714.83,32.4
6082,1026,46,5,55568.34,11.2
6083,2357,3,4,58486.01,25.4
6084,2698,86,2,71100.2,22.0
6085,420,109,5,10132.69,28.2
6086,959,75,5,5886.73,26.8
6087,1310,145,5,33861.55,29.0
6088,1311,69,4,76905.18,22.2
6089,3391,101,2,48164.46,3.8
6090,1226,77,4,864.17,38.8
6091,2159,145,2,36802.17,11.7
6092,2535,142,5,71530.22,30.9
6093,2097,15,4,5762.12,14.2
6094,121,64,3,44001.83,32.1
6095,303,55,2,20335.63,13.4
6096,1844,69,1,59095.96,36.9
6097,2408,115,2,27106.02,7.2
6098,1326,132,-4,36175.88,27.4
6099,1643,27,1,53481.21,19.4
6100,1453,78,5,51617.01,25.8
6101,1352,11,3,40970.1,34.4
6102,73,50,1,48658.56,2.4
6103,249,64,1,42509.43,36.4
6104,2839,117,1,54658.2,39.2
6105,3108,39,4,29306.75,30.4
6106,2750,87,1,26446.94,13.6
6107,2425,146,3,9576.93,7.2
6108,2490,8,1,10958.2,27.2
6109,907,17,-2,16148.66,9.9
6110,2660,44,1,35828.47,12.5
6111,2101,137,5,71655.22,31.4
6112,2427,104,5,6654.21,10.2
6113,2696,39,5,23199.7,2.0
6114,455,128,5,48681.61,16.5
6115,29,55,1,23567.93,13.4
6116,2869,40,5,55022.99,5.7
6117,55,22,3,8271.53,28.1
6118,3073,82,2,36494.18,6.7
6119,1023,48,5,44122.68,33.1
6120,3100,72,4,30827.95,21.6
6121,2255,15,4,5480.13,32.1
6122,2980,7,5,67317.67,19.2
6123,1841,99,2,67384.44,9.2
6124,1107,61,3,75961.07,19.4
6125,3042,50,3,66709.89,22.8
6126,481,23,5,35016.02,33.8
6127,2447,102,2,24843.98,29.8
6128,790,120,4,58548.49,0.2
6129,2102,73,2,62102.59,10.6
6130,236,116,5,55768.98,26.1
6131,1944,104,2,7798.56,28.4
6132,3385,18,2,56021.73,14.1
6133,1720,44,3,31999.95,6.9
6134,1729,87,1,32428.78,14.2
6135,1183,130,5,24007.78,39.7
6136,1264,145,3,35096.12,30.7
6137,1076,138,1,39777.81,1.2
6138,2391,46,4,42871.52,28.0
6139,2611,5,2,4317.7,32.5
6140,2408,94,3,57833.01,31.8
6141,2500,120,1,53501.47,31.8
6142,206,123,1,74830.47,2.5
6143,1998,56,1,37388.07,0.3
6144,862,23,5,44385.57,20.9
6145,1046,99,4,60085.11,15.6
6146,2354,13,0,44670.76,19.1
6147,2127,91,1,41097.81,11.1
6148,1851,23,4,42983.74,31.4
6149,1488,102,4,21499.52,19.6
6150,2346,14,1,52617.99,7.6
6151,2361,114,4,74505.09,34.3
6152,264,31,1,40718.93,11.7
6153,1059,122,4,34785.08,20.4
6154,2150,24,2,50466.35,23.6
6155,1142,15,1,6759.63,9.3
6156,1169,62,4,15971.95,22.3
6157,2555,66,4,49316.67,29.2
6158,370,111,5,20118.84,15.2
6159,2748,139,5,36892.65,4.8
6160,2723,45,5,5972.94,5.7
6161,330,119,-4,37962.8,17.2
6162,206,80,3,17639.78,33.8
6163,1932,40,5,54415.65,11.8
6164,2579,15,1,7265.12,20.9
6165,744,148,4,28875.86,26.2
6166,159,8,2,15494.6,36.4
6167,2419,50,3,58833.49,15.6
6168,2138,126,5,32991.35,29.1
6169,2457,92,5,42145.98,27.9
6170,1823,120,3,52277.41,17.2
6171,1240,77,1,888.27,22.1
6172,1244,52,3,4018.23,2.2
6173,280,86,4,57317.41,12.6
6174,2477,36,-5,11068.14,1.4
6175,1874,2,2,71341.87,28.4
6176,1884,61,2,74481.34,19.3
6177,2544,21,4,74296.82,38.8
6178,2204,28,1,57645.63,24.2
6179,2887,7,2,46766.49,18.8
6180,906,18,3,45030.3,2.5
6181,2068,63,5,42621.19,31.4
6182,1318,68,5,32816.27,30.3
6183,1678,112,1,30260.1,22.0
6184,2470,28,2,68415.31,19.3
6185,1214,9,1,35440.64,1.2
6186,827,51,5,5427.8,2.2
6187,1345,81,5,43373.96,19.7
6188,2397,133,2,33521.49,16.9
6189,1040,38,4,75368.61,18.8
6190,2532,107,4,41183.45,28.4
6191,78,79,5,32656.77,26.9
6192,920,88,2,39930.28,1.4
6193,1343,16,3,29778.42,3.2
6194,2543,127,1,48855.98,17.9
6195,1021,21,1,53653.63,37.0
6196,1454,27,1,57547.46,8.9
6197,821,74,-1,35453.55,5.4
6198,1354,113,4,16270.29,3.3
6199,1268,63,1,60298.16,7.6
6200,2231,38,3,56988.18,21.0
6201,2088,85,2,69987.01,6.8
6202,432,64,3,49724.21,21.3
6203,1407,82,2,43236.32,37.8
6204,212,135,4,33622.94,34.1
6205,2373,129,5,3789.87,13.8
6206,705,140,1,14243.1,37.1
6207,2542,86,5,74111.47,16.4
6208,313,110,2,15124.31,29.8
6209,436,36,3,9190.75,6.1
6210,2110,74,2,35548.64,36.9
6211,1377,12,2,54626.99,18.7
6212,882,121,2,15924.21,31.5
6213,2326,96,1,44129.06,31.9
6214,2319,42,-1,23982.88,11.6
6215,1690,28,3,68029.79,11.8
6216,1702,129,5,2648.75,36.8
6217,1055,93,3,51783.53,18.7
6218,13,90,2,76927.97,20.8
6219,1252,3,5,72718.04,37.3
6220,1633,43,2,55040.35,22.1
6221,2934,82,4,37212.91,15.0
6222,33,13,1,47782.74,37.7
6223,1872,138,5,55547.35,20.3
6224,102,69,2,52770.37,39.9
6225,44,39,1,33044.31,2.0
6226,569,100,2,48795.38,20.6
6227,2174,104,3,7724.28,14.2
6228,354,47,1,24530.99,28.0
6229,133,82,1,36573.59,31.6
6230,1043,66,4,70946.33,5.5
6231,1681,114,5,52659.79,8.4
6232,1679,23,1,51696.88,4.1
6233,1252,71,3,57338.38,32.1
6234,2374,39,3,23592.62,12.3
6235,1988,147,3,34621.87,8.8
6236,1103,29,1,50270.04,36.2
6237,7,106,5,35074.08,6.3
6238,102,4,1,66834.94,19.3
6239,2063,32,4,25359.26,28.4
6240,960,9,5,51735.88,25.6
6241,881,1,2,8030.08,23.4
6242,1896,18,2,53417.73,34.4
6243,1591,146,5,6712.0,13.3
6244,1698,128,4,36838.7,39.2
6245,2548,32,4,26147.82,9.7
6246,2680,84,4,6391.8,2.4
6247,2431,75,5,4304.22,2.9
6248,1522,33,4,313.72,21.6
6249,1317,77,1,884.39,30.0
6250,354,92,1,42630.98,12.7
6251,2465,106,5,35124.58,36.0
6252,2337,3,4,50009.97,37.1
6253,1072,30,4,36450.73,17.0
6254,2317,124,5,7911.21,9.5
6255,1460,125,4,12605.33,0.5
6256,1253,6,3,52547.24,27.4
6257,947,39,2,21989.99,33.0
6258,2618,64,3,42949.81,3.3
6259,1067,65,4,46745.09,4.5
6260,1284,123,3,52486.11,37.6
6261,2754,99,4,54996.63,10.7
6262,1185,104,5,8322.98,11.8
6263,1346,126,-1,36396.06,9.3
6264,2606,61,4,62752.86,29.6
6265,2487,134,1,6690.29,25.0
6266,2935,60,3,46697.92,33.0
6267,477,20,1,11228.87,15.4
6268,888,132,2,27930.14,30.8
6269,2245,59,5,56333.97,1.9
6270,1240,140,3,17230.91,18.7
6271,2072,129,3,3081.45,35.1
6272,1908,20,2,11800.87,18.7
6273,1607,108,3,22707.43,29.5
6274,1751,27,4,78697.06,39.2
6275,757,3,2,50397.07,4.2
6276,748,85,3,75018.01,32.4
6277,2465,136,3,6512.07,10.4
6278,2360,65,4,39757.82,35.8
6279,437,91,1,43867.1,9.0
6280,908,23,1,34047.51,11.8
6281,1969,112,4,27458.96,22.6
6282,1146,106,1,37690.83,18.9
6283,2497,39,3,28391.07,28.1
6284,981,60,4,47536.86,24.8
6285,1627,18,3,45897.17,27.9
6286,1818,112,4,21154.37,1.4
6287,2258,89,3,53083.96,26.0
6288,2444,141,1,41859.3,17.3
6289,1509,36,4,10728.22,35.3
6290,1259,54,-5,16049.03,24.4
6291,284,86,2,61466.67,30.6
6292,2729,106,5,27394.22,30.7
6293,2085,101,2,38808.61,22.4
6294,250,147,5,39313.73,17.3
6295,182,69,2,79458.64,20.0
6296,1835,50,2,71756.0,37.9
6297,2634,131,2,28714.62,34.5
6298,2166,88,4,57523.48,9.3
6299,1761,86,1,72689.57,14.6
6300,971,49,1,64483.43,31.7
6301,2929,125,3,12474.6,39.1
6302,111,95,1,44144.98,27.7
6303,44,95,2,41136.93,6.7
6304,198,38,3,56669.15,26.0
6305,1860,66,2,62012.41,7.6
6306,2257,50,2,61863.01,0.3
6307,515,8,5,12263.61,0.5
6308,1124,101,2,48937.22,29.0
6309,2050,19,4,50090.43,7.9
6310,87,68,5,35325.52,9.6
6311,597,142,3,73870.64,12.3
6312,2033,90,3,69133.22,17.3
6313,2780,148,1,29227.54,0.1
6314,1797,24,2,45611.19,25.9
6315,443,130,3,26479.72,11.1
6316,1178,149,4,39142.26,26.6
6317,47,48,4,60743.87,32.0
6318,974,16,1,36020.34,29.3
6319,1366,124,3,11649.36,30.7
6320,1785,83,5,19912.31,37.4
6321,1440,70,1,25337.2,10.9
6322,710,37,5,23174.42,29.6
6323,1797,97,1,17007.53,0.2
6324,463,80,5,20892.27,4.7
6325,123,16,5,31344.02,30.9
6326,55,40,4,51581.19,10.2
6327,973,80,4,16416.88,39.1
6328,673,130,3,35621.09,7.4
6329,959,126,5,28731.94,37.3
6330,556,9,1,38927.02,5.6
6331,2025,95,4,43369.2,22.9
6332,2128,93,3,61927.4,14.8
6333,1320,121,5,13585.38,29.4
6334,2765,22,1,9901.22,11.2
6335,2974,92,5,59694.97,21.4
6336,212,94,2,55772.81,21.8
6337,3163,65,-4,55288.52,11.0
6338,2940,59,5,54776.43,29.3
6339,2831,106,3,33519.14,0.9
6340,570,45,3,6410.42,39.6
6341,2956,29,4,63529.25,25.8
6342,421,14,2,40891.93,37.2
6343,1196,101,2,32251.03,38.0
6344,2220,129,2,3003.9,20.7
6345,524,97,2,20498.13,17.6
6346,19,65,4,36732.75,36.1
6347,46,13,3,57777.56,5.9
6348,36,55,1,20423.92,20.4
6349,1136,81,3,50439.23,26.5
6350,1584,149,1,45561.34,29.3
6351,1595,98,2,42232.38,26.7
6352,556,113,4,14259.17,6.0
6353,2074,82,4,30451.83,17.0
6354,1214,131,3,41688.6,13.8
6355,2194,51,1,5078.03,26.8
6356,2688,61,1,75276.68,2.0
6357,35,44,3,30210.44,37.2
6358,25,85,-2,72784.87,24.4
6359,614,99,4,68707.25,15.2
6360,1257,134,5,5871.84,24.4
6361,851,25,1,52193.18,6.7
6362,2100,87,5,25651.95,6.3
6363,2008,142,1,74501.33,2.2
6364,869,6,1,60146.45,4.9
6365,676,22,2,8812.61,24.8
6366,771,71,1,36046.89,14.0
6367,186,150,3,8734.67,126.0
6368,2601,38,1,73502.21,31.3
6369,369,31,4,33364.95,39.8
6370,339,120,1,54758.88,34.2
6371,1560,90,3,70732.6,29.4
6372,2239,142,3,59161.4,5.0
6373,913,29,-3,62066.56,8.4
6374,221,69,4,63454.26,26.9
6375,1756,6,2,58340.46,30.2
6376,1307,57,4,22513.45,19.7
6377,403,118,5,75568.44,29.0
6378,633,100,1,37033.13,29.7
6379,1161,132,2,41495.03,9.1
6380,862,38,5,71947.19,2.8
6381,640,55,5,26108.01,37.5
6382,2713,21,3,83407.0,39.2
6383,2323,124,2,11558.83,29.3
6384,2068,114,5,52462.54,1.7
6385,2582,26,2,21219.38,16.0
6386,929,127,4,51138.97,16.1
6387,2969,129,4,2584.41,33.5
6388,1547,1,1,7847.12,23.1
6389,2611,130,1,37631.79,0.1
6390,333,65,2,49017.84,26.4
6391,862,14,5,52820.58,34.2
6392,437,77,3,884.84,35.9
6393,114,89,2,55469.32,12.5
6394,2781,76,2,66472.61,26.8
6395,1526,137,1,52082.48,15.4
6396,2325,21,5,60591.91,4.6
6397,1321,137,4,54166.23,38.8
6398,63,22,1,11936.96,37.3
6399,531,132,1,39304.26,0.8
6400,520,53,1,19188.21,11.2
6401,858,9,3,35101.55,14.2
6402,1128,63,1,58333.32,28.4
6403,2338,32,2,24241.12,0.3
6404,2181,58,2,50411.81,13.2
6405,1205,33,5,330.86,19.0
6406,2959,59,1,53852.42,33.0
6407,1907,71,-3,37920.69,4.0
6408,2479,120,2,58270.61,26.9
6409,903,72,4,36753.49,15.8
6410,2063,48,5,44226.11,34.1
6411,1936,5,4,3864.92,35.3
6412,330,82,1,32729.25,27.2
6413,2071,27,4,80558.3,31.7
6414,2218,47,3,28638.73,8.9
6415,782,27,5,64805.0,3.3
6416,1025,119,3,54536.9,38.5
6417,2987,95,1,36504.07,4.8
6418,752,60,5,49239.66,21.1
6419,631,64,2,43420.25,6.0
6420,2912,143,5,49115.99,36.1
6421,2299,100,5,31443.23,34.8
6422,2240,96,5,56751.83,6.1
6423,408,66,5,69397.96,18.2
6424,305,89,5,52635.52,29.3
6425,1578,33,4,350.38,16.7
6426,1824,73,1,70022.42,34.3
6427,1495,36,1,11370.32,5.9
6428,2939,101,3,38920.67,36.3
6429,1922,56,4,31035.6,11.2
6430,2841,93,2,67073.28,4.1
6431,1230,125,0,9128.43,10.7
6432,2308,17,1,18121.26,29.5
6433,2305,59,5,44567.08,0.9
6434,502,68,5,33424.47,21.4
6435,2143,56,0,35525.15,39.4
6436,1309,105,2,64557.9,8.6
6437,904,39,4,28600.8,18.7
6438,1931,90,2,80521.96,37.0
6439,2426,126,2,38712.24,37.7
6440,488,107,5,40713.33,22.3
6441,893,80,3,21830.91,24.6
6442,865,119,3,42922.18,24.2
6443,271,66,1,52042.23,29.3
6444,687,97,1,17465.36,12.3
6445,2425,33,4,342.86,30.7
6446,2086,19,2,53874.79,7.6
6447,2892,28,2,70183.43,33.1
6448,2030,90,5,53630.07,19.8
6449,2184,104,1,7735.06,18.1
6450,2143,93,3,48129.81,22.4
6451,2813,108,5,22787.74,39.0
6452,2273,116,2,69302.26,35.3
6453,190,137,1,59490.65,3.3
6454,2875,49,2,80930.25,25.7
6455,784,37,3,31019.81,31.2
6456,2745,56,0,38628.24,35.4
6457,1414,68,2,33165.35,17.5
6458,2427,65,3,40072.38,17.1
6459,425,85,5,58964.44,3.2
6460,2083,135,3,30792.12,22.4
6461,2708,4,5,66030.21,14.8
6462,1742,53,2,19960.88,29.1
6463,1128,50,5,49484.87,29.9
6464,1214,127,1,67330.17,3.9
6465,483,58,1,68850.54,27.7
6466,2060,8,5,16050.32,19.7
6467,128,107,2,41455.96,2.9
6468,496,142,2,64322.36,38.8
6469,2961,18,5,44942.03,1.8
6470,1225,2,4,71650.45,8.7
6471,1507,118,2,83032.95,38.6
6472,1589,90,2,64210.57,40.0
6473,1608,21,5,77049.93,6.0
6474,1197,50,2,62779.0,8.2
6475,2841,88,4,60581.59,38.8
6476,2807,5,4,3850.03,3.9
6477,291,33,5,356.62,1.6
6478,2277,61,3,55535.14,14.6
6479,2583,143,4,54590.75,16.4
6480,26,71,1,53039.8,16.8
6481,816,35,5,38711.93,27.2
6482,1027,134,5,7663.67,34.8
6483,220,119,1,45746.34,24.7
6484,2157,38,1,51807.14,14.0
6485,2155,79,4,47294.48,22.6
6486,1357,115,4,29680.55,14.2
6487,1864,128,1,41372.76,19.2
6488,2369,134,2,6150.67,21.2
6489,1942,105,4,59598.87,11.3
6490,2919,45,2,7797.72,23.4
6491,2187,10,1,53791.92,30.6
6492,1539,104,5,6699.63,21.0
6493,2371,126,3,39412.2,1.9
6494,3185,127,4,49342.85,14.3
6495,2431,114,2,57097.19,3.8
6496,2664,138,3,47364.21,3.7
6497,1183,100,1,45168.52,0.3
6498,1601,36,5,10337.64,11.8
6499,2809,38,5,75555.45,36.1
6500,2097,16,3,28623.11,27.8
