order_id,customer_id,order_date,status,region_code
1,145,2026-03-04 12:55:53,DELIVERED,WEST
2,551,2024-09-26 02:39:41,PLACED,EAST
3,55,2025-07-11 17:57:01,SHIPPED,WEST
4,518,2026-02-07 21:48:48,DELIVERED,WEST
5,85,2026-05-28 07:33:28,SHIPPED,EAST
6,296,2024-09-18 07:17:06,DELIVERED,WEST
7,116,2026-06-08 16:19:39,CANCELLED,EAST
8,43,2025-11-16 15:20:19,PLACED,SOUTH
9,34,2025-11-29 15:14:13,PLACED,NORTH
10,243,2024-11-22 00:49:30,DELIVERED,CENTRAL
11,170,2024-08-04 07:03:20,CANCELLED,CENTRAL
12,288,2026-04-16 22:44:50,SHIPPED,CENTRAL
13,527,2024-05-27 22:15:05,DELIVERED,NORTH
14,130,2024-07-25 03:04:25,CANCELLED,WEST
15,592,2025-02-21 10:30:05,PLACED,NORTH
16,285,2025-07-27 07:58:14,DELIVERED,NORTH
17,470,2025-07-10 11:30:40,DELIVERED,WEST
18,507,2025-02-21 03:46:44,DELIVERED,SOUTH
19,497,2025-06-17 23:32:30,PLACED,WEST
20,,02-09-2024,RETURNED,SOUTH
21,136,2025-04-13 22:21:42,SHIPPED,EAST
22,381,2024-09-14 03:13:20,DELIVERED,SOUTH
23,94,08-08-2026,DELIVERED,CENTRAL
24,10,2024-01-13 12:35:39,RETURNED,WEST
25,490,2024-04-20 00:40:14,CANCELLED,NORTH
26,307,2024-08-01 00:33:02,CANCELLED,SOUTH
27,577,2024-01-14 03:57:40,DELIVERED,SOUTH
28,156,2025-10-01 13:39:26,SHIPPED,NORTH
29,127,2025-08-19 13:44:50,DELIVERED,SOUTH
30,87,2025-01-20 12:20:14,DELIVERED,NORTH
31,309,2024-11-15 03:34:17,DELIVERED,EAST
32,246,2026-02-07 18:45:05,DELIVERED,NORTH
33,13,2025-07-14 22:43:00,CANCELLED,CENTRAL
34,560,2024-09-25 09:20:38,DELIVERED,NORTH
35,15,2025-02-11 06:58:32,RETURNED,WEST
36,514,2025-10-07 08:25:38,DELIVERED,CENTRAL
37,285,2024-05-09 20:43:29,SHIPPED,SOUTH
38,401,2026-06-29 23:57:43,DELIVERED,NORTH
39,448,2025-01-05 17:02:48,DELIVERED,WEST
40,57,2025-04-25 11:10:09,SHIPPED,NORTH
41,12,2024-09-11 12:07:23,DELIVERED,EAST
42,130,2025-02-21 12:15:58,CANCELLED,EAST
43,279,2026-03-24 18:42:02,DELIVERED,NORTH
44,524,2025-07-13 10:23:31,SHIPPED,SOUTH
45,106,2026-06-10 13:00:05,DELIVERED,NORTH
46,,2024-01-20 02:07:57,DELIVERED,SOUTH
47,37,2026-05-08 20:17:35,DELIVERED,SOUTH
48,427,12-05-2025,DELIVERED,CENTRAL
49,54,2024-10-05 14:26:31,PLACED,WEST
50,477,2025-03-14 13:09:46,PLACED,WEST
51,,2024-11-07 17:33:46,DELIVERED,SOUTH
52,239,2026-02-05 09:49:08,DELIVERED,CENTRAL
53,252,04-08-2026,DELIVERED,NORTH
54,2,2025-08-07 12:32:32,PLACED,CENTRAL
55,430,2026-02-03 08:09:57,PLACED,EAST
56,238,2026-03-18 10:01:41,DELIVERED,NORTH
57,518,2024-07-26 09:45:25,DELIVERED,NORTH
58,134,2025-01-02 19:29:24,RETURNED,WEST
59,335,2025-05-09 02:03:04,RETURNED,SOUTH
60,599,2024-06-18 06:48:06,DELIVERED,WEST
61,367,2024-11-18 13:14:22,CANCELLED,NORTH
62,312,2024-03-03 15:36:15,PLACED,SOUTH
63,406,2026-03-08 15:09:51,CANCELLED,SOUTH
64,,2025-09-20 04:50:05,DELIVERED,NORTH
65,144,2024-07-07 16:06:20,RETURNED,SOUTH
66,411,2025-08-01 06:06:12,PLACED,CENTRAL
67,77,2024-02-03 20:46:10,DELIVERED,SOUTH
68,340,2024-07-09 08:09:44,SHIPPED,CENTRAL
69,405,2026-02-09 16:55:57,SHIPPED,SOUTH
70,282,2025-03-10 17:44:02,DELIVERED,CENTRAL
71,303,2026-02-14 00:01:38,PLACED,EAST
72,430,2024-11-05 20:19:33,SHIPPED,CENTRAL
73,392,2025-07-11 20:40:11,SHIPPED,CENTRAL
74,398,2025-02-24 02:34:23,SHIPPED,EAST
75,484,2026-04-02 10:39:59,SHIPPED,SOUTH
76,247,2025-02-18 00:50:48,DELIVERED,SOUTH
77,398,2025-07-05 04:04:31,SHIPPED,SOUTH
78,368,2024-02-13 19:37:01,DELIVERED,SOUTH
79,193,2026-02-03 15:32:32,PLACED,NORTH
80,225,31-01-2024,RETURNED,SOUTH
81,349,2024-10-02 16:11:00,SHIPPED,NORTH
82,146,2024-06-21 07:25:09,RETURNED,EAST
83,406,2026-06-29 08:17:05,PLACED,SOUTH
84,448,2026-01-26 20:07:59,RETURNED,CENTRAL
85,229,2024-09-29 09:34:57,SHIPPED,SOUTH
86,587,2025-08-31 07:57:33,DELIVERED,SOUTH
87,227,2026-05-28 13:14:29,SHIPPED,NORTH
88,328,2024-09-17 19:17:47,CANCELLED,EAST
89,272,21-11-2024,SHIPPED,NORTH
90,50,2025-08-22 12:46:40,SHIPPED,WEST
91,388,2025-06-29 14:50:49,DELIVERED,CENTRAL
92,231,2024-09-09 16:16:27,PLACED,NORTH
93,108,2024-04-25 06:23:29,SHIPPED,NORTH
94,96,2025-06-08 23:42:39,DELIVERED,NORTH
95,169,2025-11-05 12:09:49,SHIPPED,SOUTH
96,568,2026-04-19 01:20:08,SHIPPED,NORTH
97,563,2026-02-01 15:52:42,DELIVERED,EAST
98,492,2024-11-06 04:24:58,DELIVERED,NORTH
99,119,2025-04-24 00:14:52,CANCELLED,EAST
100,558,2025-08-25 00:03:29,DELIVERED,WEST
101,,2025-11-14 02:42:40,SHIPPED,NORTH
102,100,2024-05-13 03:24:00,DELIVERED,CENTRAL
103,63,2025-08-24 08:21:40,DELIVERED,WEST
104,242,2026-01-09 20:20:41,CANCELLED,NORTH
105,530,2026-06-06 18:31:12,PLACED,WEST
106,172,2024-11-25 03:50:15,DELIVERED,WEST
107,152,2025-02-04 14:42:01,CANCELLED,NORTH
108,407,2026-05-07 14:04:19,DELIVERED,NORTH
109,249,2026-03-22 18:31:25,PLACED,CENTRAL
110,103,2024-06-13 02:21:05,SHIPPED,CENTRAL
111,421,2025-02-14 07:43:38,DELIVERED,NORTH
112,413,2024-08-11 11:12:58,DELIVERED,WEST
113,340,2025-01-04 01:35:53,SHIPPED,EAST
114,,2025-04-15 18:42:27,CANCELLED,NORTH
115,234,2024-07-27 18:15:19,DELIVERED,EAST
116,427,2024-05-18 16:51:18,CANCELLED,WEST
117,383,2024-03-28 07:30:17,SHIPPED,CENTRAL
118,537,2026-06-02 09:38:24,CANCELLED,NORTH
119,468,2024-03-19 12:59:11,SHIPPED,WEST
120,127,2024-02-17 11:28:42,DELIVERED,WEST
121,359,2025-06-18 18:31:59,DELIVERED,NORTH
122,396,2024-03-18 03:07:30,RETURNED,SOUTH
123,212,2025-02-22 00:09:46,CANCELLED,NORTH
124,136,26-09-2024,SHIPPED,EAST
125,282,2025-10-20 08:39:45,DELIVERED,SOUTH
126,534,08-09-2025,RETURNED,EAST
127,290,2025-04-08 15:59:20,SHIPPED,EAST
128,284,2025-02-09 16:15:44,DELIVERED,SOUTH
129,247,2024-03-29 04:42:47,DELIVERED,EAST
130,27,2026-02-11 15:24:10,DELIVERED,WEST
131,598,2026-06-07 15:17:15,DELIVERED,CENTRAL
132,488,2025-07-10 21:44:30,CANCELLED,CENTRAL
133,100,2026-01-01 07:58:59,CANCELLED,SOUTH
134,344,2024-05-18 17:20:19,CANCELLED,WEST
135,340,2025-07-31 09:19:31,CANCELLED,WEST
136,598,20-06-2026,CANCELLED,CENTRAL
137,391,03-04-2026,CANCELLED,SOUTH
138,351,2025-09-27 15:46:39,RETURNED,SOUTH
139,185,2024-05-05 12:52:11,SHIPPED,NORTH
140,,2025-02-28 21:51:28,DELIVERED,SOUTH
141,91,2024-07-20 00:36:13,DELIVERED,WEST
142,39,2026-04-09 04:51:28,PLACED,EAST
143,544,23-10-2024,DELIVERED,SOUTH
144,353,2025-04-29 19:38:34,DELIVERED,SOUTH
145,47,2025-04-08 05:47:08,DELIVERED,CENTRAL
146,138,2025-06-16 10:00:22,DELIVERED,SOUTH
147,414,2024-01-30 17:01:18,PLACED,NORTH
148,174,2024-07-10 07:48:41,PLACED,EAST
149,50,2024-03-15 12:05:32,PLACED,NORTH
150,390,2024-07-10 23:57:28,SHIPPED,NORTH
151,104,2026-03-19 06:32:03,PLACED,NORTH
152,121,2025-03-15 04:04:20,SHIPPED,SOUTH
153,536,2024-11-09 06:55:17,SHIPPED,CENTRAL
154,213,16-01-2026,DELIVERED,NORTH
155,506,2024-08-19 16:30:34,PLACED,NORTH
156,237,2025-12-10 12:55:12,DELIVERED,NORTH
157,41,2025-03-27 09:07:46,DELIVERED,NORTH
158,47,2024-01-16 00:36:37,SHIPPED,EAST
159,275,2024-05-24 09:28:34,PLACED,WEST
160,279,2025-08-22 04:30:56,DELIVERED,SOUTH
161,61,2024-09-04 14:41:28,DELIVERED,CENTRAL
162,186,2025-08-12 22:08:06,CANCELLED,SOUTH
163,500,2024-06-24 10:36:51,PLACED,EAST
164,,2026-03-26 06:37:47,DELIVERED,EAST
165,98,2025-11-03 09:44:22,SHIPPED,WEST
166,572,2024-03-25 18:22:20,DELIVERED,WEST
167,170,2024-04-26 07:10:42,SHIPPED,EAST
168,229,2026-05-05 03:57:44,SHIPPED,WEST
169,587,2025-11-27 02:19:34,SHIPPED,WEST
170,19,08-06-2024,DELIVERED,NORTH
171,312,2026-02-28 16:12:16,DELIVERED,EAST
172,56,2024-12-12 06:59:22,DELIVERED,CENTRAL
173,373,2025-12-03 23:37:58,SHIPPED,EAST
174,299,2026-04-30 19:23:05,PLACED,SOUTH
175,420,2024-06-15 03:48:50,PLACED,WEST
176,196,2025-06-08 23:04:33,RETURNED,CENTRAL
177,462,2025-12-11 12:39:21,PLACED,WEST
178,,2024-03-16 10:52:50,DELIVERED,CENTRAL
179,182,2026-06-17 18:04:15,PLACED,CENTRAL
180,330,2026-02-22 02:35:14,DELIVERED,SOUTH
181,352,2025-04-01 23:35:04,DELIVERED,CENTRAL
182,561,2025-05-02 15:26:33,DELIVERED,SOUTH
183,298,2025-06-20 09:28:39,DELIVERED,SOUTH
184,331,2024-06-28 06:37:10,DELIVERED,WEST
185,547,2025-03-20 04:10:03,PLACED,NORTH
186,,13-08-2024,SHIPPED,SOUTH
187,257,2024-08-15 11:14:45,SHIPPED,CENTRAL
188,,2025-12-04 01:56:46,DELIVERED,SOUTH
189,575,2025-08-27 02:44:44,DELIVERED,EAST
190,49,2025-08-15 18:25:53,RETURNED,EAST
191,56,2024-01-21 03:22:44,CANCELLED,WEST
192,377,2026-04-29 03:17:21,DELIVERED,SOUTH
193,182,2024-04-25 16:24:19,DELIVERED,WEST
194,,2025-03-09 14:03:31,DELIVERED,EAST
195,,2025-12-25 10:05:32,SHIPPED,EAST
196,309,2026-02-01 01:03:52,PLACED,EAST
197,189,2026-03-19 17:36:33,DELIVERED,CENTRAL
198,358,2024-12-09 14:51:43,SHIPPED,EAST
199,544,2026-01-07 15:57:32,RETURNED,NORTH
200,355,2025-11-23 07:40:45,RETURNED,SOUTH
201,329,2025-08-15 10:36:04,DELIVERED,CENTRAL
202,26,2026-03-13 22:13:44,CANCELLED,WEST
203,304,2024-10-26 01:22:55,PLACED,CENTRAL
204,68,2024-11-23 10:30:10,CANCELLED,WEST
205,211,2026-04-15 08:55:48,DELIVERED,WEST
206,74,2024-08-26 20:23:10,PLACED,NORTH
207,258,2026-05-16 22:53:14,RETURNED,WEST
208,415,2025-11-03 16:20:36,PLACED,NORTH
209,65,2026-06-28 17:02:57,DELIVERED,CENTRAL
210,309,2024-05-14 09:08:54,DELIVERED,NORTH
211,547,2024-12-07 13:11:18,DELIVERED,CENTRAL
212,148,2025-04-08 00:21:06,DELIVERED,EAST
213,12,2026-05-09 20:52:38,PLACED,CENTRAL
214,551,2026-04-30 13:13:41,DELIVERED,EAST
215,525,2024-08-09 07:06:42,CANCELLED,SOUTH
216,581,2024-03-25 11:44:34,RETURNED,WEST
217,75,2025-03-27 12:19:00,SHIPPED,CENTRAL
218,339,2025-07-08 19:04:59,PLACED,CENTRAL
219,199,2025-05-08 15:55:06,DELIVERED,CENTRAL
220,581,2025-07-20 05:18:00,SHIPPED,EAST
221,227,2025-11-08 11:53:01,DELIVERED,EAST
222,474,2025-11-22 20:08:55,DELIVERED,SOUTH
223,84,2025-03-11 22:07:13,DELIVERED,EAST
224,79,2024-04-27 03:06:50,DELIVERED,CENTRAL
225,232,2024-11-26 12:17:35,DELIVERED,CENTRAL
226,153,2025-07-22 06:42:25,DELIVERED,EAST
227,514,2026-03-03 21:32:18,PLACED,SOUTH
228,170,2026-03-09 16:24:17,DELIVERED,CENTRAL
229,150,21-01-2026,DELIVERED,SOUTH
230,379,2024-12-29 12:50:54,RETURNED,EAST
231,466,2024-03-13 03:18:50,PLACED,CENTRAL
232,281,2025-02-13 01:08:04,DELIVERED,WEST
233,80,2026-03-13 14:35:20,SHIPPED,WEST
234,354,2026-01-26 07:30:52,PLACED,SOUTH
235,236,2024-04-29 18:03:26,SHIPPED,SOUTH
236,122,2024-12-23 19:56:01,PLACED,WEST
237,232,2024-09-07 11:41:46,SHIPPED,SOUTH
238,165,28-07-2024,DELIVERED,NORTH
239,185,2026-03-13 13:45:39,DELIVERED,NORTH
240,291,2024-05-13 04:56:09,DELIVERED,WEST
241,421,2024-08-09 16:41:38,SHIPPED,CENTRAL
242,351,05-12-2025,DELIVERED,SOUTH
243,208,2026-03-23 00:05:28,DELIVERED,SOUTH
244,182,2026-01-09 05:41:20,CANCELLED,CENTRAL
245,121,2024-05-24 18:22:25,DELIVERED,NORTH
246,442,2026-03-21 23:13:10,DELIVERED,WEST
247,494,2025-08-15 05:31:36,RETURNED,CENTRAL
248,138,2025-01-30 09:07:11,CANCELLED,EAST
249,557,26-09-2025,DELIVERED,NORTH
250,121,2026-08-19 21:28:20,CANCELLED,WEST
251,159,2025-10-23 21:06:00,CANCELLED,WEST
252,283,2025-09-09 10:09:52,DELIVERED,WEST
253,573,2026-05-12 00:35:41,DELIVERED,WEST
254,122,2024-12-22 22:29:42,SHIPPED,SOUTH
255,347,2026-05-05 06:58:08,PLACED,WEST
256,6,2024-05-21 12:01:42,DELIVERED,NORTH
257,228,30-07-2025,DELIVERED,WEST
258,534,2025-03-21 00:20:49,RETURNED,SOUTH
259,450,2024-01-17 15:18:45,CANCELLED,EAST
260,523,2026-03-12 06:55:33,DELIVERED,EAST
261,1,2024-09-01 13:57:58,DELIVERED,WEST
262,206,2026-03-15 06:50:49,RETURNED,CENTRAL
263,573,2026-06-24 13:17:44,SHIPPED,CENTRAL
264,466,2025-09-19 12:35:19,DELIVERED,NORTH
265,516,2025-04-02 02:30:11,DELIVERED,EAST
266,589,2025-01-23 13:57:02,DELIVERED,SOUTH
267,470,2025-12-16 16:54:10,DELIVERED,EAST
268,226,2024-12-23 04:25:00,DELIVERED,CENTRAL
269,,2025-02-13 02:23:17,DELIVERED,EAST
270,183,2026-01-10 07:16:30,DELIVERED,SOUTH
271,195,2026-02-14 04:02:37,SHIPPED,EAST
272,208,2025-01-22 21:19:13,DELIVERED,NORTH
273,505,2024-01-11 06:56:54,PLACED,WEST
274,323,2026-02-03 19:46:46,DELIVERED,EAST
275,524,2025-03-11 09:05:49,PLACED,CENTRAL
276,490,2026-04-20 01:17:25,CANCELLED,SOUTH
277,124,2026-03-16 00:05:16,PLACED,SOUTH
278,104,2025-05-20 13:08:27,SHIPPED,EAST
279,483,2025-06-16 23:33:47,SHIPPED,EAST
280,411,2025-03-10 09:20:40,RETURNED,SOUTH
281,277,2025-01-01 07:27:14,SHIPPED,SOUTH
282,10,2024-10-01 08:23:47,CANCELLED,CENTRAL
283,324,2026-01-25 22:30:57,DELIVERED,WEST
284,168,2024-04-03 06:19:06,CANCELLED,NORTH
285,343,2025-02-07 12:53:41,RETURNED,EAST
286,422,2024-07-07 08:03:40,DELIVERED,CENTRAL
287,552,2024-09-28 03:16:45,SHIPPED,CENTRAL
288,458,2024-05-01 19:14:39,DELIVERED,SOUTH
289,346,2025-10-17 06:27:30,CANCELLED,NORTH
290,352,2024-12-20 12:34:53,DELIVERED,CENTRAL
291,278,2025-11-22 03:00:50,DELIVERED,CENTRAL
292,424,16-09-2024,DELIVERED,EAST
293,82,2024-11-23 02:40:27,PLACED,WEST
294,27,2025-09-08 17:41:58,PLACED,CENTRAL
295,400,2025-04-25 14:10:26,DELIVERED,SOUTH
296,175,2024-02-14 09:12:54,RETURNED,WEST
297,554,2025-02-27 04:20:45,RETURNED,CENTRAL
298,468,2026-05-26 02:51:56,DELIVERED,EAST
299,233,2024-05-19 02:48:57,SHIPPED,EAST
300,,2026-03-23 22:38:36,SHIPPED,WEST
301,504,2026-01-11 02:20:58,DELIVERED,CENTRAL
302,8,2026-05-01 14:49:55,DELIVERED,WEST
303,400,10-08-2025,DELIVERED,CENTRAL
304,279,2025-03-18 05:31:20,SHIPPED,SOUTH
305,187,2024-07-31 05:42:47,DELIVERED,EAST
306,504,2024-10-18 17:17:52,RETURNED,NORTH
307,105,2025-03-14 05:59:32,DELIVERED,SOUTH
308,16,2026-02-05 17:58:46,DELIVERED,WEST
309,475,2024-02-19 07:14:44,RETURNED,NORTH
310,402,2024-04-20 21:24:51,CANCELLED,EAST
311,13,2024-07-08 11:03:22,DELIVERED,WEST
312,35,2024-11-05 09:57:50,DELIVERED,SOUTH
313,320,2025-05-16 20:40:07,DELIVERED,CENTRAL
314,260,2026-01-17 13:32:22,CANCELLED,SOUTH
315,242,2025-11-05 10:43:10,SHIPPED,NORTH
316,249,2024-01-14 20:55:44,DELIVERED,CENTRAL
317,92,2025-01-21 09:02:16,DELIVERED,NORTH
318,158,2026-04-13 04:42:04,SHIPPED,CENTRAL
319,356,12-11-2025,DELIVERED,SOUTH
320,41,2026-01-23 21:22:29,DELIVERED,WEST
321,192,2026-04-24 11:38:34,SHIPPED,CENTRAL
322,568,2024-09-06 02:02:08,SHIPPED,EAST
323,465,2024-01-02 02:50:13,DELIVERED,NORTH
324,373,05-01-2025,RETURNED,WEST
325,510,2026-05-06 16:12:36,DELIVERED,EAST
326,536,2024-04-13 14:00:17,SHIPPED,NORTH
327,498,2024-10-24 15:59:10,CANCELLED,WEST
328,232,2025-02-01 14:04:48,DELIVERED,NORTH
329,214,2026-02-02 08:55:29,DELIVERED,NORTH
330,426,27-07-2025,DELIVERED,CENTRAL
331,,19-04-2024,SHIPPED,CENTRAL
332,237,2026-04-05 21:45:38,DELIVERED,CENTRAL
333,184,2026-05-17 11:32:10,PLACED,CENTRAL
334,470,2025-10-25 10:30:34,SHIPPED,WEST
335,162,2026-04-09 09:15:08,DELIVERED,EAST
336,333,2025-07-31 10:42:28,CANCELLED,EAST
337,577,2026-04-27 14:25:14,RETURNED,EAST
338,464,26-11-2025,PLACED,EAST
339,531,2024-07-28 20:21:36,SHIPPED,SOUTH
340,323,2024-02-03 17:05:08,CANCELLED,CENTRAL
341,585,06-06-2026,DELIVERED,SOUTH
342,597,2025-01-23 03:20:26,PLACED,WEST
343,223,2024-04-29 22:16:58,SHIPPED,CENTRAL
344,98,2025-04-11 15:28:20,DELIVERED,NORTH
345,343,2025-06-24 11:46:41,RETURNED,NORTH
346,233,2024-01-18 18:18:16,PLACED,CENTRAL
347,,2026-04-18 18:02:21,DELIVERED,SOUTH
348,403,2025-11-23 05:46:38,PLACED,WEST
349,404,2024-08-17 22:18:08,DELIVERED,NORTH
350,269,2024-05-12 03:58:28,DELIVERED,SOUTH
351,203,2026-01-27 20:46:48,DELIVERED,CENTRAL
352,74,2025-02-17 14:47:01,RETURNED,NORTH
353,424,2025-10-19 22:44:17,SHIPPED,NORTH
354,174,2025-06-27 06:22:20,DELIVERED,SOUTH
355,240,2024-11-06 04:48:15,DELIVERED,NORTH
356,56,2025-01-12 13:29:51,CANCELLED,EAST
357,,2024-06-21 20:44:39,SHIPPED,CENTRAL
358,560,2026-03-23 20:45:57,DELIVERED,SOUTH
359,19,2025-08-08 00:54:51,PLACED,SOUTH
360,206,2025-02-25 10:06:20,PLACED,WEST
361,369,2024-06-16 14:29:03,DELIVERED,SOUTH
362,521,2024-06-03 17:29:43,DELIVERED,NORTH
363,513,2025-12-12 10:57:55,PLACED,CENTRAL
364,502,03-09-2025,DELIVERED,EAST
365,242,17-02-2026,SHIPPED,WEST
366,31,2026-05-12 01:38:18,SHIPPED,WEST
367,90,2025-08-16 17:42:51,CANCELLED,SOUTH
368,587,2024-08-25 06:54:04,DELIVERED,WEST
369,212,2024-08-03 06:30:26,SHIPPED,SOUTH
370,537,2024-07-29 02:34:42,DELIVERED,CENTRAL
371,326,2024-04-15 08:17:26,PLACED,EAST
372,150,2024-02-15 19:13:07,DELIVERED,WEST
373,281,2024-08-24 01:22:10,SHIPPED,CENTRAL
374,581,2024-12-24 16:59:56,PLACED,NORTH
375,489,2024-07-27 07:06:42,DELIVERED,EAST
376,397,2026-02-02 10:25:11,SHIPPED,WEST
377,16,2025-02-23 05:03:41,DELIVERED,SOUTH
378,68,2024-10-02 01:57:13,CANCELLED,WEST
379,469,2025-01-18 08:46:06,DELIVERED,WEST
380,404,2026-06-07 11:15:42,CANCELLED,NORTH
381,463,10-12-2025,RETURNED,CENTRAL
382,41,2026-05-16 08:35:54,RETURNED,SOUTH
383,408,2025-04-18 02:36:05,SHIPPED,EAST
384,56,2026-03-14 02:01:31,DELIVERED,NORTH
385,116,2024-10-06 06:21:47,DELIVERED,SOUTH
386,332,2025-12-01 10:14:35,CANCELLED,SOUTH
387,93,2025-01-23 11:44:37,DELIVERED,SOUTH
388,127,2024-05-21 15:51:21,DELIVERED,CENTRAL
389,524,2024-09-05 09:29:30,DELIVERED,EAST
390,154,2024-09-08 20:25:27,DELIVERED,WEST
391,457,2025-03-24 14:31:07,PLACED,SOUTH
392,,2025-01-28 04:39:40,DELIVERED,NORTH
393,506,2025-01-04 12:44:52,DELIVERED,WEST
394,7,2025-01-15 03:34:05,DELIVERED,SOUTH
395,,2024-08-18 07:23:26,PLACED,NORTH
396,306,29-05-2025,DELIVERED,SOUTH
397,292,2026-06-08 00:14:28,DELIVERED,CENTRAL
398,37,2024-05-24 15:59:58,CANCELLED,NORTH
399,564,2024-04-10 20:36:42,DELIVERED,EAST
400,424,2026-03-26 00:13:42,PLACED,CENTRAL
401,542,2024-05-16 04:33:53,RETURNED,EAST
402,325,2025-02-07 08:49:40,DELIVERED,SOUTH
403,509,2026-03-18 08:02:11,CANCELLED,CENTRAL
404,298,2026-07-10 21:28:20,DELIVERED,SOUTH
405,425,2025-10-05 04:34:21,CANCELLED,SOUTH
406,,2024-11-08 12:48:00,PLACED,EAST
407,332,2024-01-10 12:35:24,DELIVERED,CENTRAL
408,30,2024-09-29 19:55:37,RETURNED,WEST
409,37,2024-07-29 21:16:19,CANCELLED,CENTRAL
410,474,05-10-2025,DELIVERED,CENTRAL
411,324,2026-05-12 10:30:23,DELIVERED,EAST
412,153,2025-03-11 16:18:27,DELIVERED,CENTRAL
413,585,2025-08-28 04:05:00,DELIVERED,EAST
414,323,2024-02-19 03:11:07,CANCELLED,EAST
415,310,2024-12-01 18:16:43,DELIVERED,NORTH
416,95,2025-11-20 09:05:50,RETURNED,SOUTH
417,496,2026-03-24 10:15:55,DELIVERED,NORTH
418,529,25-07-2024,DELIVERED,CENTRAL
419,319,2024-03-09 09:33:21,PLACED,WEST
420,106,2026-03-19 16:32:37,PLACED,EAST
421,215,2025-05-13 11:17:14,DELIVERED,WEST
422,280,2024-08-19 23:04:48,RETURNED,CENTRAL
423,212,2026-04-22 18:56:11,PLACED,EAST
424,176,2024-04-20 16:07:36,DELIVERED,NORTH
425,483,19-03-2024,DELIVERED,SOUTH
426,54,2025-11-23 13:58:50,CANCELLED,CENTRAL
427,477,2026-06-01 00:43:10,RETURNED,WEST
428,318,2025-12-23 23:14:29,PLACED,CENTRAL
429,373,2025-09-01 01:41:13,SHIPPED,EAST
430,31,2024-04-11 12:59:28,DELIVERED,SOUTH
431,357,2026-06-11 17:33:30,CANCELLED,NORTH
432,73,2025-04-14 07:46:48,DELIVERED,CENTRAL
433,163,2026-01-19 08:13:50,CANCELLED,CENTRAL
434,446,2026-05-31 03:09:57,SHIPPED,NORTH
435,588,2026-01-25 22:53:34,SHIPPED,NORTH
436,181,23-04-2025,PLACED,CENTRAL
437,389,2025-05-23 14:39:50,PLACED,SOUTH
438,1,2024-08-15 22:19:03,SHIPPED,CENTRAL
439,201,2024-11-15 11:37:23,DELIVERED,EAST
440,446,2025-06-18 19:06:55,DELIVERED,CENTRAL
441,131,2025-04-01 23:59:57,RETURNED,NORTH
442,368,2024-06-19 09:50:58,SHIPPED,CENTRAL
443,326,2025-08-17 15:25:52,SHIPPED,SOUTH
444,193,2026-05-12 19:37:02,CANCELLED,SOUTH
445,129,2024-07-27 14:13:34,PLACED,WEST
446,140,2024-05-11 12:28:55,CANCELLED,CENTRAL
447,185,2025-12-06 21:02:58,DELIVERED,EAST
448,435,2024-01-12 13:00:36,SHIPPED,CENTRAL
449,560,2026-06-14 07:58:23,DELIVERED,EAST
450,494,2024-05-04 08:58:08,RETURNED,EAST
451,81,2026-03-24 00:09:19,DELIVERED,NORTH
452,553,19-06-2026,SHIPPED,NORTH
453,525,2025-12-29 22:15:05,DELIVERED,EAST
454,37,2025-04-17 08:34:57,PLACED,WEST
455,587,2024-03-21 04:31:43,DELIVERED,NORTH
456,85,2024-07-16 00:14:31,SHIPPED,SOUTH
457,282,2025-02-03 04:00:13,SHIPPED,CENTRAL
458,458,2025-07-28 09:54:23,DELIVERED,WEST
459,541,2024-02-21 09:42:15,PLACED,SOUTH
460,423,2025-08-18 05:30:03,DELIVERED,SOUTH
461,354,2024-03-25 09:24:43,PLACED,SOUTH
462,488,2025-04-13 03:46:51,RETURNED,SOUTH
463,400,2026-01-07 05:58:55,DELIVERED,EAST
464,460,2025-08-16 10:08:41,DELIVERED,NORTH
465,545,2025-07-03 15:40:02,RETURNED,EAST
466,274,2024-06-01 16:01:27,DELIVERED,SOUTH
467,52,2024-10-29 19:21:22,RETURNED,EAST
468,9,2024-04-15 13:25:57,PLACED,WEST
469,291,26-01-2025,PLACED,CENTRAL
470,223,2024-07-08 04:39:54,CANCELLED,SOUTH
471,580,2024-10-14 00:40:23,SHIPPED,WEST
472,78,2025-12-05 09:36:31,DELIVERED,EAST
473,76,2025-03-06 18:01:35,SHIPPED,NORTH
474,272,2024-10-03 09:41:31,RETURNED,CENTRAL
475,504,2024-06-17 10:34:51,SHIPPED,NORTH
476,266,09-06-2024,DELIVERED,WEST
477,,2026-02-12 03:39:08,RETURNED,WEST
478,338,2025-08-30 21:51:12,RETURNED,WEST
479,414,18-04-2024,RETURNED,WEST
480,549,2025-07-11 13:26:42,PLACED,NORTH
481,349,2024-05-04 23:38:46,SHIPPED,SOUTH
482,41,2025-08-19 18:39:35,DELIVERED,NORTH
483,368,2026-01-25 18:10:00,DELIVERED,SOUTH
484,,2024-02-09 09:39:39,DELIVERED,NORTH
485,316,2026-02-15 05:34:31,DELIVERED,NORTH
486,,2024-03-28 01:51:41,DELIVERED,SOUTH
487,536,2025-12-13 01:17:08,DELIVERED,CENTRAL
488,74,2024-02-27 06:53:56,PLACED,CENTRAL
489,,2024-07-21 18:47:58,RETURNED,NORTH
490,175,2024-04-09 08:30:45,DELIVERED,CENTRAL
491,208,2025-10-24 02:18:54,DELIVERED,WEST
492,590,2026-04-28 00:03:37,DELIVERED,NORTH
493,344,2024-04-08 05:04:58,DELIVERED,EAST
494,450,13-01-2025,PLACED,CENTRAL
495,162,2024-01-25 06:44:26,PLACED,NORTH
496,103,2025-03-16 18:16:43,DELIVERED,SOUTH
497,278,2026-03-23 14:05:30,SHIPPED,NORTH
498,512,2024-05-16 17:40:04,SHIPPED,NORTH
499,197,2024-07-01 13:00:32,DELIVERED,CENTRAL
500,476,2024-11-19 06:51:17,DELIVERED,WEST
501,164,2024-03-07 23:27:58,SHIPPED,EAST
502,465,08-03-2024,DELIVERED,SOUTH
503,497,2026-03-10 21:00:07,DELIVERED,CENTRAL
504,430,2024-11-04 17:59:20,SHIPPED,NORTH
505,101,2025-01-03 08:24:47,DELIVERED,SOUTH
506,600,2026-01-22 12:01:43,SHIPPED,CENTRAL
507,397,2025-08-03 04:31:59,DELIVERED,EAST
508,131,19-02-2024,PLACED,WEST
509,176,2025-06-17 17:26:31,SHIPPED,CENTRAL
510,592,2026-05-08 16:13:25,CANCELLED,WEST
511,222,2026-01-05 12:56:56,DELIVERED,SOUTH
512,445,2026-06-19 04:05:48,RETURNED,CENTRAL
513,428,2024-03-09 16:47:51,DELIVERED,NORTH
514,404,2026-01-14 12:27:21,PLACED,WEST
515,572,2024-01-20 07:09:45,SHIPPED,EAST
516,93,2024-01-25 17:55:10,DELIVERED,CENTRAL
517,25,2025-12-07 13:41:38,DELIVERED,SOUTH
518,380,22-12-2025,DELIVERED,WEST
519,341,2026-04-04 18:08:40,SHIPPED,CENTRAL
520,213,2024-05-05 18:22:18,RETURNED,CENTRAL
521,373,2024-03-21 02:23:32,DELIVERED,EAST
522,573,2024-04-14 02:09:41,PLACED,EAST
523,117,2026-01-13 07:31:45,CANCELLED,SOUTH
524,231,2025-05-12 19:45:25,DELIVERED,EAST
525,382,2025-06-20 06:58:47,CANCELLED,WEST
526,546,2025-03-30 00:24:17,DELIVERED,NORTH
527,469,2024-05-15 15:06:22,SHIPPED,NORTH
528,283,2024-06-23 00:34:44,CANCELLED,CENTRAL
529,24,2025-03-31 10:08:56,RETURNED,WEST
530,455,03-02-2024,CANCELLED,SOUTH
531,533,2025-06-05 18:24:57,DELIVERED,EAST
532,543,2026-05-02 00:23:44,PLACED,EAST
533,267,2024-12-18 07:02:36,DELIVERED,NORTH
534,292,2025-12-09 06:10:23,SHIPPED,CENTRAL
535,180,2024-08-26 10:19:41,RETURNED,CENTRAL
536,267,2025-07-28 06:22:35,PLACED,EAST
537,152,2025-08-02 07:16:35,DELIVERED,NORTH
538,415,2026-02-14 19:36:43,RETURNED,SOUTH
539,,2026-04-28 09:46:59,DELIVERED,WEST
540,588,2024-08-16 11:40:09,RETURNED,EAST
541,491,2024-03-03 06:19:29,SHIPPED,WEST
542,226,2025-11-23 19:04:01,DELIVERED,SOUTH
543,228,2025-03-07 17:52:33,CANCELLED,NORTH
544,404,2024-10-29 01:37:22,DELIVERED,NORTH
545,370,2025-09-09 14:02:11,DELIVERED,EAST
546,,2025-06-19 19:33:27,CANCELLED,NORTH
547,455,2025-10-07 15:03:19,CANCELLED,WEST
548,425,2024-08-04 19:27:37,PLACED,EAST
549,538,2025-06-05 01:14:33,DELIVERED,NORTH
550,,2025-02-28 14:26:18,DELIVERED,SOUTH
551,391,25-03-2025,CANCELLED,CENTRAL
552,573,2025-12-20 22:44:12,SHIPPED,EAST
553,484,2024-07-11 21:39:04,DELIVERED,WEST
554,251,2024-02-14 04:24:59,RETURNED,NORTH
555,371,2026-06-21 15:42:07,SHIPPED,WEST
556,123,2025-08-02 17:59:13,CANCELLED,SOUTH
557,150,2025-05-11 14:34:32,DELIVERED,NORTH
558,430,2025-07-07 00:03:27,DELIVERED,NORTH
559,188,2024-05-26 19:32:16,SHIPPED,EAST
560,309,2025-02-25 16:43:26,PLACED,CENTRAL
561,148,2024-01-21 00:51:35,DELIVERED,WEST
562,167,2024-06-08 02:24:52,CANCELLED,CENTRAL
563,539,2026-04-06 13:57:49,CANCELLED,WEST
564,79,2024-06-30 01:52:56,DELIVERED,EAST
565,143,2025-11-17 12:38:21,DELIVERED,EAST
566,312,2024-02-14 16:13:59,PLACED,SOUTH
567,315,2024-07-13 17:10:11,DELIVERED,NORTH
568,496,2025-10-31 22:04:16,DELIVERED,CENTRAL
569,481,03-07-2024,SHIPPED,NORTH
570,127,2024-11-15 01:54:40,DELIVERED,NORTH
571,285,2026-06-19 14:41:49,DELIVERED,CENTRAL
572,584,2024-04-16 03:47:22,PLACED,SOUTH
573,289,2024-09-23 20:10:43,RETURNED,NORTH
574,517,2026-01-07 10:40:36,DELIVERED,NORTH
575,364,2025-08-12 17:04:30,DELIVERED,EAST
576,113,2026-03-18 08:50:55,DELIVERED,CENTRAL
577,85,2025-05-24 17:01:44,DELIVERED,EAST
578,455,2024-12-16 21:10:18,CANCELLED,SOUTH
579,488,2025-07-24 19:12:29,DELIVERED,NORTH
580,536,2024-05-12 01:15:00,DELIVERED,NORTH
581,173,2024-04-10 12:34:44,SHIPPED,WEST
582,435,2026-02-14 08:10:25,DELIVERED,EAST
583,410,2025-07-07 04:16:11,DELIVERED,WEST
584,151,2025-12-07 06:00:42,DELIVERED,SOUTH
585,,2024-03-23 02:28:51,PLACED,SOUTH
586,335,2024-08-25 06:26:06,DELIVERED,CENTRAL
587,478,2024-11-09 16:33:41,DELIVERED,CENTRAL
588,554,2026-04-29 03:28:19,RETURNED,NORTH
589,323,07-08-2025,SHIPPED,EAST
590,169,2026-02-02 11:41:16,DELIVERED,NORTH
591,503,2026-05-10 06:33:36,DELIVERED,SOUTH
592,401,2025-02-13 03:55:39,DELIVERED,EAST
593,292,2025-05-12 20:27:51,PLACED,EAST
594,598,2024-02-11 18:53:55,DELIVERED,WEST
595,366,2025-10-01 21:50:55,SHIPPED,EAST
596,68,2025-04-18 15:57:37,DELIVERED,NORTH
597,433,2026-06-01 10:25:00,PLACED,WEST
598,325,2025-08-09 19:04:41,PLACED,WEST
599,211,2025-06-05 21:46:29,DELIVERED,SOUTH
600,373,2025-11-08 06:55:39,RETURNED,NORTH
601,549,28-11-2024,RETURNED,WEST
602,95,2026-06-17 04:36:24,PLACED,CENTRAL
603,215,2025-06-23 12:53:49,SHIPPED,EAST
604,553,2025-05-01 18:38:43,DELIVERED,WEST
605,561,2024-10-07 13:17:15,DELIVERED,SOUTH
606,219,2025-12-26 22:01:55,CANCELLED,WEST
607,62,2026-03-22 07:37:17,SHIPPED,EAST
608,421,2025-05-10 00:15:05,DELIVERED,WEST
609,294,2024-09-06 11:01:01,DELIVERED,NORTH
610,29,2025-01-16 12:07:56,DELIVERED,WEST
611,38,2024-11-09 18:45:07,SHIPPED,EAST
612,181,2024-03-06 14:32:12,PLACED,NORTH
613,306,2024-04-08 18:29:50,DELIVERED,NORTH
614,144,2025-01-01 16:15:07,RETURNED,CENTRAL
615,595,2026-03-26 23:07:02,SHIPPED,NORTH
616,321,2025-05-26 12:40:06,CANCELLED,SOUTH
617,224,2024-08-12 03:04:13,SHIPPED,WEST
618,544,2024-03-27 21:03:00,RETURNED,EAST
619,487,2025-01-17 16:28:12,RETURNED,EAST
620,377,2025-04-23 17:27:45,DELIVERED,NORTH
621,246,2025-01-27 23:53:09,RETURNED,EAST
622,125,2026-04-10 22:54:57,DELIVERED,WEST
623,262,2025-04-12 09:55:24,SHIPPED,SOUTH
624,165,2025-11-12 17:21:32,DELIVERED,WEST
625,281,2024-05-04 10:08:29,DELIVERED,WEST
626,341,2025-10-18 02:56:44,CANCELLED,EAST
627,361,2025-10-15 19:11:26,DELIVERED,WEST
628,54,2024-10-12 10:18:34,PLACED,WEST
629,313,2025-05-02 08:23:47,SHIPPED,SOUTH
630,421,2025-05-11 04:03:45,PLACED,SOUTH
631,336,2025-03-13 18:09:57,SHIPPED,WEST
632,585,14-12-2024,DELIVERED,CENTRAL
633,92,2025-12-19 08:26:57,SHIPPED,WEST
634,267,2024-08-19 20:29:17,RETURNED,NORTH
635,,2026-03-27 20:39:01,DELIVERED,WEST
636,209,2024-10-23 00:00:04,SHIPPED,WEST
637,442,2024-11-16 22:49:41,SHIPPED,SOUTH
638,419,2024-08-14 17:08:38,SHIPPED,WEST
639,379,2026-06-24 12:12:06,PLACED,SOUTH
640,408,2024-11-25 16:02:52,DELIVERED,EAST
641,571,2024-04-01 06:26:42,DELIVERED,EAST
642,47,2024-01-09 07:52:19,SHIPPED,WEST
643,136,2026-05-19 05:55:24,SHIPPED,WEST
644,480,2024-07-23 22:19:00,DELIVERED,EAST
645,46,2024-07-17 15:23:41,SHIPPED,EAST
646,290,2025-02-12 21:25:05,SHIPPED,EAST
647,169,2025-05-05 04:17:33,RETURNED,CENTRAL
648,451,23-03-2024,SHIPPED,WEST
649,479,2025-11-08 23:17:05,DELIVERED,WEST
650,575,2026-01-23 17:32:56,DELIVERED,SOUTH
651,96,2024-11-12 11:44:35,SHIPPED,CENTRAL
652,577,2026-06-28 19:38:10,PLACED,CENTRAL
653,79,2025-01-17 09:24:51,CANCELLED,NORTH
654,125,2025-09-04 07:42:55,PLACED,EAST
655,84,2025-12-15 22:44:11,DELIVERED,EAST
656,6,2025-05-26 17:55:32,RETURNED,EAST
657,583,19-07-2024,DELIVERED,EAST
658,73,2026-04-29 23:27:44,DELIVERED,SOUTH
659,409,2024-05-18 13:10:52,DELIVERED,WEST
660,158,2024-07-06 08:22:04,DELIVERED,EAST
661,135,2025-07-11 18:08:24,DELIVERED,WEST
662,398,2026-01-10 02:57:32,PLACED,WEST
663,191,2025-11-05 08:38:30,DELIVERED,WEST
664,159,2026-02-08 10:57:07,PLACED,WEST
665,490,2025-04-11 15:28:20,RETURNED,SOUTH
666,303,02-06-2026,PLACED,NORTH
667,423,2024-05-26 18:37:56,CANCELLED,EAST
668,84,2026-02-21 01:46:26,DELIVERED,SOUTH
669,47,2024-05-09 09:17:50,SHIPPED,WEST
670,461,2025-02-15 18:41:22,CANCELLED,SOUTH
671,266,14-06-2024,DELIVERED,NORTH
672,489,2025-12-15 20:07:14,RETURNED,CENTRAL
673,311,2025-07-14 08:56:37,DELIVERED,EAST
674,139,2024-01-22 13:19:54,DELIVERED,SOUTH
675,215,2026-01-17 09:20:56,DELIVERED,CENTRAL
676,309,2025-12-20 21:45:25,PLACED,SOUTH
677,456,2026-01-23 11:51:24,DELIVERED,SOUTH
678,402,2024-03-20 02:30:59,CANCELLED,WEST
679,508,2026-06-17 22:03:20,SHIPPED,WEST
680,526,27-01-2026,PLACED,CENTRAL
681,66,2025-02-20 02:07:46,DELIVERED,WEST
682,356,27-11-2025,SHIPPED,SOUTH
683,449,2024-12-26 13:25:52,DELIVERED,CENTRAL
684,480,2024-07-22 17:56:44,DELIVERED,WEST
685,369,2026-01-03 17:32:47,DELIVERED,EAST
686,89,2026-01-20 03:26:07,DELIVERED,NORTH
687,506,2025-04-16 16:57:47,RETURNED,EAST
688,366,2024-09-03 09:14:25,DELIVERED,NORTH
689,117,2024-12-18 03:37:31,SHIPPED,EAST
690,48,2026-05-15 07:17:54,DELIVERED,CENTRAL
691,107,2024-03-19 07:52:11,DELIVERED,NORTH
692,105,2026-05-23 18:30:30,DELIVERED,SOUTH
693,161,2025-03-29 19:08:03,DELIVERED,NORTH
694,373,2025-06-03 19:04:21,SHIPPED,WEST
695,7,2025-01-16 02:02:44,SHIPPED,SOUTH
696,382,2025-10-06 16:38:32,SHIPPED,CENTRAL
697,234,2024-08-02 08:48:05,DELIVERED,WEST
698,529,2025-07-15 23:55:33,DELIVERED,CENTRAL
699,87,2025-06-09 12:52:24,SHIPPED,NORTH
700,38,22-08-2024,DELIVERED,CENTRAL
701,430,2025-09-16 11:45:04,CANCELLED,EAST
702,9,2025-03-10 14:58:55,PLACED,WEST
703,211,2026-04-25 17:38:45,DELIVERED,EAST
704,415,2024-11-02 11:43:07,DELIVERED,WEST
705,130,2026-03-19 12:31:00,PLACED,CENTRAL
706,349,2024-09-05 14:15:06,DELIVERED,EAST
707,312,2025-10-18 17:06:31,PLACED,EAST
708,520,2025-07-04 15:43:27,RETURNED,WEST
709,6,2025-12-04 22:33:02,DELIVERED,CENTRAL
710,547,2024-12-29 06:06:31,DELIVERED,CENTRAL
711,387,2026-03-18 06:34:36,DELIVERED,SOUTH
712,370,2025-12-06 17:53:21,CANCELLED,NORTH
713,436,2024-07-21 01:06:43,DELIVERED,CENTRAL
714,573,2026-03-17 03:40:18,DELIVERED,WEST
715,502,2025-10-09 15:59:30,PLACED,WEST
716,526,2026-04-01 23:48:37,DELIVERED,SOUTH
717,379,2024-07-03 11:55:10,PLACED,CENTRAL
718,536,2024-08-26 03:36:23,DELIVERED,EAST
719,147,2024-08-08 19:21:21,RETURNED,EAST
720,221,2024-10-11 09:36:36,PLACED,EAST
721,46,2025-10-10 16:19:48,DELIVERED,EAST
722,487,2024-07-25 07:30:03,DELIVERED,WEST
723,153,2025-05-20 04:56:31,DELIVERED,WEST
724,405,2025-06-10 14:45:25,CANCELLED,EAST
725,170,2024-02-08 12:45:48,DELIVERED,CENTRAL
726,573,2024-05-12 06:41:52,DELIVERED,NORTH
727,535,2024-10-21 05:11:23,PLACED,CENTRAL
728,20,2025-03-03 03:20:45,DELIVERED,CENTRAL
729,547,12-05-2025,CANCELLED,NORTH
730,185,2025-10-06 13:57:04,DELIVERED,NORTH
731,102,2026-04-21 14:59:43,SHIPPED,NORTH
732,418,2024-09-19 19:53:58,SHIPPED,NORTH
733,102,2025-05-12 04:00:38,SHIPPED,NORTH
734,246,2026-06-29 08:44:51,DELIVERED,NORTH
735,326,23-12-2025,PLACED,SOUTH
736,20,2025-02-22 03:00:08,PLACED,CENTRAL
737,129,2025-04-18 04:47:23,CANCELLED,CENTRAL
738,146,2025-08-02 21:49:38,SHIPPED,WEST
739,569,2025-12-02 18:09:45,RETURNED,CENTRAL
740,172,2024-01-01 20:14:31,SHIPPED,EAST
741,390,2025-06-29 21:48:34,CANCELLED,EAST
742,,2026-04-09 16:17:30,DELIVERED,NORTH
743,570,2025-03-10 02:57:37,DELIVERED,EAST
744,351,2025-02-10 00:13:36,SHIPPED,EAST
745,471,2025-05-25 05:46:25,DELIVERED,NORTH
746,5,2024-01-15 21:06:59,CANCELLED,WEST
747,552,2024-05-06 01:26:45,PLACED,NORTH
748,456,2024-07-10 17:16:00,CANCELLED,EAST
749,9,2024-07-12 19:32:02,DELIVERED,SOUTH
750,288,2025-07-09 20:32:04,DELIVERED,SOUTH
751,506,2025-07-17 21:35:25,DELIVERED,CENTRAL
752,201,2025-09-07 07:09:47,DELIVERED,SOUTH
753,580,2026-05-27 21:57:18,DELIVERED,SOUTH
754,584,2024-12-20 03:09:27,SHIPPED,NORTH
755,546,2025-01-27 21:34:51,PLACED,WEST
756,54,2025-05-16 18:17:07,SHIPPED,CENTRAL
757,371,2026-03-14 12:44:07,SHIPPED,EAST
758,546,2025-11-28 06:46:10,SHIPPED,CENTRAL
759,232,2025-10-20 09:09:51,SHIPPED,EAST
760,100,2024-02-13 07:10:17,DELIVERED,EAST
761,254,2024-06-16 12:35:27,CANCELLED,EAST
762,243,2024-04-23 06:18:46,DELIVERED,WEST
763,88,2024-04-04 06:34:23,CANCELLED,NORTH
764,64,2025-11-17 11:54:44,DELIVERED,NORTH
765,573,2024-03-22 02:16:27,PLACED,WEST
766,11,2025-12-05 08:23:47,CANCELLED,CENTRAL
767,27,2025-12-06 09:12:31,PLACED,NORTH
768,70,2024-10-27 18:28:23,DELIVERED,EAST
769,456,2024-10-15 19:43:37,PLACED,EAST
770,526,2025-07-09 17:38:58,DELIVERED,SOUTH
771,352,28-03-2025,DELIVERED,SOUTH
772,520,2026-05-19 01:48:16,SHIPPED,SOUTH
773,207,2024-04-16 06:16:39,DELIVERED,WEST
774,340,2026-06-17 12:42:56,SHIPPED,EAST
775,466,2024-03-06 13:02:14,DELIVERED,SOUTH
776,219,2025-01-06 07:16:32,CANCELLED,WEST
777,189,11-01-2024,PLACED,NORTH
778,451,2024-10-28 23:53:08,DELIVERED,NORTH
779,291,2024-09-27 12:39:22,SHIPPED,CENTRAL
780,201,2024-02-03 09:16:51,PLACED,SOUTH
781,114,2025-06-09 15:50:34,SHIPPED,EAST
782,540,04-11-2025,PLACED,SOUTH
783,197,2026-04-07 07:04:43,DELIVERED,SOUTH
784,249,2024-10-20 18:14:22,PLACED,SOUTH
785,287,2024-07-15 10:42:56,CANCELLED,SOUTH
786,482,2024-04-10 18:38:32,CANCELLED,CENTRAL
787,532,2025-12-22 05:08:19,DELIVERED,WEST
788,507,2026-01-05 22:59:03,RETURNED,CENTRAL
789,213,2024-12-07 00:31:58,SHIPPED,SOUTH
790,387,2026-06-06 14:13:55,SHIPPED,NORTH
791,87,2025-04-03 08:11:14,DELIVERED,WEST
792,345,2025-10-23 22:14:48,DELIVERED,WEST
793,392,2024-02-08 09:33:40,DELIVERED,EAST
794,302,2026-02-18 11:09:07,DELIVERED,SOUTH
795,74,2025-07-13 14:36:17,SHIPPED,EAST
796,282,2024-10-23 03:39:54,RETURNED,CENTRAL
797,9,2025-04-10 05:12:20,RETURNED,WEST
798,13,2026-01-03 05:35:03,RETURNED,WEST
799,215,2026-01-07 00:20:24,DELIVERED,WEST
800,473,2025-06-13 04:42:33,SHIPPED,WEST
801,461,2026-05-17 12:24:23,CANCELLED,EAST
802,10,2026-02-15 09:54:08,SHIPPED,WEST
803,414,2026-04-15 03:19:48,DELIVERED,NORTH
804,158,2025-05-28 00:37:55,RETURNED,CENTRAL
805,391,13-11-2024,DELIVERED,WEST
806,584,2025-12-02 10:27:25,SHIPPED,CENTRAL
807,501,11-02-2024,RETURNED,EAST
808,299,25-03-2026,DELIVERED,SOUTH
809,421,2025-08-30 13:27:41,DELIVERED,WEST
810,399,2024-11-16 18:07:15,DELIVERED,WEST
811,589,2025-04-27 01:20:04,DELIVERED,EAST
812,147,2025-11-23 10:04:40,CANCELLED,CENTRAL
813,583,2026-02-01 16:15:51,DELIVERED,EAST
814,468,2025-06-22 16:57:50,SHIPPED,CENTRAL
815,180,2025-10-06 18:17:18,DELIVERED,WEST
816,188,2026-06-02 07:30:49,PLACED,SOUTH
817,551,29-03-2025,DELIVERED,SOUTH
818,422,2026-05-08 18:46:07,DELIVERED,CENTRAL
819,334,2025-09-29 01:29:22,DELIVERED,WEST
820,,2025-12-18 13:01:41,CANCELLED,WEST
821,,2025-01-24 07:15:32,SHIPPED,WEST
822,70,2024-05-08 05:38:09,RETURNED,SOUTH
823,286,07-09-2024,PLACED,EAST
824,401,2024-09-18 16:23:49,DELIVERED,SOUTH
825,183,2024-12-02 14:08:01,DELIVERED,WEST
826,536,2024-06-08 16:24:41,PLACED,NORTH
827,,2025-08-09 06:19:30,DELIVERED,SOUTH
828,17,17-10-2025,CANCELLED,NORTH
829,99,17-09-2024,DELIVERED,EAST
830,195,2024-11-17 17:58:03,DELIVERED,SOUTH
831,366,2025-05-17 08:01:35,SHIPPED,WEST
832,226,2024-04-12 13:15:55,DELIVERED,NORTH
833,224,2025-09-30 14:48:03,RETURNED,NORTH
834,583,2024-09-23 08:27:32,SHIPPED,WEST
835,137,2025-05-30 19:35:33,DELIVERED,WEST
836,19,2026-06-27 19:45:25,DELIVERED,CENTRAL
837,14,2024-12-27 08:10:36,PLACED,SOUTH
838,250,2024-05-03 07:51:37,SHIPPED,SOUTH
839,39,2025-01-04 19:40:04,RETURNED,EAST
840,326,2024-03-02 12:40:25,DELIVERED,EAST
841,235,2025-05-29 14:39:03,PLACED,SOUTH
842,228,2025-08-15 14:49:33,DELIVERED,NORTH
843,72,2024-10-25 23:37:55,RETURNED,SOUTH
844,54,2026-05-02 14:30:10,SHIPPED,NORTH
845,479,2025-04-28 20:10:52,DELIVERED,CENTRAL
846,293,2026-06-14 10:33:48,SHIPPED,WEST
847,369,2025-09-10 15:37:48,DELIVERED,CENTRAL
848,160,2026-01-18 18:17:22,CANCELLED,EAST
849,157,2026-05-08 19:49:17,DELIVERED,WEST
850,576,2026-01-16 23:10:34,DELIVERED,SOUTH
851,5,2024-01-20 22:29:46,DELIVERED,WEST
852,405,2025-08-02 15:51:00,RETURNED,NORTH
853,40,2024-07-12 08:51:28,SHIPPED,WEST
854,357,2026-03-02 15:34:36,DELIVERED,NORTH
855,435,18-01-2025,CANCELLED,NORTH
856,152,2025-02-09 23:06:52,PLACED,SOUTH
857,166,2024-01-20 03:58:16,DELIVERED,WEST
858,246,2024-05-04 19:36:08,DELIVERED,WEST
859,310,2026-02-16 17:27:58,DELIVERED,EAST
860,92,2024-06-18 18:01:57,SHIPPED,SOUTH
861,215,10-09-2025,SHIPPED,WEST
862,,2024-04-18 11:52:46,DELIVERED,EAST
863,175,2024-10-01 00:43:01,SHIPPED,SOUTH
864,113,2025-12-01 01:51:06,SHIPPED,SOUTH
865,197,2025-02-06 21:20:24,DELIVERED,CENTRAL
866,171,2024-05-03 23:31:30,SHIPPED,EAST
867,,2024-12-30 17:14:15,PLACED,NORTH
868,8,23-06-2026,SHIPPED,NORTH
869,533,2025-02-16 23:04:36,SHIPPED,WEST
870,352,2025-05-04 16:23:42,DELIVERED,WEST
871,365,28-05-2025,CANCELLED,WEST
872,143,2024-02-09 21:26:08,SHIPPED,SOUTH
873,487,2026-03-10 21:23:07,RETURNED,EAST
874,,2025-07-13 13:26:18,DELIVERED,WEST
875,497,2025-09-13 15:14:22,SHIPPED,WEST
876,103,2025-08-20 20:33:59,PLACED,CENTRAL
877,517,2024-02-19 07:34:02,SHIPPED,CENTRAL
878,479,2024-09-18 01:27:51,DELIVERED,CENTRAL
879,217,2024-09-21 18:12:11,PLACED,WEST
880,30,2024-09-05 22:00:14,DELIVERED,EAST
881,264,2026-01-09 21:50:14,DELIVERED,CENTRAL
882,504,2024-05-20 11:54:46,SHIPPED,CENTRAL
883,67,2025-06-17 04:23:04,DELIVERED,WEST
884,576,2025-11-09 19:08:00,PLACED,NORTH
885,349,2024-10-19 06:58:40,DELIVERED,EAST
886,591,2024-01-03 14:34:43,SHIPPED,WEST
887,328,2025-07-21 01:04:30,PLACED,CENTRAL
888,110,2026-09-01 21:28:20,PLACED,EAST
889,512,2025-12-09 00:52:44,DELIVERED,NORTH
890,317,2026-02-19 10:00:32,RETURNED,CENTRAL
891,221,2026-02-07 23:53:21,PLACED,EAST
892,216,15-12-2024,CANCELLED,SOUTH
893,402,2025-04-09 15:19:20,CANCELLED,NORTH
894,346,2025-10-18 05:36:37,DELIVERED,WEST
895,290,2025-03-14 15:17:45,CANCELLED,WEST
896,332,20-06-2026,RETURNED,EAST
897,168,2026-06-15 13:59:16,SHIPPED,SOUTH
898,201,2024-01-15 04:29:05,PLACED,SOUTH
899,438,2024-09-18 07:48:17,RETURNED,SOUTH
900,121,2026-03-11 16:48:58,RETURNED,WEST
901,122,2025-01-09 03:44:27,DELIVERED,SOUTH
902,385,2024-05-19 04:56:44,DELIVERED,EAST
903,456,2025-07-24 14:47:46,PLACED,CENTRAL
904,246,2026-06-09 02:18:49,DELIVERED,NORTH
905,186,2025-08-19 11:03:42,DELIVERED,CENTRAL
906,334,2024-04-08 15:23:17,DELIVERED,WEST
907,21,2025-09-03 17:47:57,CANCELLED,WEST
908,599,2026-04-17 06:41:50,PLACED,SOUTH
909,121,2024-10-07 15:38:54,PLACED,WEST
910,126,2024-03-01 19:21:46,SHIPPED,CENTRAL
911,36,2024-05-11 10:30:05,DELIVERED,CENTRAL
912,1,2025-01-20 18:40:39,DELIVERED,EAST
913,456,2024-08-05 06:10:26,DELIVERED,EAST
914,523,2024-11-21 23:23:01,PLACED,NORTH
915,307,2024-11-30 07:43:11,SHIPPED,EAST
916,433,2024-04-25 12:19:44,DELIVERED,SOUTH
917,86,2025-01-29 20:29:40,PLACED,SOUTH
918,276,2024-10-26 05:40:14,DELIVERED,CENTRAL
919,430,2024-08-26 10:34:28,DELIVERED,CENTRAL
920,277,2024-07-12 14:12:57,DELIVERED,EAST
921,372,2025-06-02 02:25:40,DELIVERED,EAST
922,,2025-08-08 21:23:38,RETURNED,NORTH
923,314,2026-01-30 14:18:16,DELIVERED,EAST
924,102,2024-03-15 12:12:03,DELIVERED,EAST
925,545,2026-05-06 23:48:41,DELIVERED,SOUTH
926,526,2024-08-29 13:08:06,DELIVERED,EAST
927,380,2025-01-21 23:33:16,DELIVERED,WEST
928,480,2026-02-19 04:27:48,DELIVERED,SOUTH
929,90,2025-04-19 19:53:12,PLACED,NORTH
930,246,25-05-2024,DELIVERED,CENTRAL
931,11,2025-10-20 15:15:18,PLACED,WEST
932,546,2024-07-12 16:50:21,RETURNED,NORTH
933,548,2025-06-20 00:47:33,RETURNED,CENTRAL
934,44,2025-11-27 22:57:37,CANCELLED,CENTRAL
935,180,2024-04-26 16:45:54,DELIVERED,NORTH
936,389,2024-09-21 20:06:10,RETURNED,SOUTH
937,121,2025-03-26 14:23:50,SHIPPED,CENTRAL
938,313,11-03-2026,DELIVERED,CENTRAL
939,59,2026-08-07 21:28:20,DELIVERED,NORTH
940,191,2025-09-16 14:11:05,DELIVERED,NORTH
941,158,2025-09-30 00:42:58,SHIPPED,EAST
942,405,2025-08-04 11:16:06,SHIPPED,EAST
943,450,2025-11-13 12:24:18,DELIVERED,EAST
944,204,20-06-2024,DELIVERED,EAST
945,165,2024-11-05 02:57:23,RETURNED,NORTH
946,564,2026-02-08 20:05:56,SHIPPED,WEST
947,399,2024-07-23 03:36:21,PLACED,SOUTH
948,14,2025-01-02 09:32:35,DELIVERED,CENTRAL
949,445,2026-01-15 22:53:35,DELIVERED,SOUTH
950,524,2024-10-17 06:39:16,CANCELLED,SOUTH
951,440,2024-11-04 05:21:09,PLACED,CENTRAL
952,194,2024-08-19 00:54:39,PLACED,SOUTH
953,437,2024-01-28 10:27:45,PLACED,WEST
954,237,2024-12-10 12:22:48,DELIVERED,NORTH
955,276,2025-07-18 19:06:04,DELIVERED,EAST
956,187,2026-08-20 21:28:20,SHIPPED,WEST
957,104,2025-10-31 09:23:49,DELIVERED,EAST
958,14,2026-05-07 03:24:37,DELIVERED,EAST
959,544,2026-04-01 13:24:24,SHIPPED,CENTRAL
960,109,2024-07-21 16:50:54,PLACED,SOUTH
961,457,2024-06-02 05:28:09,SHIPPED,WEST
962,207,08-04-2026,SHIPPED,CENTRAL
963,574,2025-06-23 13:45:22,DELIVERED,WEST
964,430,2026-03-24 15:17:27,PLACED,CENTRAL
965,133,2025-03-25 23:10:18,DELIVERED,SOUTH
966,408,2026-02-07 23:54:11,RETURNED,SOUTH
967,522,2025-08-19 18:09:56,DELIVERED,SOUTH
968,164,2026-06-07 09:54:07,CANCELLED,CENTRAL
969,538,2025-02-06 02:03:14,DELIVERED,CENTRAL
970,230,2024-03-11 20:33:21,DELIVERED,EAST
971,277,2024-03-21 00:48:13,CANCELLED,CENTRAL
972,356,2025-07-27 09:25:27,CANCELLED,EAST
973,419,03-04-2025,CANCELLED,EAST
974,287,01-10-2024,DELIVERED,CENTRAL
975,392,2025-02-03 18:31:23,DELIVERED,WEST
976,276,2024-11-12 18:38:15,DELIVERED,SOUTH
977,445,2025-07-26 15:53:44,DELIVERED,WEST
978,181,2024-10-20 09:12:29,SHIPPED,EAST
979,,2024-09-10 02:02:50,DELIVERED,SOUTH
980,74,2025-10-24 09:09:32,RETURNED,NORTH
981,141,2024-01-19 07:30:29,PLACED,NORTH
982,45,2024-07-24 07:59:31,PLACED,CENTRAL
983,,2024-01-15 14:18:52,DELIVERED,EAST
984,88,2024-11-10 07:05:51,CANCELLED,SOUTH
985,491,2024-08-28 00:40:27,SHIPPED,CENTRAL
986,46,2024-06-08 17:13:57,CANCELLED,WEST
987,230,2024-02-07 06:49:02,DELIVERED,EAST
988,394,2024-06-23 14:53:56,SHIPPED,EAST
989,342,2024-07-02 20:26:38,PLACED,NORTH
990,183,2025-10-27 20:25:30,DELIVERED,SOUTH
991,309,2025-03-21 20:20:33,RETURNED,EAST
992,79,2024-01-04 09:13:48,DELIVERED,SOUTH
993,400,2025-11-24 22:00:40,DELIVERED,NORTH
994,438,2025-03-08 14:20:35,PLACED,WEST
995,507,2025-10-20 09:36:17,DELIVERED,EAST
996,252,2025-08-18 06:10:48,DELIVERED,CENTRAL
997,236,2025-08-20 11:56:36,DELIVERED,SOUTH
998,241,01-09-2026,DELIVERED,SOUTH
999,62,2025-06-26 16:37:12,DELIVERED,SOUTH
1000,148,2026-05-06 17:25:28,SHIPPED,SOUTH
1001,142,2024-07-01 02:52:03,DELIVERED,NORTH
1002,435,2025-07-31 09:23:33,DELIVERED,WEST
1003,162,2024-02-16 21:24:20,SHIPPED,NORTH
1004,427,2024-08-20 13:51:45,PLACED,CENTRAL
1005,307,2025-12-31 09:44:55,DELIVERED,NORTH
1006,160,03-04-2024,DELIVERED,CENTRAL
1007,406,2025-10-20 01:43:36,DELIVERED,EAST
1008,514,2025-04-20 09:46:22,SHIPPED,NORTH
1009,129,25-11-2024,DELIVERED,CENTRAL
1010,80,2025-12-28 16:33:48,DELIVERED,WEST
1011,381,2025-10-21 00:08:18,PLACED,CENTRAL
1012,344,2024-02-13 13:44:14,PLACED,SOUTH
1013,317,2024-10-18 15:35:47,PLACED,EAST
1014,584,2026-05-27 09:09:05,DELIVERED,NORTH
1015,317,2024-01-14 04:06:35,RETURNED,CENTRAL
1016,401,2025-07-06 18:34:32,PLACED,WEST
1017,516,2024-06-05 21:39:37,PLACED,WEST
1018,39,2025-03-26 16:26:04,PLACED,NORTH
1019,238,2024-11-30 23:54:36,DELIVERED,SOUTH
1020,514,2026-03-13 01:05:19,DELIVERED,EAST
1021,135,2025-06-10 15:36:29,RETURNED,NORTH
1022,397,2025-01-06 10:41:25,PLACED,SOUTH
1023,510,2024-05-31 07:33:37,CANCELLED,CENTRAL
1024,90,2026-02-14 00:47:50,RETURNED,SOUTH
1025,591,18-07-2025,DELIVERED,WEST
1026,485,2025-02-01 17:21:08,RETURNED,NORTH
1027,500,2024-03-02 12:07:14,DELIVERED,CENTRAL
1028,133,2025-11-15 19:14:49,RETURNED,EAST
1029,424,2026-02-24 22:54:03,RETURNED,NORTH
1030,59,2025-01-15 07:25:52,SHIPPED,NORTH
1031,163,04-06-2026,DELIVERED,WEST
1032,358,2025-12-24 17:10:32,CANCELLED,NORTH
1033,111,2025-09-08 15:10:39,SHIPPED,EAST
1034,498,2024-11-26 07:36:51,SHIPPED,NORTH
1035,482,2024-08-14 01:08:51,PLACED,CENTRAL
1036,64,2025-07-15 13:25:36,SHIPPED,SOUTH
1037,434,2025-02-23 04:40:00,PLACED,EAST
1038,306,2025-12-02 06:11:31,DELIVERED,EAST
1039,56,2024-05-23 14:27:35,RETURNED,EAST
1040,358,2025-10-13 01:13:14,DELIVERED,WEST
1041,585,2025-08-27 12:06:53,CANCELLED,SOUTH
1042,593,2024-08-12 15:43:17,RETURNED,EAST
1043,,2025-12-13 12:02:57,SHIPPED,WEST
1044,4,2025-11-30 22:03:20,DELIVERED,CENTRAL
1045,224,2024-10-18 12:21:28,SHIPPED,WEST
1046,215,2024-10-23 22:55:26,PLACED,EAST
1047,,2025-04-21 20:30:01,DELIVERED,WEST
1048,361,2025-07-01 03:23:09,RETURNED,EAST
1049,181,2025-12-13 18:10:56,DELIVERED,CENTRAL
1050,292,2025-11-10 14:56:46,RETURNED,NORTH
1051,107,2024-05-19 05:56:40,DELIVERED,WEST
1052,558,2024-06-03 21:09:45,CANCELLED,EAST
1053,217,2024-12-12 05:32:42,PLACED,WEST
1054,360,2025-12-21 17:12:09,DELIVERED,WEST
1055,,2025-08-04 23:43:59,SHIPPED,EAST
1056,425,2026-09-05 21:28:20,PLACED,SOUTH
1057,532,2025-05-08 04:10:31,RETURNED,SOUTH
1058,401,2024-10-26 06:54:01,PLACED,CENTRAL
1059,400,2024-09-26 20:38:57,SHIPPED,SOUTH
1060,130,2026-02-22 08:03:55,DELIVERED,EAST
1061,163,2025-05-15 20:06:57,DELIVERED,CENTRAL
1062,557,02-05-2024,DELIVERED,WEST
1063,367,2024-10-16 19:16:51,SHIPPED,CENTRAL
1064,388,2025-02-08 15:23:16,RETURNED,NORTH
1065,594,2024-06-09 15:44:54,PLACED,SOUTH
1066,185,2024-05-24 02:58:57,RETURNED,SOUTH
1067,503,2024-02-04 02:36:54,DELIVERED,SOUTH
1068,385,2025-05-02 03:17:37,SHIPPED,EAST
1069,,2024-10-04 13:33:50,CANCELLED,NORTH
1070,356,2026-01-21 17:30:33,PLACED,CENTRAL
1071,125,2024-10-26 13:47:32,DELIVERED,SOUTH
1072,374,27-06-2024,PLACED,NORTH
1073,130,2025-02-19 16:29:53,PLACED,CENTRAL
1074,479,2026-02-09 04:49:38,RETURNED,EAST
1075,288,2025-09-02 05:36:43,DELIVERED,SOUTH
1076,500,2025-11-04 08:59:42,DELIVERED,EAST
1077,393,2025-10-28 21:56:52,CANCELLED,NORTH
1078,35,2026-03-05 08:45:49,DELIVERED,CENTRAL
1079,31,2024-06-27 02:27:36,DELIVERED,EAST
1080,221,2025-07-31 08:30:00,PLACED,EAST
1081,337,2024-11-28 02:00:49,CANCELLED,CENTRAL
1082,291,2024-11-25 14:27:48,SHIPPED,CENTRAL
1083,77,2026-06-10 14:20:49,DELIVERED,EAST
1084,203,2024-11-02 05:17:15,PLACED,EAST
1085,128,2025-12-04 09:03:08,DELIVERED,CENTRAL
1086,,2024-01-28 16:59:07,RETURNED,WEST
1087,413,2024-02-27 11:45:55,PLACED,NORTH
1088,98,2025-10-06 19:15:42,DELIVERED,WEST
1089,321,2026-02-06 02:53:30,DELIVERED,WEST
1090,125,2025-08-03 20:13:44,SHIPPED,NORTH
1091,331,2025-11-07 19:25:10,DELIVERED,EAST
1092,551,2024-01-08 16:13:37,SHIPPED,NORTH
1093,312,2024-04-26 13:46:30,DELIVERED,WEST
1094,175,2024-08-02 00:11:20,SHIPPED,SOUTH
1095,424,2025-11-25 01:09:21,SHIPPED,WEST
1096,288,2025-05-15 01:43:31,PLACED,EAST
1097,362,2026-05-17 14:57:25,DELIVERED,SOUTH
1098,77,07-02-2026,SHIPPED,WEST
1099,108,2025-06-12 20:54:04,DELIVERED,EAST
1100,320,2025-12-06 07:09:56,PLACED,SOUTH
1101,373,2025-08-21 23:18:20,DELIVERED,WEST
1102,285,2025-10-19 06:05:13,CANCELLED,NORTH
1103,110,2024-06-20 04:31:23,SHIPPED,NORTH
1104,544,2025-12-04 03:40:35,DELIVERED,EAST
1105,155,2025-09-08 14:32:54,PLACED,EAST
1106,51,2025-08-17 05:28:24,SHIPPED,WEST
1107,283,2026-04-02 15:31:49,PLACED,NORTH
1108,114,2024-12-07 02:31:37,DELIVERED,SOUTH
1109,104,2025-03-03 21:52:25,DELIVERED,WEST
1110,226,2025-02-20 17:43:00,SHIPPED,EAST
1111,295,2024-01-05 19:49:57,DELIVERED,WEST
1112,245,21-09-2024,SHIPPED,WEST
1113,14,07-01-2026,RETURNED,NORTH
1114,10,2025-07-01 00:51:59,DELIVERED,SOUTH
1115,47,2024-01-28 00:22:36,CANCELLED,CENTRAL
1116,151,2024-05-25 21:13:20,SHIPPED,WEST
1117,559,2025-02-03 18:18:44,DELIVERED,EAST
1118,342,2026-03-15 10:08:27,RETURNED,CENTRAL
1119,277,17-03-2026,RETURNED,SOUTH
1120,146,2025-07-08 21:10:21,DELIVERED,WEST
1121,92,2024-10-28 02:57:27,PLACED,EAST
1122,558,2025-11-28 21:58:30,SHIPPED,EAST
1123,401,2025-10-10 05:51:30,SHIPPED,CENTRAL
1124,352,2024-07-10 00:19:41,RETURNED,EAST
1125,9,2026-02-14 01:20:50,DELIVERED,CENTRAL
1126,572,2024-09-09 14:25:18,DELIVERED,NORTH
1127,223,2025-03-15 15:38:58,DELIVERED,NORTH
1128,1,2024-03-18 12:28:59,SHIPPED,CENTRAL
1129,575,2024-08-28 20:11:55,PLACED,SOUTH
1130,83,2025-03-27 17:53:07,DELIVERED,WEST
1131,101,2025-02-09 20:30:45,SHIPPED,WEST
1132,331,2026-06-17 03:38:37,SHIPPED,WEST
1133,309,2025-04-18 19:04:43,DELIVERED,CENTRAL
1134,448,2024-05-29 04:42:59,SHIPPED,EAST
1135,438,2025-12-25 18:20:24,PLACED,CENTRAL
1136,,2025-10-15 20:59:01,RETURNED,SOUTH
1137,383,2024-07-16 17:09:02,CANCELLED,NORTH
1138,403,14-07-2024,CANCELLED,CENTRAL
1139,56,2024-05-11 12:19:11,DELIVERED,EAST
1140,298,2026-05-28 09:15:28,PLACED,CENTRAL
1141,55,2024-11-14 13:21:24,RETURNED,SOUTH
1142,159,2025-04-12 10:04:28,RETURNED,WEST
1143,206,2024-06-27 04:39:23,CANCELLED,CENTRAL
1144,210,2024-06-09 22:44:59,DELIVERED,NORTH
1145,308,2025-09-20 10:59:26,SHIPPED,CENTRAL
1146,450,2024-07-10 09:05:58,SHIPPED,SOUTH
1147,560,2024-11-07 05:37:41,DELIVERED,CENTRAL
1148,282,2025-08-30 16:35:28,DELIVERED,WEST
1149,291,2025-12-11 01:15:45,DELIVERED,NORTH
1150,456,2024-03-07 05:25:42,PLACED,WEST
1151,163,2025-07-09 17:47:58,SHIPPED,CENTRAL
1152,65,2024-09-28 01:42:54,DELIVERED,EAST
1153,144,2025-03-08 09:16:21,RETURNED,NORTH
1154,496,2025-08-07 21:47:05,SHIPPED,CENTRAL
1155,539,2025-02-06 16:38:47,RETURNED,EAST
1156,414,2024-04-14 23:11:28,SHIPPED,NORTH
1157,512,2026-01-10 01:57:51,DELIVERED,SOUTH
1158,179,2025-08-19 15:40:09,PLACED,CENTRAL
1159,39,2024-04-23 05:13:35,DELIVERED,NORTH
1160,329,2024-06-16 05:53:35,RETURNED,CENTRAL
1161,201,2025-01-27 05:41:37,SHIPPED,SOUTH
1162,542,25-10-2024,RETURNED,NORTH
1163,144,2024-01-09 03:13:22,DELIVERED,NORTH
1164,541,2026-02-09 18:45:44,CANCELLED,CENTRAL
1165,573,2024-08-02 04:17:52,DELIVERED,NORTH
1166,131,2026-03-14 12:21:39,SHIPPED,CENTRAL
1167,24,2024-12-14 00:06:59,CANCELLED,WEST
1168,70,02-09-2024,DELIVERED,CENTRAL
1169,513,30-04-2025,DELIVERED,NORTH
1170,270,2024-02-16 13:39:43,SHIPPED,NORTH
1171,561,2025-05-27 00:43:13,CANCELLED,SOUTH
1172,578,24-02-2024,DELIVERED,CENTRAL
1173,565,2026-01-13 17:53:40,PLACED,NORTH
1174,231,2025-06-28 02:33:10,CANCELLED,SOUTH
1175,,2024-03-26 23:50:30,SHIPPED,CENTRAL
1176,19,2026-05-08 06:32:32,DELIVERED,SOUTH
1177,438,2026-05-03 16:31:11,CANCELLED,EAST
1178,352,2025-11-09 02:49:30,PLACED,NORTH
1179,550,2026-06-01 10:23:14,CANCELLED,SOUTH
1180,79,2024-03-29 00:14:10,PLACED,EAST
1181,251,2025-03-30 05:56:11,DELIVERED,NORTH
1182,557,2024-11-15 19:03:10,DELIVERED,SOUTH
1183,310,2025-07-24 00:16:38,DELIVERED,CENTRAL
1184,327,21-04-2026,RETURNED,CENTRAL
1185,81,2024-11-12 05:04:40,DELIVERED,EAST
1186,216,2024-07-09 16:22:44,PLACED,SOUTH
1187,465,2024-06-26 11:07:30,SHIPPED,CENTRAL
1188,87,2024-04-02 18:31:28,DELIVERED,WEST
1189,46,2024-12-14 16:02:41,DELIVERED,NORTH
1190,33,2026-04-21 06:24:58,RETURNED,EAST
1191,269,2024-12-02 09:21:03,CANCELLED,WEST
1192,59,2024-06-18 15:39:05,RETURNED,EAST
1193,548,2025-12-21 00:37:37,DELIVERED,EAST
1194,391,2025-12-26 23:25:02,PLACED,NORTH
1195,281,2024-05-12 21:02:43,SHIPPED,CENTRAL
1196,281,2025-07-15 20:57:43,DELIVERED,CENTRAL
1197,,2025-04-21 17:52:50,SHIPPED,SOUTH
1198,18,2026-07-11 21:28:20,DELIVERED,CENTRAL
1199,60,2026-06-19 07:56:51,DELIVERED,EAST
1200,452,2024-10-06 07:34:32,SHIPPED,WEST
1201,179,2024-08-16 04:53:43,SHIPPED,NORTH
1202,519,14-11-2025,DELIVERED,NORTH
1203,266,2025-02-03 22:14:53,CANCELLED,CENTRAL
1204,241,2025-06-27 06:51:59,PLACED,NORTH
1205,334,2026-06-05 00:46:54,DELIVERED,WEST
1206,147,2024-02-08 08:40:53,SHIPPED,WEST
1207,384,2026-01-01 04:24:35,PLACED,EAST
1208,,21-08-2024,DELIVERED,EAST
1209,521,2026-06-22 07:23:16,DELIVERED,CENTRAL
1210,,2024-08-21 03:11:23,PLACED,NORTH
1211,230,2026-05-28 07:43:43,DELIVERED,WEST
1212,125,2026-03-30 20:11:04,DELIVERED,CENTRAL
1213,276,2024-10-29 23:00:23,SHIPPED,SOUTH
1214,371,2024-12-24 16:13:45,PLACED,SOUTH
1215,420,2025-07-16 03:54:27,PLACED,EAST
1216,236,2025-11-28 10:44:27,CANCELLED,SOUTH
1217,251,2025-09-25 05:04:46,DELIVERED,EAST
1218,121,2024-05-06 14:45:44,PLACED,WEST
1219,203,06-10-2024,PLACED,EAST
1220,482,05-06-2024,DELIVERED,SOUTH
1221,136,2026-03-10 20:45:17,RETURNED,EAST
1222,571,2025-01-10 01:20:44,CANCELLED,EAST
1223,111,2024-03-11 06:35:01,RETURNED,WEST
1224,447,2025-03-25 09:33:19,DELIVERED,CENTRAL
1225,522,10-05-2024,DELIVERED,WEST
1226,450,2024-10-01 12:41:00,RETURNED,NORTH
1227,506,2025-06-13 21:46:17,DELIVERED,CENTRAL
1228,437,2025-03-19 03:09:33,SHIPPED,SOUTH
1229,,2024-11-23 06:44:43,CANCELLED,EAST
1230,292,2024-09-14 05:44:14,DELIVERED,SOUTH
1231,266,2024-06-13 20:25:11,PLACED,SOUTH
1232,521,2024-09-19 07:16:28,RETURNED,CENTRAL
1233,200,2024-01-11 08:29:35,DELIVERED,EAST
1234,585,2025-10-24 13:10:04,CANCELLED,EAST
1235,123,2025-11-21 08:37:17,PLACED,SOUTH
1236,120,2025-07-03 11:40:50,SHIPPED,NORTH
1237,520,2025-06-04 22:16:32,DELIVERED,NORTH
1238,323,2024-02-29 14:02:48,DELIVERED,EAST
1239,572,2024-02-25 08:36:47,SHIPPED,CENTRAL
1240,226,2024-10-30 23:24:57,CANCELLED,WEST
1241,204,2024-05-17 19:24:43,DELIVERED,NORTH
1242,503,2026-05-16 09:56:54,PLACED,EAST
1243,598,2024-12-30 14:50:19,DELIVERED,SOUTH
1244,238,2025-03-29 18:52:14,DELIVERED,CENTRAL
1245,493,2025-04-03 21:57:08,CANCELLED,EAST
1246,458,2025-05-20 11:40:52,SHIPPED,EAST
1247,356,2025-09-10 09:50:42,DELIVERED,WEST
1248,241,2024-02-14 23:48:07,CANCELLED,WEST
1249,331,2025-02-10 09:21:02,CANCELLED,WEST
1250,56,2025-02-20 19:35:29,DELIVERED,NORTH
1251,420,2024-12-09 19:02:11,SHIPPED,NORTH
1252,338,19-07-2024,DELIVERED,WEST
1253,342,2025-07-01 21:37:57,DELIVERED,CENTRAL
1254,549,2024-11-04 06:22:20,DELIVERED,SOUTH
1255,166,2025-08-03 19:15:17,DELIVERED,NORTH
1256,,2024-02-01 02:42:42,DELIVERED,WEST
1257,,2025-03-15 18:20:59,DELIVERED,SOUTH
1258,,2024-07-11 01:44:19,DELIVERED,EAST
1259,79,2024-04-24 18:49:40,DELIVERED,NORTH
1260,,2026-04-21 11:57:48,DELIVERED,WEST
1261,320,2025-05-17 21:24:26,SHIPPED,WEST
1262,271,2026-06-14 02:20:13,PLACED,WEST
1263,495,2025-03-17 20:03:26,SHIPPED,NORTH
1264,404,2025-08-02 00:40:02,DELIVERED,CENTRAL
1265,407,2024-12-26 13:53:41,PLACED,EAST
1266,86,2024-05-28 04:21:39,RETURNED,CENTRAL
1267,145,2025-09-18 08:12:06,DELIVERED,CENTRAL
1268,61,2026-02-05 11:56:48,SHIPPED,SOUTH
1269,,2026-05-28 04:22:20,SHIPPED,SOUTH
1270,501,2026-04-27 13:01:20,SHIPPED,WEST
1271,527,2026-05-11 20:42:47,PLACED,NORTH
1272,80,06-08-2025,DELIVERED,NORTH
1273,449,2024-06-25 13:43:23,SHIPPED,CENTRAL
1274,561,2025-10-11 13:39:46,DELIVERED,EAST
1275,278,2026-03-22 15:28:12,DELIVERED,SOUTH
1276,536,2024-11-13 14:53:23,DELIVERED,CENTRAL
1277,474,2024-11-23 04:22:32,DELIVERED,SOUTH
1278,486,2024-01-16 06:09:37,DELIVERED,NORTH
1279,193,2024-11-05 13:14:09,SHIPPED,NORTH
1280,161,2024-04-13 17:26:26,SHIPPED,NORTH
1281,282,2025-03-17 11:16:50,DELIVERED,EAST
1282,413,2025-01-30 17:44:43,SHIPPED,CENTRAL
1283,222,2025-03-10 22:37:02,PLACED,CENTRAL
1284,393,2025-05-27 21:15:50,DELIVERED,CENTRAL
1285,485,2024-11-21 03:31:11,RETURNED,NORTH
1286,151,2024-08-10 15:51:14,SHIPPED,NORTH
1287,451,2025-10-22 20:16:31,DELIVERED,NORTH
1288,403,2025-08-09 03:07:10,DELIVERED,CENTRAL
1289,81,2024-11-28 06:44:46,CANCELLED,SOUTH
1290,574,2025-11-17 01:47:12,DELIVERED,CENTRAL
1291,357,2024-10-03 12:47:01,DELIVERED,EAST
1292,219,2026-05-19 14:38:01,SHIPPED,EAST
1293,11,2024-10-31 05:17:54,PLACED,EAST
1294,378,29-01-2025,SHIPPED,EAST
1295,408,2024-03-09 05:21:31,SHIPPED,NORTH
1296,32,2026-01-01 09:02:32,DELIVERED,WEST
1297,559,10-06-2024,CANCELLED,SOUTH
1298,182,2024-07-23 12:12:03,PLACED,WEST
1299,64,2025-05-03 03:35:16,RETURNED,SOUTH
1300,18,2025-05-31 18:38:58,SHIPPED,SOUTH
1301,246,2025-07-22 23:02:04,DELIVERED,NORTH
1302,514,2024-08-17 03:43:06,DELIVERED,EAST
1303,518,2025-09-27 18:00:08,CANCELLED,NORTH
1304,575,2025-06-28 18:28:34,CANCELLED,NORTH
1305,475,2024-05-16 22:54:57,DELIVERED,SOUTH
1306,21,2024-09-20 01:17:51,DELIVERED,NORTH
1307,253,2025-04-23 02:57:23,RETURNED,SOUTH
1308,136,2025-04-27 07:47:48,SHIPPED,SOUTH
1309,424,2024-12-17 00:24:48,SHIPPED,EAST
1310,451,2025-02-14 22:57:28,DELIVERED,CENTRAL
1311,175,2024-02-27 01:26:03,SHIPPED,CENTRAL
1312,445,2025-06-22 22:10:19,SHIPPED,EAST
1313,516,2026-05-06 21:33:22,PLACED,SOUTH
1314,479,2025-02-09 05:02:26,DELIVERED,SOUTH
1315,479,2025-05-16 17:58:32,DELIVERED,NORTH
1316,108,11-07-2025,DELIVERED,EAST
1317,103,2024-10-17 16:01:22,DELIVERED,SOUTH
1318,450,2025-12-10 01:31:41,DELIVERED,WEST
1319,259,2025-08-02 18:27:19,DELIVERED,NORTH
1320,240,2026-02-26 12:52:01,SHIPPED,CENTRAL
1321,30,2024-09-11 19:19:52,CANCELLED,CENTRAL
1322,582,2024-08-04 18:46:17,RETURNED,NORTH
1323,145,2025-06-21 15:38:04,PLACED,SOUTH
1324,177,2025-04-13 00:37:10,CANCELLED,WEST
1325,251,2024-08-27 10:40:43,DELIVERED,WEST
1326,103,2026-01-01 08:43:19,SHIPPED,WEST
1327,475,2025-01-12 02:04:40,PLACED,SOUTH
1328,335,2025-03-15 22:15:35,DELIVERED,WEST
1329,356,2026-01-28 13:29:28,PLACED,CENTRAL
1330,241,2025-07-27 10:15:34,PLACED,CENTRAL
1331,80,2024-12-23 09:45:39,SHIPPED,WEST
1332,394,2024-10-06 10:15:00,DELIVERED,WEST
1333,,2025-10-17 03:29:27,DELIVERED,NORTH
1334,85,2025-06-21 22:30:36,CANCELLED,NORTH
1335,132,2026-06-11 17:42:20,PLACED,WEST
1336,56,2025-04-15 14:57:46,PLACED,WEST
1337,485,2025-06-04 12:04:22,PLACED,SOUTH
1338,545,2025-08-18 16:51:56,PLACED,CENTRAL
1339,528,2025-12-07 19:13:58,PLACED,WEST
1340,52,2025-07-27 16:22:06,SHIPPED,NORTH
1341,184,31-03-2025,SHIPPED,NORTH
1342,366,2024-02-26 21:00:26,SHIPPED,CENTRAL
1343,149,2026-02-05 13:09:37,RETURNED,CENTRAL
1344,537,03-06-2026,DELIVERED,SOUTH
1345,104,2025-08-16 06:44:54,SHIPPED,EAST
1346,23,2024-10-12 17:25:13,DELIVERED,NORTH
1347,444,2024-06-29 20:39:16,RETURNED,CENTRAL
1348,250,2024-03-16 20:33:35,DELIVERED,WEST
1349,191,06-03-2025,DELIVERED,SOUTH
1350,280,08-01-2024,DELIVERED,SOUTH
1351,474,2025-05-09 05:50:31,DELIVERED,SOUTH
1352,295,2025-12-16 14:03:31,SHIPPED,WEST
1353,572,2024-01-20 12:32:24,CANCELLED,SOUTH
1354,511,2024-11-23 05:07:52,DELIVERED,WEST
1355,,2026-06-06 12:06:11,DELIVERED,EAST
1356,543,2025-07-27 12:27:18,DELIVERED,WEST
1357,,2026-06-27 16:01:40,DELIVERED,NORTH
1358,291,2026-05-14 09:34:03,DELIVERED,CENTRAL
1359,127,2024-05-30 15:40:11,PLACED,EAST
1360,163,2025-09-15 02:42:26,SHIPPED,CENTRAL
1361,372,2024-06-13 02:29:56,DELIVERED,EAST
1362,546,2025-09-01 05:16:58,DELIVERED,EAST
1363,461,2024-08-31 20:11:01,SHIPPED,CENTRAL
1364,476,2024-09-24 14:42:57,DELIVERED,WEST
1365,421,2024-10-20 09:46:07,PLACED,CENTRAL
1366,83,2026-06-05 08:56:22,SHIPPED,SOUTH
1367,484,21-05-2024,DELIVERED,WEST
1368,198,2024-09-07 16:39:19,SHIPPED,WEST
1369,205,16-05-2025,PLACED,CENTRAL
1370,251,2025-11-20 04:35:23,RETURNED,CENTRAL
1371,340,2024-09-04 09:53:19,PLACED,NORTH
1372,417,2026-03-18 10:20:14,PLACED,WEST
1373,551,2024-07-06 22:32:05,RETURNED,NORTH
1374,62,2025-03-31 02:27:17,DELIVERED,NORTH
1375,524,2025-11-14 14:05:48,PLACED,EAST
1376,594,2024-06-22 15:35:58,DELIVERED,SOUTH
1377,495,2024-11-22 08:32:09,DELIVERED,WEST
1378,504,2025-01-15 04:08:15,DELIVERED,EAST
1379,265,01-06-2026,PLACED,CENTRAL
1380,227,2025-07-30 02:19:54,SHIPPED,SOUTH
1381,313,2026-01-08 07:54:11,SHIPPED,SOUTH
1382,300,2025-08-19 21:00:31,CANCELLED,CENTRAL
1383,599,2024-01-19 17:52:47,DELIVERED,CENTRAL
1384,175,2025-06-18 17:12:39,DELIVERED,CENTRAL
1385,497,2024-09-19 17:16:59,DELIVERED,WEST
1386,,2024-04-10 14:09:06,SHIPPED,EAST
1387,123,2024-11-01 22:32:15,RETURNED,NORTH
1388,537,2024-12-20 18:17:59,PLACED,NORTH
1389,520,2024-04-14 09:18:46,CANCELLED,CENTRAL
1390,58,2025-11-24 19:40:46,SHIPPED,SOUTH
1391,251,2024-12-20 17:07:46,PLACED,CENTRAL
1392,285,2024-05-21 22:07:03,RETURNED,SOUTH
1393,63,2024-11-18 16:48:43,DELIVERED,WEST
1394,53,10-05-2025,DELIVERED,WEST
1395,203,2024-06-04 03:38:37,DELIVERED,CENTRAL
1396,,2025-10-29 14:27:06,CANCELLED,SOUTH
1397,468,2024-01-01 18:27:34,SHIPPED,SOUTH
1398,495,2026-03-09 18:46:27,SHIPPED,CENTRAL
1399,282,2026-05-21 21:27:01,PLACED,SOUTH
1400,327,2026-03-02 13:19:25,PLACED,WEST
1401,97,2025-11-19 11:37:53,CANCELLED,SOUTH
1402,238,2024-11-27 05:17:07,DELIVERED,WEST
1403,308,2024-11-22 16:15:04,SHIPPED,WEST
1404,162,2024-09-01 02:19:48,DELIVERED,CENTRAL
1405,276,2024-12-21 07:26:01,CANCELLED,EAST
1406,314,2025-06-02 10:03:50,SHIPPED,EAST
1407,403,03-08-2026,DELIVERED,SOUTH
1408,281,2024-01-31 06:15:10,DELIVERED,EAST
1409,383,2024-02-06 18:49:01,SHIPPED,CENTRAL
1410,221,2026-02-20 07:05:23,PLACED,SOUTH
1411,492,2025-12-30 22:05:19,DELIVERED,WEST
1412,499,2025-01-23 02:56:19,DELIVERED,NORTH
1413,351,2025-03-04 19:44:56,SHIPPED,WEST
1414,76,2025-05-19 03:56:01,CANCELLED,SOUTH
1415,588,2024-11-06 16:19:41,SHIPPED,CENTRAL
1416,267,2026-05-14 18:19:37,PLACED,NORTH
1417,322,2025-07-15 03:36:57,CANCELLED,SOUTH
1418,234,2025-12-16 20:00:24,RETURNED,EAST
1419,24,2024-08-05 21:38:32,DELIVERED,WEST
1420,542,2024-04-03 15:38:17,PLACED,WEST
1421,517,2025-05-23 02:03:13,DELIVERED,NORTH
1422,579,2024-05-23 03:21:33,DELIVERED,CENTRAL
1423,90,2026-06-10 13:29:01,RETURNED,NORTH
1424,442,2025-03-06 02:16:19,RETURNED,SOUTH
1425,75,2024-10-09 05:17:27,DELIVERED,WEST
1426,412,2026-06-11 19:46:47,DELIVERED,NORTH
1427,438,2024-08-21 18:51:26,DELIVERED,EAST
1428,206,2026-06-11 08:36:58,DELIVERED,CENTRAL
1429,152,2024-11-16 05:36:42,DELIVERED,NORTH
1430,554,2025-06-25 09:45:08,SHIPPED,SOUTH
1431,207,2025-04-15 14:01:50,SHIPPED,SOUTH
1432,28,2024-08-01 07:22:06,PLACED,WEST
1433,,2024-11-20 00:35:17,DELIVERED,SOUTH
1434,232,2024-07-12 15:15:48,RETURNED,CENTRAL
1435,215,2024-07-05 23:17:00,DELIVERED,EAST
1436,216,2024-05-21 00:55:58,SHIPPED,NORTH
1437,17,2024-01-12 06:30:29,RETURNED,NORTH
1438,318,2024-04-11 10:46:09,SHIPPED,NORTH
1439,400,2026-01-02 05:37:44,DELIVERED,EAST
1440,,21-01-2025,DELIVERED,SOUTH
1441,40,2024-04-05 01:00:36,DELIVERED,EAST
1442,425,2024-09-01 15:22:49,DELIVERED,SOUTH
1443,186,2025-07-21 02:43:18,SHIPPED,WEST
1444,414,2025-08-02 17:18:44,SHIPPED,NORTH
1445,482,2024-02-23 03:55:02,DELIVERED,CENTRAL
1446,538,20-09-2024,CANCELLED,NORTH
1447,68,2024-06-23 14:58:13,DELIVERED,CENTRAL
1448,1,2025-04-28 18:59:05,SHIPPED,EAST
1449,375,2024-05-29 17:59:19,CANCELLED,SOUTH
1450,528,2024-07-20 15:34:42,DELIVERED,NORTH
1451,290,2024-06-12 11:11:31,DELIVERED,EAST
1452,474,2026-03-18 15:54:28,SHIPPED,SOUTH
1453,384,2024-08-13 14:13:52,PLACED,WEST
1454,203,2024-10-09 23:52:55,CANCELLED,SOUTH
1455,331,2024-01-19 04:40:26,SHIPPED,CENTRAL
1456,220,2025-12-05 00:16:54,PLACED,EAST
1457,527,2025-06-08 01:19:56,SHIPPED,WEST
1458,468,2024-05-29 21:54:28,DELIVERED,NORTH
1459,437,2024-02-09 11:30:07,SHIPPED,WEST
1460,124,2026-05-05 02:48:50,SHIPPED,WEST
1461,85,2026-02-23 01:27:51,CANCELLED,CENTRAL
1462,228,2024-01-26 23:20:18,DELIVERED,SOUTH
1463,544,2026-03-26 15:06:17,DELIVERED,CENTRAL
1464,163,2024-06-04 13:25:04,CANCELLED,SOUTH
1465,156,2026-04-20 03:17:21,CANCELLED,EAST
1466,,2025-09-14 17:37:22,RETURNED,WEST
1467,140,2026-07-25 21:28:20,DELIVERED,SOUTH
1468,69,2024-04-01 23:57:52,DELIVERED,SOUTH
1469,249,2025-08-30 18:25:11,DELIVERED,SOUTH
1470,359,2024-04-19 13:36:36,PLACED,WEST
1471,600,2024-08-23 21:14:12,SHIPPED,EAST
1472,,2024-07-01 04:57:47,DELIVERED,CENTRAL
1473,449,2025-04-09 04:53:58,DELIVERED,SOUTH
1474,350,26-02-2025,CANCELLED,EAST
1475,478,2025-10-23 15:05:49,DELIVERED,WEST
1476,231,2026-03-23 04:51:44,DELIVERED,CENTRAL
1477,248,2026-02-07 05:28:54,DELIVERED,NORTH
1478,287,2025-03-04 13:00:58,SHIPPED,EAST
1479,86,2024-01-21 01:55:13,SHIPPED,WEST
1480,445,2025-02-16 20:02:00,DELIVERED,CENTRAL
1481,580,2025-08-06 19:40:20,DELIVERED,NORTH
1482,232,2024-06-02 03:12:24,DELIVERED,EAST
1483,432,03-09-2025,DELIVERED,WEST
1484,588,2026-03-23 02:06:23,CANCELLED,WEST
1485,27,01-12-2024,RETURNED,NORTH
1486,423,2024-02-14 01:52:51,SHIPPED,EAST
1487,255,05-03-2025,DELIVERED,EAST
1488,165,2024-11-21 06:17:24,DELIVERED,WEST
1489,177,2026-02-15 11:15:06,DELIVERED,SOUTH
1490,314,2024-06-06 08:40:09,DELIVERED,CENTRAL
1491,191,2025-08-17 11:57:19,DELIVERED,EAST
1492,371,2024-09-04 08:03:13,PLACED,CENTRAL
1493,519,2026-05-20 16:24:22,SHIPPED,CENTRAL
1494,204,2024-05-25 00:51:00,CANCELLED,WEST
1495,150,2025-06-12 10:13:52,RETURNED,NORTH
1496,301,2026-06-04 15:07:16,SHIPPED,NORTH
1497,159,2025-03-01 07:34:03,DELIVERED,SOUTH
1498,232,2025-11-15 01:39:28,PLACED,SOUTH
1499,495,2025-11-12 21:14:17,DELIVERED,WEST
1500,532,2026-06-21 09:21:29,RETURNED,WEST
1501,373,2025-02-13 10:07:47,RETURNED,SOUTH
1502,366,2024-04-29 16:16:33,CANCELLED,SOUTH
1503,593,2024-07-19 00:41:42,RETURNED,WEST
1504,108,2024-12-19 21:54:36,DELIVERED,CENTRAL
1505,230,2025-12-23 19:08:08,DELIVERED,WEST
1506,447,2024-04-10 10:36:57,DELIVERED,CENTRAL
1507,356,2026-01-10 09:55:18,DELIVERED,NORTH
1508,283,2026-06-04 01:57:17,PLACED,CENTRAL
1509,137,2025-09-07 13:07:20,DELIVERED,EAST
1510,584,2026-02-28 01:55:56,DELIVERED,CENTRAL
1511,7,2024-03-23 06:53:56,PLACED,NORTH
1512,543,2025-10-04 16:16:49,SHIPPED,CENTRAL
1513,184,2024-10-08 13:02:45,DELIVERED,EAST
1514,414,2026-06-10 16:22:43,CANCELLED,WEST
1515,142,2025-06-17 06:58:40,SHIPPED,WEST
1516,512,2024-05-20 22:49:37,SHIPPED,NORTH
1517,97,2026-03-24 19:11:15,PLACED,CENTRAL
1518,383,2024-05-28 08:08:14,DELIVERED,NORTH
1519,314,2024-02-12 22:59:57,DELIVERED,NORTH
1520,194,2026-02-12 22:17:34,SHIPPED,SOUTH
1521,588,2024-10-01 20:21:52,CANCELLED,SOUTH
1522,456,2024-02-17 03:13:09,CANCELLED,NORTH
1523,320,2025-03-28 17:19:59,DELIVERED,SOUTH
1524,510,2024-10-27 01:30:55,RETURNED,WEST
1525,562,2025-08-27 01:13:25,DELIVERED,NORTH
1526,375,2024-08-07 15:04:47,SHIPPED,WEST
1527,,2024-04-01 01:40:04,CANCELLED,CENTRAL
1528,533,2024-05-21 06:59:28,DELIVERED,CENTRAL
1529,535,2025-09-04 08:16:43,SHIPPED,SOUTH
1530,203,2025-03-31 02:18:31,DELIVERED,NORTH
1531,504,2024-06-11 01:16:32,DELIVERED,WEST
1532,295,26-03-2024,RETURNED,EAST
1533,585,2026-04-23 04:34:02,PLACED,NORTH
1534,,2025-04-15 14:38:33,DELIVERED,WEST
1535,537,2024-10-03 23:08:14,PLACED,SOUTH
1536,191,10-12-2024,SHIPPED,SOUTH
1537,16,2024-03-11 06:26:28,DELIVERED,EAST
1538,,2025-01-08 10:17:28,SHIPPED,SOUTH
1539,234,2025-07-31 13:06:13,SHIPPED,CENTRAL
1540,265,2025-10-18 20:38:24,RETURNED,EAST
1541,280,2025-09-27 16:12:31,DELIVERED,EAST
1542,195,28-01-2026,DELIVERED,NORTH
1543,460,2024-07-19 05:18:07,DELIVERED,NORTH
1544,501,2024-04-13 07:18:41,RETURNED,EAST
1545,408,2025-03-18 10:21:59,DELIVERED,NORTH
1546,405,2024-11-09 23:48:26,DELIVERED,SOUTH
1547,37,2025-12-29 11:59:01,PLACED,WEST
1548,70,2025-01-10 13:09:43,DELIVERED,WEST
1549,43,2026-02-21 08:17:16,SHIPPED,EAST
1550,,2024-01-23 01:49:46,RETURNED,SOUTH
1551,206,2024-03-28 15:47:39,SHIPPED,NORTH
1552,200,2025-06-05 18:50:08,CANCELLED,NORTH
1553,542,2025-03-23 02:12:19,RETURNED,NORTH
1554,67,28-09-2025,DELIVERED,EAST
1555,147,10-06-2024,PLACED,NORTH
1556,581,2024-07-04 20:34:49,PLACED,CENTRAL
1557,488,2026-06-06 18:45:40,DELIVERED,WEST
1558,244,2026-02-01 01:29:22,RETURNED,WEST
1559,157,2025-12-06 14:40:05,PLACED,SOUTH
1560,398,2025-02-03 13:31:09,PLACED,EAST
1561,471,2025-09-29 11:45:23,SHIPPED,WEST
1562,362,2024-11-19 06:33:52,DELIVERED,WEST
1563,398,2025-12-21 01:10:19,DELIVERED,CENTRAL
1564,223,2024-10-23 15:41:38,DELIVERED,CENTRAL
1565,475,2026-05-01 14:34:58,DELIVERED,EAST
1566,145,2025-12-31 11:32:11,SHIPPED,CENTRAL
1567,205,2024-12-03 08:59:16,DELIVERED,CENTRAL
1568,454,2024-02-07 00:38:52,DELIVERED,EAST
1569,577,2024-08-30 02:43:15,CANCELLED,SOUTH
1570,480,2025-01-16 16:18:11,RETURNED,EAST
1571,544,2024-02-24 20:08:24,PLACED,NORTH
1572,55,2025-05-29 23:32:15,RETURNED,SOUTH
1573,219,2025-04-22 18:44:11,RETURNED,CENTRAL
1574,458,2026-01-08 00:32:22,SHIPPED,CENTRAL
1575,156,2024-09-10 14:39:09,DELIVERED,SOUTH
1576,481,2025-03-12 21:11:10,RETURNED,SOUTH
1577,100,2024-03-02 04:07:52,DELIVERED,SOUTH
1578,246,2025-07-16 22:39:47,SHIPPED,NORTH
1579,581,2025-06-18 02:52:02,CANCELLED,NORTH
1580,308,2025-09-03 11:03:31,RETURNED,SOUTH
1581,329,2025-03-30 03:34:40,PLACED,CENTRAL
1582,507,2024-01-25 18:51:55,RETURNED,EAST
1583,197,2026-03-08 13:47:21,RETURNED,WEST
1584,171,2024-03-21 19:06:47,SHIPPED,WEST
1585,280,2025-12-12 14:44:26,PLACED,CENTRAL
1586,,2026-06-10 03:19:09,RETURNED,WEST
1587,277,2025-08-05 18:18:21,CANCELLED,WEST
1588,351,2024-07-24 13:59:51,DELIVERED,WEST
1589,86,2025-11-29 20:31:35,DELIVERED,EAST
1590,117,2024-02-05 17:46:48,PLACED,NORTH
1591,67,2024-08-27 05:45:52,PLACED,NORTH
1592,,2024-01-21 21:20:55,RETURNED,NORTH
1593,472,2025-05-29 00:52:11,PLACED,SOUTH
1594,84,2024-10-15 06:43:49,PLACED,SOUTH
1595,82,2025-08-24 00:42:46,DELIVERED,SOUTH
1596,508,2024-10-16 01:00:05,DELIVERED,NORTH
1597,520,2024-01-10 19:22:49,SHIPPED,CENTRAL
1598,194,11-07-2024,SHIPPED,EAST
1599,234,2024-09-09 07:35:23,SHIPPED,WEST
1600,293,2024-12-05 01:15:23,DELIVERED,CENTRAL
1601,,2025-01-25 22:52:10,PLACED,WEST
1602,62,2025-10-30 03:05:44,DELIVERED,NORTH
1603,91,2025-05-09 14:44:22,DELIVERED,CENTRAL
1604,68,2026-06-03 05:21:22,DELIVERED,WEST
1605,308,2026-01-29 18:30:07,SHIPPED,CENTRAL
1606,362,2025-09-28 11:55:51,RETURNED,WEST
1607,476,2025-12-03 10:21:30,DELIVERED,NORTH
1608,325,2025-08-15 13:45:38,DELIVERED,NORTH
1609,177,2024-08-22 15:07:44,PLACED,WEST
1610,278,2025-06-08 00:01:22,SHIPPED,CENTRAL
1611,195,2026-01-25 19:19:51,DELIVERED,SOUTH
1612,62,02-07-2025,SHIPPED,WEST
1613,145,2024-12-31 07:07:03,SHIPPED,WEST
1614,,2025-04-23 11:21:30,SHIPPED,CENTRAL
1615,125,2024-07-20 01:25:42,DELIVERED,SOUTH
1616,485,2024-04-08 01:28:13,SHIPPED,EAST
1617,321,2026-01-09 17:33:48,DELIVERED,EAST
1618,131,2025-05-14 22:47:40,RETURNED,CENTRAL
1619,256,2026-01-28 23:52:40,SHIPPED,NORTH
1620,152,2025-05-14 16:09:54,DELIVERED,EAST
1621,399,2024-10-27 02:20:11,PLACED,NORTH
1622,229,2024-01-05 17:49:57,DELIVERED,SOUTH
1623,328,2026-01-22 22:50:25,DELIVERED,SOUTH
1624,124,2025-04-04 05:29:47,SHIPPED,CENTRAL
1625,386,2025-10-19 02:15:34,SHIPPED,SOUTH
1626,26,2024-02-14 18:32:00,PLACED,WEST
1627,152,2025-11-24 21:37:38,DELIVERED,EAST
1628,281,2025-12-09 06:47:45,DELIVERED,SOUTH
1629,331,2024-01-27 08:10:25,DELIVERED,EAST
1630,385,2026-05-04 14:13:32,SHIPPED,SOUTH
1631,36,2025-03-15 11:36:32,PLACED,CENTRAL
1632,136,10-02-2026,SHIPPED,CENTRAL
1633,241,2024-05-22 16:46:00,SHIPPED,WEST
1634,72,04-02-2026,DELIVERED,WEST
1635,562,2024-05-18 23:49:19,PLACED,EAST
1636,58,2026-05-16 07:59:17,DELIVERED,WEST
1637,,2024-12-06 04:56:43,RETURNED,SOUTH
1638,331,2025-08-24 23:59:20,PLACED,EAST
1639,425,2026-05-04 10:38:42,PLACED,SOUTH
1640,8,2025-06-26 17:53:15,DELIVERED,SOUTH
1641,156,2026-08-18 21:28:20,SHIPPED,CENTRAL
1642,398,2024-09-05 08:08:11,SHIPPED,SOUTH
1643,267,2025-09-01 22:23:54,PLACED,CENTRAL
1644,525,2025-09-22 05:15:00,DELIVERED,NORTH
1645,211,2024-11-06 21:51:29,SHIPPED,SOUTH
1646,311,2025-07-14 16:45:21,SHIPPED,EAST
1647,25,2025-04-26 09:58:04,CANCELLED,SOUTH
1648,398,2025-05-23 12:49:13,DELIVERED,WEST
1649,293,2025-01-21 01:26:21,PLACED,NORTH
1650,12,2025-03-02 00:05:04,DELIVERED,CENTRAL
1651,100,2024-03-24 04:02:07,RETURNED,EAST
1652,428,04-02-2024,PLACED,SOUTH
1653,210,2024-07-05 22:02:30,DELIVERED,NORTH
1654,488,2024-09-28 04:51:44,SHIPPED,CENTRAL
1655,280,2025-02-23 12:49:17,PLACED,SOUTH
1656,408,2025-08-09 07:25:29,CANCELLED,WEST
1657,14,2026-06-14 23:11:48,RETURNED,EAST
1658,491,10-11-2024,SHIPPED,SOUTH
1659,459,04-01-2024,DELIVERED,WEST
1660,501,2024-12-25 15:43:26,SHIPPED,NORTH
1661,468,2026-01-03 23:09:05,RETURNED,CENTRAL
1662,329,2025-06-22 17:11:03,DELIVERED,EAST
1663,152,2026-02-07 04:41:39,RETURNED,NORTH
1664,141,2025-05-31 23:50:06,DELIVERED,CENTRAL
1665,169,2024-03-07 10:02:57,RETURNED,SOUTH
1666,554,2024-09-04 15:54:19,RETURNED,SOUTH
1667,406,2024-05-06 23:36:52,RETURNED,CENTRAL
1668,,2024-06-10 06:30:55,DELIVERED,SOUTH
1669,343,2026-01-29 21:57:07,DELIVERED,CENTRAL
1670,536,2025-09-02 04:38:07,DELIVERED,NORTH
1671,465,2024-08-29 20:57:38,SHIPPED,NORTH
1672,517,2024-06-16 11:06:27,DELIVERED,EAST
1673,416,2025-04-15 11:20:59,PLACED,SOUTH
1674,,2024-02-18 07:23:48,CANCELLED,NORTH
1675,464,2024-07-03 18:53:12,DELIVERED,CENTRAL
1676,398,2025-08-05 09:52:45,DELIVERED,WEST
1677,103,2024-03-06 01:12:31,DELIVERED,EAST
1678,,2026-01-05 16:59:38,DELIVERED,NORTH
1679,249,2025-06-29 08:16:33,RETURNED,WEST
1680,,2026-01-27 05:23:36,SHIPPED,NORTH
1681,97,2025-12-07 07:55:48,DELIVERED,WEST
1682,,2025-04-26 06:41:14,DELIVERED,CENTRAL
1683,11,2024-07-18 10:30:29,PLACED,CENTRAL
1684,515,2024-10-08 12:51:58,DELIVERED,CENTRAL
1685,50,2025-01-28 08:08:26,DELIVERED,WEST
1686,167,2024-03-02 20:27:59,PLACED,SOUTH
1687,79,2024-11-05 07:50:47,DELIVERED,SOUTH
1688,45,2025-04-14 13:41:22,DELIVERED,WEST
1689,456,2024-06-29 08:07:54,DELIVERED,CENTRAL
1690,449,2026-02-09 17:39:03,PLACED,CENTRAL
1691,378,2026-04-24 06:34:32,SHIPPED,CENTRAL
1692,69,2024-04-11 05:54:46,DELIVERED,WEST
1693,250,2024-08-01 15:23:18,DELIVERED,SOUTH
1694,560,2025-08-02 22:15:41,RETURNED,SOUTH
1695,119,2026-05-19 09:52:57,SHIPPED,WEST
1696,,03-04-2024,DELIVERED,EAST
1697,10,2025-04-16 05:29:21,RETURNED,WEST
1698,194,2026-01-07 12:19:08,SHIPPED,CENTRAL
1699,555,2024-04-20 04:02:05,DELIVERED,NORTH
1700,75,2026-05-29 11:52:41,DELIVERED,EAST
1701,269,2025-09-23 07:22:19,CANCELLED,WEST
1702,,2025-08-03 11:53:00,CANCELLED,SOUTH
1703,522,2025-09-23 12:36:18,SHIPPED,CENTRAL
1704,510,26-04-2024,PLACED,NORTH
1705,150,2024-03-03 01:23:23,DELIVERED,EAST
1706,549,2025-05-23 02:42:56,DELIVERED,WEST
1707,544,2026-05-20 05:18:37,DELIVERED,CENTRAL
1708,346,2024-05-21 08:16:01,DELIVERED,CENTRAL
1709,258,2025-02-20 15:39:14,DELIVERED,SOUTH
1710,332,2025-01-06 22:01:49,SHIPPED,EAST
1711,422,2025-03-08 16:03:28,DELIVERED,CENTRAL
1712,143,2025-04-03 06:58:03,DELIVERED,CENTRAL
1713,474,2026-06-22 17:10:32,DELIVERED,EAST
1714,211,2025-06-08 02:08:32,DELIVERED,SOUTH
1715,278,2026-06-01 15:38:08,SHIPPED,NORTH
1716,386,05-05-2026,SHIPPED,EAST
1717,466,2026-05-05 09:30:11,DELIVERED,SOUTH
1718,438,2026-01-30 12:06:16,DELIVERED,NORTH
1719,126,2025-07-15 07:32:33,PLACED,NORTH
1720,562,2026-04-11 10:32:46,RETURNED,WEST
1721,581,2026-07-30 21:28:20,DELIVERED,EAST
1722,237,2024-12-08 10:30:34,SHIPPED,CENTRAL
1723,243,2024-08-23 15:53:38,DELIVERED,SOUTH
1724,393,11-11-2024,SHIPPED,CENTRAL
1725,277,2026-01-25 08:58:40,DELIVERED,SOUTH
1726,170,2024-09-26 14:09:21,PLACED,EAST
1727,396,2025-11-24 02:14:40,PLACED,WEST
1728,394,2025-08-13 13:29:25,SHIPPED,WEST
1729,537,2025-06-15 17:26:56,DELIVERED,WEST
1730,382,2024-08-12 11:56:13,DELIVERED,WEST
1731,414,2024-11-17 18:24:00,SHIPPED,EAST
1732,389,2025-12-30 16:10:14,DELIVERED,NORTH
1733,23,2025-08-27 02:07:11,PLACED,WEST
1734,435,2024-05-18 23:20:39,SHIPPED,EAST
1735,173,2024-12-06 10:00:39,DELIVERED,SOUTH
1736,391,2025-07-20 08:13:24,DELIVERED,SOUTH
1737,567,2024-03-18 18:33:40,SHIPPED,SOUTH
1738,447,2025-03-08 15:44:03,DELIVERED,SOUTH
1739,238,2024-05-23 08:06:41,DELIVERED,SOUTH
1740,482,2025-10-19 12:25:33,CANCELLED,SOUTH
1741,79,2024-04-14 16:11:12,DELIVERED,CENTRAL
1742,474,2026-05-09 17:41:18,SHIPPED,SOUTH
1743,9,2025-05-20 14:41:38,DELIVERED,NORTH
1744,59,03-09-2025,SHIPPED,SOUTH
1745,377,2026-06-10 11:13:09,DELIVERED,NORTH
1746,166,2024-03-06 16:04:18,PLACED,WEST
1747,502,2025-09-05 15:17:53,CANCELLED,WEST
1748,533,2025-07-03 19:40:16,CANCELLED,WEST
1749,537,2025-09-25 07:20:54,PLACED,NORTH
1750,377,2025-04-08 14:43:51,DELIVERED,EAST
1751,323,26-01-2026,DELIVERED,SOUTH
1752,232,2024-08-05 05:48:13,SHIPPED,NORTH
1753,450,2025-01-27 21:32:21,DELIVERED,SOUTH
1754,426,2024-03-20 18:19:37,DELIVERED,NORTH
1755,55,2025-06-28 13:38:30,DELIVERED,WEST
1756,302,2025-07-05 02:56:51,PLACED,WEST
1757,340,2024-10-27 13:25:52,PLACED,NORTH
1758,576,2025-02-22 19:44:15,DELIVERED,EAST
1759,,2025-09-18 16:17:29,SHIPPED,EAST
1760,53,2026-03-14 03:03:52,DELIVERED,WEST
1761,38,2026-05-01 06:32:18,PLACED,SOUTH
1762,387,2025-05-27 20:57:39,DELIVERED,EAST
1763,202,2024-05-24 18:21:36,SHIPPED,NORTH
1764,137,2024-10-29 03:14:28,DELIVERED,SOUTH
1765,582,2025-01-31 08:36:08,RETURNED,SOUTH
1766,272,2026-01-19 19:02:22,RETURNED,SOUTH
1767,506,2024-06-26 11:03:53,CANCELLED,CENTRAL
1768,382,2025-12-29 10:50:22,DELIVERED,EAST
1769,335,2026-03-29 05:08:26,DELIVERED,CENTRAL
1770,252,2024-12-17 09:18:21,SHIPPED,CENTRAL
1771,415,2024-03-20 16:06:06,CANCELLED,NORTH
1772,569,2024-12-13 09:21:07,RETURNED,WEST
1773,101,2026-04-22 07:01:36,DELIVERED,CENTRAL
1774,84,2025-01-11 16:50:19,RETURNED,NORTH
1775,59,2025-11-07 17:13:06,DELIVERED,NORTH
1776,380,2024-07-02 15:47:59,RETURNED,WEST
1777,416,2025-10-30 03:30:00,DELIVERED,SOUTH
1778,335,2025-08-08 09:53:54,PLACED,NORTH
1779,439,2026-02-04 07:15:58,DELIVERED,SOUTH
1780,3,2026-01-01 23:54:46,RETURNED,EAST
1781,366,2026-06-07 13:36:12,SHIPPED,NORTH
1782,,24-06-2026,PLACED,SOUTH
1783,401,2026-01-31 17:56:57,DELIVERED,CENTRAL
1784,292,2024-08-03 07:58:45,SHIPPED,CENTRAL
1785,230,2025-03-16 16:59:30,DELIVERED,WEST
1786,368,2026-03-01 12:16:04,CANCELLED,WEST
1787,241,2025-04-25 12:30:45,DELIVERED,SOUTH
1788,,2024-04-01 06:17:14,PLACED,WEST
1789,76,2025-03-14 19:26:27,DELIVERED,WEST
1790,126,2026-05-07 16:32:03,DELIVERED,WEST
1791,373,2024-08-31 03:53:49,PLACED,EAST
1792,510,2025-12-21 00:40:46,DELIVERED,EAST
1793,335,2025-10-18 02:17:22,DELIVERED,SOUTH
1794,,2024-09-12 01:02:28,DELIVERED,EAST
1795,144,2025-01-07 20:43:12,SHIPPED,SOUTH
1796,428,2024-02-29 17:29:08,DELIVERED,CENTRAL
1797,3,2024-06-11 11:40:05,DELIVERED,SOUTH
1798,518,2025-02-28 18:48:25,RETURNED,CENTRAL
1799,202,2025-11-06 15:39:04,PLACED,CENTRAL
1800,552,2025-12-10 01:10:52,DELIVERED,NORTH
1801,428,2025-12-21 02:08:18,SHIPPED,EAST
1802,229,2025-11-28 22:02:58,CANCELLED,SOUTH
1803,594,29-01-2025,SHIPPED,SOUTH
1804,461,2025-01-06 05:49:08,RETURNED,EAST
1805,560,2025-10-09 09:45:17,DELIVERED,EAST
1806,53,2026-02-10 11:55:01,DELIVERED,EAST
1807,241,2025-08-27 07:57:35,DELIVERED,SOUTH
1808,,2025-10-29 04:56:19,RETURNED,NORTH
1809,265,2024-09-19 13:37:13,DELIVERED,WEST
1810,168,2025-07-15 11:04:23,SHIPPED,CENTRAL
1811,71,2024-04-28 09:54:09,CANCELLED,NORTH
1812,68,2025-02-23 12:14:05,DELIVERED,NORTH
1813,548,2025-12-23 19:32:16,DELIVERED,NORTH
1814,95,2025-07-02 17:44:52,DELIVERED,EAST
1815,89,2024-04-08 12:57:10,DELIVERED,CENTRAL
1816,360,2024-02-16 06:37:06,DELIVERED,NORTH
1817,413,2024-11-25 21:21:14,DELIVERED,CENTRAL
1818,69,2024-12-18 05:53:50,DELIVERED,CENTRAL
1819,397,2025-05-15 13:00:31,PLACED,WEST
1820,585,2025-07-06 03:04:21,DELIVERED,EAST
1821,8,2025-05-04 14:23:44,CANCELLED,CENTRAL
1822,120,2024-07-29 21:53:01,DELIVERED,EAST
1823,34,2025-05-07 13:06:40,DELIVERED,NORTH
1824,57,2025-04-11 08:27:28,DELIVERED,WEST
1825,288,2025-06-12 01:55:34,RETURNED,EAST
1826,316,10-04-2025,SHIPPED,SOUTH
1827,141,2026-03-26 11:42:59,DELIVERED,NORTH
1828,342,2025-05-09 11:31:16,SHIPPED,NORTH
1829,284,2025-04-28 21:08:01,DELIVERED,NORTH
1830,563,2026-06-15 21:36:39,RETURNED,EAST
1831,414,2024-03-04 06:48:05,PLACED,EAST
1832,54,2024-07-31 15:41:24,DELIVERED,NORTH
1833,44,2025-12-29 21:54:20,PLACED,SOUTH
1834,575,2025-01-19 14:17:37,DELIVERED,CENTRAL
1835,107,2024-01-27 04:02:43,PLACED,CENTRAL
1836,418,2024-01-09 05:05:40,DELIVERED,SOUTH
1837,244,2024-04-02 05:32:09,DELIVERED,CENTRAL
1838,140,2025-09-20 09:37:14,DELIVERED,EAST
1839,128,2025-10-14 19:05:35,PLACED,NORTH
1840,196,2025-01-27 22:08:43,CANCELLED,CENTRAL
1841,255,2024-07-24 18:02:26,SHIPPED,NORTH
1842,405,2024-07-25 13:11:06,PLACED,NORTH
1843,114,2024-01-22 09:00:25,DELIVERED,SOUTH
1844,127,2025-07-26 20:15:03,DELIVERED,EAST
1845,207,2024-08-14 16:07:24,CANCELLED,SOUTH
1846,281,10-11-2025,DELIVERED,NORTH
1847,62,2025-12-13 15:21:02,PLACED,EAST
1848,287,02-10-2024,DELIVERED,CENTRAL
1849,466,2025-06-24 08:31:34,SHIPPED,EAST
1850,400,2025-02-22 20:53:20,RETURNED,NORTH
1851,498,2025-08-20 10:14:35,DELIVERED,SOUTH
1852,380,2026-03-21 22:37:23,CANCELLED,CENTRAL
1853,414,2024-02-01 12:49:21,PLACED,EAST
1854,251,2026-05-13 15:37:31,RETURNED,SOUTH
1855,542,06-01-2024,DELIVERED,CENTRAL
1856,350,2024-01-03 06:27:07,DELIVERED,WEST
1857,279,2026-06-29 14:50:06,CANCELLED,CENTRAL
1858,366,2024-05-29 06:29:32,CANCELLED,EAST
1859,,2025-06-06 04:30:17,DELIVERED,WEST
1860,576,2024-01-26 12:36:21,CANCELLED,SOUTH
1861,45,2024-11-14 09:26:18,DELIVERED,NORTH
1862,562,2025-11-16 12:09:16,SHIPPED,EAST
1863,263,2024-01-19 04:07:35,RETURNED,CENTRAL
1864,215,2024-05-25 05:17:50,PLACED,EAST
1865,550,2025-01-09 16:57:38,DELIVERED,NORTH
1866,502,2024-12-02 02:25:52,PLACED,CENTRAL
1867,590,2026-08-22 21:28:20,DELIVERED,WEST
1868,169,2024-02-11 18:52:52,DELIVERED,EAST
1869,161,2024-12-29 20:20:16,SHIPPED,SOUTH
1870,303,2025-12-16 21:55:27,DELIVERED,NORTH
1871,210,2025-07-23 13:25:11,SHIPPED,WEST
1872,65,04-09-2024,DELIVERED,CENTRAL
1873,431,2024-06-17 14:05:01,PLACED,WEST
1874,235,2024-09-15 03:58:54,DELIVERED,CENTRAL
1875,239,2026-06-28 17:30:48,SHIPPED,CENTRAL
1876,581,2024-11-30 21:41:15,DELIVERED,WEST
1877,267,2024-11-28 15:58:57,CANCELLED,SOUTH
1878,385,2026-04-11 18:56:18,DELIVERED,SOUTH
1879,236,2026-04-08 19:55:14,DELIVERED,CENTRAL
1880,139,2024-03-23 01:42:30,SHIPPED,SOUTH
1881,52,2026-02-28 19:07:17,PLACED,CENTRAL
1882,348,2026-03-26 16:14:50,SHIPPED,SOUTH
1883,46,2025-10-26 10:35:01,PLACED,SOUTH
1884,92,2026-03-15 14:45:52,DELIVERED,CENTRAL
1885,330,2025-12-16 23:34:04,CANCELLED,NORTH
1886,,2024-01-18 21:51:18,DELIVERED,NORTH
1887,169,2026-06-29 01:43:06,DELIVERED,NORTH
1888,552,2025-07-31 03:59:47,RETURNED,NORTH
1889,362,2025-04-30 23:40:14,RETURNED,EAST
1890,268,2024-09-04 10:10:55,DELIVERED,CENTRAL
1891,295,2026-02-01 22:59:44,SHIPPED,EAST
1892,44,02-05-2025,DELIVERED,NORTH
1893,,2026-07-25 21:28:20,DELIVERED,EAST
1894,529,2025-03-03 07:42:00,DELIVERED,SOUTH
1895,276,2026-03-05 20:54:32,DELIVERED,EAST
1896,175,15-06-2026,DELIVERED,WEST
1897,213,2025-01-08 10:23:00,DELIVERED,CENTRAL
1898,18,27-03-2026,SHIPPED,NORTH
1899,402,2025-01-27 17:37:50,DELIVERED,CENTRAL
1900,268,2025-02-05 19:36:15,DELIVERED,WEST
1901,255,2026-03-12 01:19:23,SHIPPED,NORTH
1902,249,2024-08-28 13:38:02,DELIVERED,EAST
1903,535,2026-06-06 16:05:51,SHIPPED,EAST
1904,249,2025-10-14 03:16:03,DELIVERED,CENTRAL
1905,107,2025-04-25 22:09:59,DELIVERED,NORTH
1906,299,2025-08-28 15:48:42,DELIVERED,EAST
1907,44,2024-10-16 20:32:43,DELIVERED,EAST
1908,192,2025-04-01 10:53:31,DELIVERED,NORTH
1909,316,2025-09-30 18:20:05,DELIVERED,CENTRAL
1910,24,2024-12-16 20:54:34,DELIVERED,CENTRAL
1911,283,2025-05-30 01:07:32,DELIVERED,NORTH
1912,349,2024-02-28 07:37:45,RETURNED,EAST
1913,222,2024-11-20 13:44:32,SHIPPED,CENTRAL
1914,323,2024-07-08 19:12:58,PLACED,NORTH
1915,466,2026-03-28 10:35:00,PLACED,NORTH
1916,204,2025-01-09 12:43:20,SHIPPED,SOUTH
1917,331,2024-12-16 15:21:44,PLACED,NORTH
1918,518,2026-02-10 13:03:55,DELIVERED,WEST
1919,417,2026-05-08 08:33:01,PLACED,SOUTH
1920,28,2024-02-15 16:02:42,DELIVERED,CENTRAL
1921,537,2024-01-21 09:09:23,DELIVERED,WEST
1922,291,2024-07-04 22:46:28,RETURNED,CENTRAL
1923,402,2025-07-25 12:29:12,CANCELLED,NORTH
1924,73,2024-07-10 08:14:46,DELIVERED,NORTH
1925,232,2024-12-25 09:20:05,CANCELLED,CENTRAL
1926,418,2024-10-29 11:09:47,RETURNED,CENTRAL
1927,152,2024-04-24 04:20:11,SHIPPED,NORTH
1928,38,2025-04-01 15:11:24,RETURNED,NORTH
1929,22,2025-06-08 06:36:24,DELIVERED,NORTH
1930,99,2024-06-29 23:54:22,CANCELLED,NORTH
1931,57,2026-03-19 04:34:13,DELIVERED,CENTRAL
1932,28,2025-08-23 01:42:57,SHIPPED,SOUTH
1933,180,2024-12-05 14:09:02,PLACED,WEST
1934,188,2025-11-08 16:13:23,CANCELLED,WEST
1935,147,2024-11-23 13:22:43,SHIPPED,NORTH
1936,312,2026-08-11 21:28:20,DELIVERED,EAST
1937,489,2026-05-04 20:13:53,DELIVERED,SOUTH
1938,384,2024-07-11 20:10:03,DELIVERED,NORTH
1939,49,2026-02-27 05:13:24,DELIVERED,EAST
1940,187,2024-01-25 12:04:14,SHIPPED,SOUTH
1941,587,2025-10-15 14:14:47,DELIVERED,EAST
1942,468,2024-05-19 06:34:07,DELIVERED,EAST
1943,583,2025-01-20 13:35:49,SHIPPED,CENTRAL
1944,584,2024-10-29 01:39:29,PLACED,SOUTH
1945,145,2025-10-29 18:53:11,RETURNED,WEST
1946,24,2026-05-16 16:20:17,PLACED,WEST
1947,32,2025-11-17 14:33:25,DELIVERED,SOUTH
1948,226,2025-05-21 01:53:14,DELIVERED,SOUTH
1949,533,2024-08-03 04:30:50,PLACED,EAST
1950,353,2025-09-24 23:39:49,PLACED,CENTRAL
1951,350,2024-02-16 12:14:24,PLACED,CENTRAL
1952,558,2024-08-15 18:06:05,DELIVERED,WEST
1953,353,2025-09-24 03:15:41,SHIPPED,CENTRAL
1954,437,2024-06-01 15:07:44,PLACED,SOUTH
1955,322,2026-06-06 19:19:33,PLACED,SOUTH
1956,409,2026-04-21 03:23:36,DELIVERED,CENTRAL
1957,42,2024-02-15 18:07:42,DELIVERED,NORTH
1958,,2026-03-09 07:31:43,CANCELLED,NORTH
1959,120,24-08-2025,DELIVERED,CENTRAL
1960,27,2024-03-15 10:26:36,PLACED,EAST
1961,75,2025-05-14 06:23:29,SHIPPED,CENTRAL
1962,597,2025-11-19 15:55:46,PLACED,EAST
1963,287,2025-02-23 14:51:35,DELIVERED,EAST
1964,60,2025-11-28 12:52:06,DELIVERED,WEST
1965,141,2025-06-19 05:46:23,DELIVERED,WEST
1966,486,2025-08-20 06:11:56,DELIVERED,CENTRAL
1967,270,2024-02-05 07:37:29,DELIVERED,NORTH
1968,204,2024-11-10 19:57:09,PLACED,EAST
1969,176,2024-11-10 18:10:04,PLACED,CENTRAL
1970,476,2024-01-17 12:44:22,RETURNED,NORTH
1971,168,2024-01-01 17:18:56,DELIVERED,CENTRAL
1972,326,2024-07-24 14:35:58,RETURNED,WEST
1973,224,2025-11-26 03:36:44,SHIPPED,EAST
1974,173,2026-06-18 03:28:16,DELIVERED,CENTRAL
1975,,2024-05-26 19:49:15,PLACED,WEST
1976,257,2024-06-06 20:29:53,RETURNED,WEST
1977,512,2026-03-08 12:35:45,PLACED,SOUTH
1978,504,2026-04-13 00:37:30,SHIPPED,CENTRAL
1979,430,2024-09-23 14:26:35,CANCELLED,CENTRAL
1980,437,2024-12-25 19:44:50,CANCELLED,CENTRAL
1981,327,2025-09-26 11:11:38,DELIVERED,NORTH
1982,52,2026-04-26 00:05:54,DELIVERED,NORTH
1983,63,2025-09-17 12:13:41,RETURNED,CENTRAL
1984,151,25-01-2024,DELIVERED,NORTH
1985,176,2024-10-07 07:37:31,DELIVERED,NORTH
1986,375,2024-01-24 00:58:57,DELIVERED,NORTH
1987,415,03-06-2026,DELIVERED,SOUTH
1988,585,2024-08-03 12:45:16,DELIVERED,CENTRAL
1989,571,2026-04-09 22:38:16,DELIVERED,CENTRAL
1990,560,2024-01-26 02:43:21,RETURNED,EAST
1991,236,2026-04-22 09:45:01,DELIVERED,EAST
1992,299,2024-07-20 22:18:37,CANCELLED,CENTRAL
1993,68,2024-05-10 12:16:25,DELIVERED,WEST
1994,37,2025-11-16 16:47:31,SHIPPED,CENTRAL
1995,400,2026-01-11 22:16:19,DELIVERED,NORTH
1996,463,03-03-2025,DELIVERED,WEST
1997,545,2026-02-04 00:39:22,DELIVERED,WEST
1998,158,2024-07-20 03:38:40,DELIVERED,NORTH
1999,545,09-05-2025,DELIVERED,SOUTH
2000,276,2024-02-16 10:40:08,DELIVERED,WEST
2001,340,10-12-2025,PLACED,EAST
2002,181,2025-06-16 06:13:39,SHIPPED,CENTRAL
2003,103,2025-09-04 03:52:58,CANCELLED,EAST
2004,253,2024-07-25 18:14:58,CANCELLED,WEST
2005,228,2024-10-29 06:00:49,DELIVERED,NORTH
2006,169,2025-02-09 00:39:34,SHIPPED,CENTRAL
2007,495,2024-10-03 08:32:22,SHIPPED,CENTRAL
2008,544,2024-12-10 07:47:24,DELIVERED,EAST
2009,517,2024-06-13 23:49:08,DELIVERED,WEST
2010,396,2026-05-17 21:16:58,DELIVERED,EAST
2011,230,2024-01-12 19:26:07,PLACED,CENTRAL
2012,77,2024-06-24 20:17:09,SHIPPED,SOUTH
2013,342,2026-06-23 01:40:25,PLACED,EAST
2014,315,2024-05-17 00:36:17,SHIPPED,EAST
2015,222,2024-09-26 12:54:32,CANCELLED,WEST
2016,538,2024-05-31 06:30:39,CANCELLED,NORTH
2017,,2025-02-16 20:02:34,CANCELLED,NORTH
2018,90,2024-02-24 16:03:35,DELIVERED,CENTRAL
2019,125,24-03-2026,DELIVERED,SOUTH
2020,7,2025-02-26 01:02:24,DELIVERED,CENTRAL
2021,357,2025-09-16 18:51:52,SHIPPED,WEST
2022,333,2026-06-25 12:57:33,DELIVERED,WEST
2023,172,2024-08-02 17:10:48,SHIPPED,EAST
2024,348,2025-10-17 11:58:52,SHIPPED,CENTRAL
2025,515,2024-07-19 05:37:21,PLACED,NORTH
2026,439,2025-05-31 04:50:50,PLACED,NORTH
2027,,2025-04-21 15:52:18,DELIVERED,SOUTH
2028,243,2024-07-22 16:48:08,RETURNED,NORTH
2029,325,2024-04-17 13:33:01,DELIVERED,CENTRAL
2030,436,2026-05-13 00:15:28,SHIPPED,EAST
2031,538,2025-08-18 01:47:37,DELIVERED,SOUTH
2032,228,2025-10-19 05:16:47,DELIVERED,EAST
2033,154,2024-01-10 21:19:07,RETURNED,SOUTH
2034,295,20-11-2024,SHIPPED,SOUTH
2035,109,26-07-2024,SHIPPED,SOUTH
2036,8,18-04-2025,DELIVERED,NORTH
2037,426,2025-02-11 14:37:19,DELIVERED,EAST
2038,,2024-09-13 09:51:02,DELIVERED,WEST
2039,186,2025-06-27 20:12:56,DELIVERED,EAST
2040,273,2026-01-21 14:36:53,DELIVERED,NORTH
2041,93,2026-03-04 16:46:57,DELIVERED,WEST
2042,568,2025-01-09 12:26:50,DELIVERED,SOUTH
2043,124,2025-12-29 05:06:17,SHIPPED,WEST
2044,223,2026-05-26 21:31:12,RETURNED,NORTH
2045,177,2024-08-29 01:57:50,DELIVERED,WEST
2046,104,2025-10-25 11:26:38,DELIVERED,EAST
2047,564,2024-08-11 11:58:21,DELIVERED,SOUTH
2048,554,2024-11-11 15:20:31,SHIPPED,NORTH
2049,475,2026-02-05 00:10:01,SHIPPED,NORTH
2050,268,2025-01-29 09:56:17,DELIVERED,NORTH
2051,458,2026-06-23 12:26:31,SHIPPED,NORTH
2052,340,2025-01-17 21:47:20,DELIVERED,WEST
2053,220,2026-01-31 16:44:02,PLACED,CENTRAL
2054,532,12-01-2025,DELIVERED,NORTH
2055,374,2025-09-08 22:08:32,PLACED,SOUTH
2056,46,2025-02-16 03:31:55,CANCELLED,WEST
2057,519,2026-06-02 18:55:25,DELIVERED,EAST
2058,366,2024-10-13 20:28:56,RETURNED,NORTH
2059,285,2025-04-14 07:14:09,PLACED,CENTRAL
2060,588,13-05-2025,CANCELLED,SOUTH
2061,585,2024-05-25 08:30:51,DELIVERED,CENTRAL
2062,25,2024-05-23 15:43:12,DELIVERED,CENTRAL
2063,202,2024-01-08 15:09:01,PLACED,CENTRAL
2064,118,2024-08-13 12:51:13,DELIVERED,NORTH
2065,121,2025-12-16 02:53:47,PLACED,NORTH
2066,92,2024-06-29 02:19:44,PLACED,SOUTH
2067,,2024-02-19 13:57:55,DELIVERED,CENTRAL
2068,255,2024-11-03 12:09:37,SHIPPED,EAST
2069,442,2025-08-13 18:00:01,DELIVERED,WEST
2070,309,2026-03-20 08:00:58,SHIPPED,NORTH
2071,24,2026-05-17 10:09:41,PLACED,EAST
2072,591,2025-05-22 09:59:40,SHIPPED,SOUTH
2073,,2024-10-27 19:56:25,RETURNED,WEST
2074,68,2024-01-02 22:05:03,DELIVERED,CENTRAL
2075,598,2026-02-10 09:01:34,SHIPPED,WEST
2076,283,2024-10-23 07:54:55,SHIPPED,EAST
2077,134,2024-11-25 08:24:10,PLACED,SOUTH
2078,,2026-01-18 12:45:41,DELIVERED,SOUTH
2079,571,2026-02-07 17:36:34,DELIVERED,WEST
2080,88,2025-10-31 21:07:02,DELIVERED,SOUTH
2081,289,2026-04-04 22:52:28,SHIPPED,EAST
2082,163,2024-01-12 18:30:31,SHIPPED,SOUTH
2083,18,2025-07-18 04:35:03,DELIVERED,WEST
2084,316,2024-04-10 18:59:26,DELIVERED,EAST
2085,436,2024-09-24 22:36:49,CANCELLED,SOUTH
2086,258,2025-12-18 07:08:02,DELIVERED,NORTH
2087,527,09-07-2024,RETURNED,WEST
2088,103,2025-11-29 00:04:44,PLACED,SOUTH
2089,44,2026-04-25 15:40:58,DELIVERED,EAST
2090,152,2024-02-17 08:27:11,SHIPPED,NORTH
2091,201,2026-02-28 17:08:57,SHIPPED,WEST
2092,341,2024-05-03 19:42:49,SHIPPED,CENTRAL
2093,504,2025-04-11 09:37:50,PLACED,SOUTH
2094,,2026-05-27 21:37:07,CANCELLED,EAST
2095,440,2025-01-29 04:52:58,DELIVERED,EAST
2096,206,2025-09-17 09:15:53,RETURNED,EAST
2097,404,09-11-2025,DELIVERED,CENTRAL
2098,142,07-01-2026,SHIPPED,WEST
2099,319,28-05-2025,PLACED,NORTH
2100,52,2026-01-24 10:28:53,SHIPPED,NORTH
2101,269,2026-06-28 15:25:50,DELIVERED,CENTRAL
2102,277,2026-07-24 21:28:20,DELIVERED,EAST
2103,44,2025-01-31 22:32:20,CANCELLED,EAST
2104,509,2025-09-05 14:40:30,DELIVERED,SOUTH
2105,204,2025-12-20 15:07:41,CANCELLED,WEST
2106,300,2024-06-07 12:54:06,PLACED,SOUTH
2107,51,2026-01-23 10:54:29,SHIPPED,SOUTH
2108,448,2024-10-11 07:18:22,DELIVERED,CENTRAL
2109,597,2026-06-02 01:49:09,DELIVERED,NORTH
2110,271,2024-09-13 12:58:01,RETURNED,SOUTH
2111,,2025-12-26 21:01:53,RETURNED,SOUTH
2112,421,2024-03-26 07:39:28,DELIVERED,EAST
2113,559,2024-05-10 00:07:37,DELIVERED,CENTRAL
2114,517,2026-06-27 07:40:43,PLACED,WEST
2115,551,2026-02-21 09:24:54,RETURNED,CENTRAL
2116,,2024-04-19 16:30:31,CANCELLED,EAST
2117,165,2024-07-05 18:58:47,DELIVERED,CENTRAL
2118,239,2026-06-06 03:41:23,DELIVERED,NORTH
2119,64,09-02-2024,DELIVERED,WEST
2120,185,2024-10-20 11:14:13,DELIVERED,NORTH
2121,87,2024-09-02 04:21:55,CANCELLED,EAST
2122,434,2026-05-19 10:42:53,DELIVERED,WEST
2123,489,2024-03-18 17:04:52,SHIPPED,NORTH
2124,91,2026-06-21 12:18:29,PLACED,CENTRAL
2125,182,2026-01-27 07:34:13,DELIVERED,CENTRAL
2126,387,2025-07-03 23:39:51,DELIVERED,WEST
2127,47,2025-10-16 23:35:57,DELIVERED,WEST
2128,272,2025-10-28 21:46:17,SHIPPED,NORTH
2129,157,2026-05-21 05:22:30,SHIPPED,EAST
2130,249,2025-09-23 16:18:03,PLACED,CENTRAL
2131,228,2025-02-17 02:08:59,DELIVERED,CENTRAL
2132,,2025-11-08 03:50:13,DELIVERED,CENTRAL
2133,590,2024-04-15 20:48:39,PLACED,EAST
2134,116,2025-01-20 16:44:29,DELIVERED,SOUTH
2135,210,2025-09-24 20:12:30,DELIVERED,NORTH
2136,255,2024-03-09 00:38:29,DELIVERED,WEST
2137,23,2024-09-14 05:01:20,DELIVERED,WEST
2138,128,2024-05-31 05:53:52,CANCELLED,EAST
2139,581,08-10-2025,DELIVERED,WEST
2140,67,2026-03-12 05:56:28,DELIVERED,CENTRAL
2141,560,2026-04-20 11:30:03,CANCELLED,WEST
2142,149,2024-05-30 12:37:24,DELIVERED,NORTH
2143,335,2024-10-13 22:24:43,RETURNED,CENTRAL
2144,552,2025-01-21 18:29:23,DELIVERED,CENTRAL
2145,519,2025-08-15 02:45:53,CANCELLED,EAST
2146,268,02-05-2025,PLACED,SOUTH
2147,185,2024-04-01 00:19:18,RETURNED,SOUTH
2148,391,10-03-2024,PLACED,NORTH
2149,551,2026-05-12 12:49:28,SHIPPED,WEST
2150,129,2024-06-04 08:34:48,DELIVERED,NORTH
2151,8,2024-03-17 08:30:33,DELIVERED,SOUTH
2152,595,2025-01-23 16:47:38,DELIVERED,WEST
2153,281,2026-05-14 21:13:58,DELIVERED,EAST
2154,269,2024-09-08 09:25:58,SHIPPED,WEST
2155,502,2025-11-19 07:49:06,DELIVERED,EAST
2156,227,2024-10-25 16:59:53,PLACED,SOUTH
2157,379,2025-02-04 22:14:17,DELIVERED,SOUTH
2158,345,2025-03-25 05:48:04,SHIPPED,CENTRAL
2159,55,2024-01-15 05:21:50,SHIPPED,SOUTH
2160,156,2025-04-01 21:18:08,DELIVERED,WEST
2161,486,2025-04-27 12:36:49,DELIVERED,WEST
2162,,2024-05-02 19:45:35,PLACED,EAST
2163,516,2025-01-25 05:27:13,DELIVERED,NORTH
2164,,2026-04-13 23:14:07,DELIVERED,WEST
2165,507,2026-05-18 02:40:08,SHIPPED,CENTRAL
2166,367,2025-11-20 20:48:47,RETURNED,EAST
2167,419,2025-02-12 17:54:26,DELIVERED,SOUTH
2168,169,2024-03-24 01:33:05,DELIVERED,WEST
2169,441,2025-06-21 01:20:49,CANCELLED,CENTRAL
2170,,2026-05-10 18:37:47,SHIPPED,EAST
2171,180,2025-04-26 04:47:59,DELIVERED,SOUTH
2172,260,2025-07-16 09:25:33,SHIPPED,NORTH
2173,440,2025-01-30 07:07:51,DELIVERED,EAST
2174,202,2024-04-29 03:43:28,SHIPPED,WEST
2175,551,2026-02-02 03:15:22,CANCELLED,NORTH
2176,408,2024-11-16 10:40:24,DELIVERED,SOUTH
2177,32,2024-10-24 16:24:55,DELIVERED,SOUTH
2178,487,2025-07-03 08:17:20,PLACED,NORTH
2179,397,2025-01-18 14:30:53,DELIVERED,SOUTH
2180,,2024-12-22 14:02:08,CANCELLED,EAST
2181,235,2025-05-29 05:28:19,PLACED,NORTH
2182,406,2025-11-15 08:34:51,RETURNED,WEST
2183,177,2025-03-09 04:26:09,RETURNED,EAST
2184,55,2026-04-06 00:35:28,DELIVERED,NORTH
2185,223,2025-11-30 13:45:35,PLACED,EAST
2186,127,2024-08-16 11:40:21,DELIVERED,EAST
2187,396,2026-06-01 04:47:31,DELIVERED,SOUTH
2188,63,2025-04-20 11:18:17,DELIVERED,SOUTH
2189,108,2025-03-02 00:26:23,SHIPPED,SOUTH
2190,,2024-05-19 02:21:25,DELIVERED,WEST
2191,180,2025-02-20 00:17:36,DELIVERED,SOUTH
2192,167,2026-03-21 01:34:00,PLACED,NORTH
2193,563,2026-02-15 16:12:07,SHIPPED,CENTRAL
2194,177,2026-03-14 06:10:50,DELIVERED,CENTRAL
2195,172,2024-08-14 08:18:05,PLACED,SOUTH
2196,3,2024-01-26 06:52:02,DELIVERED,WEST
2197,31,2026-02-28 00:44:55,CANCELLED,WEST
2198,125,2024-01-18 09:43:06,SHIPPED,WEST
2199,296,2024-04-05 20:47:00,DELIVERED,EAST
2200,88,2026-03-03 18:39:30,SHIPPED,CENTRAL
2201,200,2025-05-04 02:54:00,DELIVERED,NORTH
2202,,2024-11-04 10:41:40,DELIVERED,WEST
2203,4,2025-07-28 20:46:21,SHIPPED,CENTRAL
2204,77,2025-05-29 19:45:54,DELIVERED,WEST
2205,95,2024-04-24 16:25:24,RETURNED,EAST
2206,93,15-12-2024,DELIVERED,EAST
2207,239,2025-02-21 15:59:50,DELIVERED,NORTH
2208,576,2024-10-29 08:58:43,SHIPPED,SOUTH
2209,582,2026-05-27 01:52:39,DELIVERED,NORTH
2210,553,2025-11-04 08:09:04,DELIVERED,NORTH
2211,497,2024-04-22 20:30:29,DELIVERED,SOUTH
2212,80,2026-06-03 10:53:42,DELIVERED,SOUTH
2213,90,2024-07-25 03:27:13,RETURNED,WEST
2214,535,2026-06-15 19:45:35,DELIVERED,EAST
2215,567,2024-01-10 01:53:36,DELIVERED,SOUTH
2216,473,2025-07-15 02:46:11,RETURNED,WEST
2217,298,2024-05-20 03:21:34,SHIPPED,CENTRAL
2218,77,2024-05-30 00:27:53,DELIVERED,SOUTH
2219,54,2025-09-17 17:57:16,SHIPPED,SOUTH
2220,489,03-06-2025,PLACED,EAST
2221,376,2025-02-17 20:09:02,DELIVERED,EAST
2222,47,2025-05-10 11:42:26,PLACED,CENTRAL
2223,376,2026-02-10 23:27:03,PLACED,NORTH
2224,409,2024-12-07 01:41:20,DELIVERED,NORTH
2225,217,2024-07-30 06:54:39,RETURNED,CENTRAL
2226,574,2025-05-24 16:23:35,SHIPPED,NORTH
2227,533,2026-03-13 16:21:03,DELIVERED,SOUTH
2228,430,2024-04-22 14:32:53,RETURNED,EAST
2229,,2024-04-12 09:20:36,DELIVERED,NORTH
2230,589,2025-07-31 13:45:52,CANCELLED,NORTH
2231,89,2025-05-04 07:25:52,CANCELLED,EAST
2232,452,2024-03-23 16:56:06,PLACED,WEST
2233,441,02-05-2025,DELIVERED,NORTH
2234,588,2025-04-30 01:50:09,SHIPPED,SOUTH
2235,535,2025-12-28 12:25:46,SHIPPED,WEST
2236,264,2025-03-09 10:56:16,DELIVERED,NORTH
2237,528,2024-08-07 10:12:24,SHIPPED,CENTRAL
2238,73,25-02-2024,DELIVERED,CENTRAL
2239,413,10-12-2024,CANCELLED,SOUTH
2240,369,2025-11-11 04:14:45,CANCELLED,EAST
2241,156,2025-10-15 11:58:12,SHIPPED,CENTRAL
2242,440,2025-11-26 15:22:03,RETURNED,EAST
2243,555,2026-02-20 23:21:36,SHIPPED,SOUTH
2244,306,2025-09-22 12:45:27,SHIPPED,NORTH
2245,455,2025-03-05 20:07:54,DELIVERED,EAST
2246,373,2025-09-08 19:41:22,DELIVERED,NORTH
2247,554,2025-06-01 18:34:00,PLACED,EAST
2248,105,2024-12-28 20:09:29,PLACED,CENTRAL
2249,98,2024-01-30 15:58:23,DELIVERED,WEST
2250,56,02-10-2024,DELIVERED,EAST
2251,323,2025-02-20 09:36:01,SHIPPED,NORTH
2252,139,2024-10-10 02:25:57,DELIVERED,CENTRAL
2253,61,2024-01-17 10:17:23,CANCELLED,NORTH
2254,114,2025-06-07 21:59:11,SHIPPED,EAST
2255,52,2025-02-07 07:41:44,SHIPPED,WEST
2256,505,2024-06-04 04:16:59,CANCELLED,WEST
2257,51,2025-07-03 17:03:53,DELIVERED,NORTH
2258,68,2026-08-03 21:28:20,DELIVERED,SOUTH
2259,13,2024-11-11 18:12:36,PLACED,EAST
2260,33,2024-11-29 05:37:22,DELIVERED,EAST
2261,556,2025-04-10 20:46:48,RETURNED,EAST
2262,179,2026-04-27 07:36:08,SHIPPED,EAST
2263,349,2024-08-15 14:12:41,PLACED,WEST
2264,584,16-06-2026,DELIVERED,CENTRAL
2265,560,2025-08-23 23:05:19,PLACED,SOUTH
2266,513,2025-02-18 20:33:53,CANCELLED,SOUTH
2267,584,2025-03-24 21:48:26,RETURNED,SOUTH
2268,,2025-09-01 22:19:34,CANCELLED,SOUTH
2269,9,2024-12-04 14:22:09,PLACED,WEST
2270,389,2025-05-01 09:20:54,SHIPPED,NORTH
2271,261,2024-10-12 11:27:05,DELIVERED,CENTRAL
2272,154,2024-12-05 22:45:54,CANCELLED,NORTH
2273,,2024-02-19 15:07:07,CANCELLED,NORTH
2274,6,2026-04-20 10:27:31,SHIPPED,NORTH
2275,120,2024-05-17 07:16:41,DELIVERED,CENTRAL
2276,289,2025-06-03 15:30:04,DELIVERED,CENTRAL
2277,557,2025-12-01 20:00:07,SHIPPED,SOUTH
2278,103,2025-10-19 21:08:23,SHIPPED,SOUTH
2279,184,2024-01-14 03:50:10,DELIVERED,CENTRAL
2280,262,2025-12-18 14:30:39,DELIVERED,SOUTH
2281,,2025-11-22 03:43:58,CANCELLED,SOUTH
2282,564,2024-01-10 12:08:25,RETURNED,NORTH
2283,176,2024-04-14 21:31:14,DELIVERED,CENTRAL
2284,501,2024-01-07 15:25:04,DELIVERED,NORTH
2285,217,2026-04-11 22:01:33,PLACED,CENTRAL
2286,583,2025-12-21 09:51:11,DELIVERED,NORTH
2287,530,2024-03-10 01:28:46,DELIVERED,SOUTH
2288,222,2024-04-14 08:13:55,RETURNED,CENTRAL
2289,492,2024-09-24 18:43:36,RETURNED,EAST
2290,99,2026-03-09 08:05:20,DELIVERED,NORTH
2291,565,2024-11-28 01:13:52,DELIVERED,SOUTH
2292,160,2024-04-01 21:37:45,DELIVERED,EAST
2293,135,26-03-2026,RETURNED,EAST
2294,201,2024-01-16 20:34:38,DELIVERED,SOUTH
2295,,2024-11-18 21:29:40,DELIVERED,SOUTH
2296,135,2024-07-21 20:32:35,CANCELLED,SOUTH
2297,106,2025-01-13 13:46:00,CANCELLED,SOUTH
2298,428,2025-06-05 03:02:49,DELIVERED,NORTH
2299,59,2025-06-19 01:26:35,RETURNED,WEST
2300,365,2025-09-10 02:10:40,DELIVERED,SOUTH
2301,24,2024-09-08 12:02:12,DELIVERED,NORTH
2302,388,2024-03-04 11:59:28,DELIVERED,CENTRAL
2303,30,2025-02-13 14:21:15,DELIVERED,EAST
2304,397,2025-08-31 18:25:19,CANCELLED,SOUTH
2305,430,26-01-2026,DELIVERED,EAST
2306,428,2025-09-02 21:39:17,CANCELLED,WEST
2307,404,2024-08-25 15:11:49,DELIVERED,EAST
2308,596,2025-03-21 17:53:17,SHIPPED,NORTH
2309,442,2025-08-31 04:47:00,DELIVERED,SOUTH
2310,582,2025-10-09 12:37:59,DELIVERED,SOUTH
2311,133,2024-09-19 10:39:46,CANCELLED,NORTH
2312,151,2025-02-01 06:10:19,PLACED,EAST
2313,569,2025-05-12 23:23:44,DELIVERED,CENTRAL
2314,41,2026-04-09 05:32:29,DELIVERED,CENTRAL
2315,418,2024-08-17 03:54:12,RETURNED,NORTH
2316,585,2025-08-13 17:21:13,SHIPPED,SOUTH
2317,289,2025-12-17 00:49:47,DELIVERED,NORTH
2318,242,2024-12-15 09:21:31,RETURNED,NORTH
2319,247,2024-04-30 11:12:40,CANCELLED,CENTRAL
2320,29,2025-08-03 18:35:14,CANCELLED,WEST
2321,578,2025-02-21 04:45:14,DELIVERED,EAST
2322,344,2024-11-05 16:59:24,DELIVERED,WEST
2323,278,2025-09-02 13:07:33,DELIVERED,WEST
2324,66,2025-10-31 09:24:55,PLACED,EAST
2325,23,11-04-2026,SHIPPED,CENTRAL
2326,314,2026-02-28 05:18:42,DELIVERED,CENTRAL
2327,381,2026-06-13 08:16:11,DELIVERED,NORTH
2328,246,2024-01-22 01:02:25,PLACED,EAST
2329,52,2024-07-03 08:05:37,RETURNED,EAST
2330,272,2026-04-25 19:00:16,CANCELLED,WEST
2331,309,2025-05-07 00:43:56,CANCELLED,WEST
2332,226,2025-12-12 07:39:56,DELIVERED,NORTH
2333,,2024-07-08 11:48:56,DELIVERED,SOUTH
2334,124,2024-05-03 08:16:38,PLACED,CENTRAL
2335,161,2024-11-20 20:22:55,SHIPPED,SOUTH
2336,518,2025-12-16 14:27:02,DELIVERED,WEST
2337,,2026-02-11 09:42:30,CANCELLED,NORTH
2338,421,2025-06-14 09:41:55,SHIPPED,WEST
2339,136,2026-06-15 19:28:47,DELIVERED,SOUTH
2340,115,2025-03-08 21:05:55,PLACED,EAST
2341,450,2026-04-14 05:10:48,DELIVERED,CENTRAL
2342,47,2024-02-26 11:50:35,CANCELLED,SOUTH
2343,68,2025-04-25 07:23:34,CANCELLED,SOUTH
2344,28,2025-04-12 18:42:48,DELIVERED,SOUTH
2345,542,2024-05-14 21:48:04,PLACED,NORTH
2346,355,2025-06-29 08:37:49,DELIVERED,NORTH
2347,191,2026-06-13 04:25:33,DELIVERED,EAST
2348,383,2025-07-01 04:47:25,DELIVERED,SOUTH
2349,155,2025-11-18 16:49:35,CANCELLED,CENTRAL
2350,2,2025-03-22 08:25:01,DELIVERED,SOUTH
2351,231,2024-07-19 17:01:27,DELIVERED,NORTH
2352,94,2024-03-17 01:10:19,DELIVERED,WEST
2353,124,2026-02-24 12:36:33,SHIPPED,NORTH
2354,504,2024-07-12 16:27:19,DELIVERED,CENTRAL
2355,572,2026-05-20 06:32:24,PLACED,WEST
2356,446,2025-02-11 05:13:36,DELIVERED,SOUTH
2357,269,2024-07-22 12:56:01,RETURNED,SOUTH
2358,166,2026-02-28 16:58:12,DELIVERED,EAST
2359,355,2026-05-20 06:15:28,DELIVERED,SOUTH
2360,363,2025-09-21 04:30:54,CANCELLED,EAST
2361,51,2025-08-28 05:45:47,DELIVERED,WEST
2362,251,2024-04-13 13:36:14,PLACED,WEST
2363,504,2025-03-04 09:48:46,DELIVERED,EAST
2364,573,2025-04-18 15:08:27,SHIPPED,NORTH
2365,74,2024-12-07 08:55:52,DELIVERED,CENTRAL
2366,409,2024-12-22 02:38:04,DELIVERED,WEST
2367,284,2026-01-09 15:55:52,DELIVERED,SOUTH
2368,69,2025-07-26 02:45:03,SHIPPED,NORTH
2369,351,27-05-2025,RETURNED,NORTH
2370,385,2024-11-24 14:02:08,DELIVERED,SOUTH
2371,1,2024-07-31 23:00:21,RETURNED,NORTH
2372,509,2024-05-29 06:38:36,PLACED,NORTH
2373,586,2025-01-13 11:57:51,RETURNED,WEST
2374,581,2025-12-06 02:44:18,DELIVERED,SOUTH
2375,437,2026-02-01 01:00:38,DELIVERED,SOUTH
2376,399,2024-02-13 23:47:07,DELIVERED,CENTRAL
2377,487,2026-04-26 03:45:43,DELIVERED,SOUTH
2378,586,2025-04-24 15:40:57,DELIVERED,WEST
2379,193,2024-02-17 23:11:08,DELIVERED,EAST
2380,128,2024-08-12 19:59:22,PLACED,NORTH
2381,498,2025-08-10 09:55:45,DELIVERED,EAST
2382,52,2024-01-02 20:23:21,DELIVERED,EAST
2383,446,2026-02-10 03:34:24,DELIVERED,EAST
2384,92,2025-10-14 02:53:24,SHIPPED,NORTH
2385,339,2024-02-21 07:18:28,SHIPPED,SOUTH
2386,39,2025-08-22 19:37:53,DELIVERED,WEST
2387,113,2026-05-28 08:51:25,DELIVERED,SOUTH
2388,51,2025-07-30 06:27:20,SHIPPED,EAST
2389,542,2024-09-07 06:19:41,DELIVERED,SOUTH
2390,322,2025-03-26 11:16:15,DELIVERED,CENTRAL
2391,403,2025-06-25 15:46:03,DELIVERED,EAST
2392,269,2025-03-29 20:30:35,SHIPPED,NORTH
2393,313,2024-07-07 10:50:57,DELIVERED,CENTRAL
2394,265,2025-03-04 10:07:11,DELIVERED,EAST
2395,271,2024-01-27 16:22:30,DELIVERED,CENTRAL
2396,230,2024-03-15 04:02:02,PLACED,WEST
2397,224,2026-06-13 04:39:00,DELIVERED,CENTRAL
2398,277,2024-06-03 23:17:01,PLACED,CENTRAL
2399,63,2024-09-26 06:28:30,PLACED,EAST
2400,532,2025-06-24 04:58:20,DELIVERED,EAST
2401,600,2024-07-23 22:01:26,SHIPPED,NORTH
2402,581,2025-11-03 09:20:39,PLACED,CENTRAL
2403,56,2024-02-12 13:01:02,DELIVERED,SOUTH
2404,209,2025-12-17 20:53:00,DELIVERED,CENTRAL
2405,339,2026-06-23 15:35:31,DELIVERED,NORTH
2406,441,2024-05-02 12:54:28,RETURNED,EAST
2407,566,2025-04-08 11:05:39,DELIVERED,SOUTH
2408,229,22-04-2026,SHIPPED,SOUTH
2409,418,2024-09-01 18:41:05,PLACED,SOUTH
2410,469,2025-03-30 18:42:03,DELIVERED,NORTH
2411,462,2026-06-19 03:17:47,DELIVERED,WEST
2412,554,2024-02-13 12:40:35,RETURNED,EAST
2413,145,2026-06-03 00:52:20,DELIVERED,NORTH
2414,92,2026-01-26 23:41:41,DELIVERED,SOUTH
2415,310,18-11-2024,SHIPPED,EAST
2416,168,2024-09-08 15:18:51,SHIPPED,WEST
2417,460,2025-06-07 03:50:53,DELIVERED,SOUTH
2418,533,2024-08-26 04:06:34,PLACED,SOUTH
2419,588,2024-06-16 11:20:28,SHIPPED,SOUTH
2420,419,2025-12-28 16:56:01,PLACED,WEST
2421,374,2024-01-17 15:09:17,DELIVERED,CENTRAL
2422,323,21-01-2025,SHIPPED,EAST
2423,81,2024-09-25 19:27:24,DELIVERED,EAST
2424,175,2024-12-31 00:58:49,RETURNED,SOUTH
2425,,19-04-2026,RETURNED,CENTRAL
2426,17,2024-05-21 03:45:59,SHIPPED,SOUTH
2427,383,2024-03-31 20:39:13,DELIVERED,EAST
2428,560,2025-12-19 13:51:27,CANCELLED,WEST
2429,508,2025-05-13 20:01:55,DELIVERED,CENTRAL
2430,188,2025-02-13 15:48:31,DELIVERED,CENTRAL
2431,452,2024-08-27 08:44:54,PLACED,CENTRAL
2432,66,2024-10-06 10:21:52,CANCELLED,CENTRAL
2433,352,2025-08-21 12:10:55,DELIVERED,CENTRAL
2434,151,2025-01-19 07:56:34,DELIVERED,NORTH
2435,103,2024-07-20 22:24:20,PLACED,WEST
2436,43,2025-01-01 03:45:49,DELIVERED,CENTRAL
2437,,24-04-2024,CANCELLED,EAST
2438,231,2024-08-22 15:34:27,DELIVERED,EAST
2439,183,2025-05-09 12:33:15,PLACED,NORTH
2440,146,2026-02-03 15:39:50,SHIPPED,CENTRAL
2441,168,2024-02-03 08:14:11,PLACED,WEST
2442,329,2025-02-08 22:35:48,CANCELLED,SOUTH
2443,2,2026-04-18 04:56:35,SHIPPED,EAST
2444,19,2025-04-18 09:16:45,DELIVERED,CENTRAL
2445,13,2025-02-24 22:12:00,PLACED,EAST
2446,387,27-02-2026,DELIVERED,EAST
2447,459,2026-02-10 19:21:31,SHIPPED,WEST
2448,215,2024-09-05 11:40:42,SHIPPED,SOUTH
2449,464,2026-02-12 15:05:20,SHIPPED,EAST
2450,18,2025-10-11 21:37:24,DELIVERED,SOUTH
2451,138,2024-02-13 03:36:00,RETURNED,SOUTH
2452,120,2024-04-20 19:35:38,RETURNED,WEST
2453,156,2025-05-08 14:26:01,DELIVERED,SOUTH
2454,475,2024-08-27 11:50:56,DELIVERED,EAST
2455,185,07-03-2024,DELIVERED,CENTRAL
2456,565,2025-06-11 14:47:16,PLACED,CENTRAL
2457,42,2024-03-08 17:52:33,CANCELLED,SOUTH
2458,86,2024-10-01 14:50:39,CANCELLED,NORTH
2459,304,2026-03-05 08:56:58,DELIVERED,CENTRAL
2460,446,2026-04-24 04:54:24,DELIVERED,NORTH
2461,597,2024-06-19 11:13:39,DELIVERED,WEST
2462,313,2024-07-26 11:40:19,PLACED,WEST
2463,515,2026-02-12 08:22:25,SHIPPED,EAST
2464,398,2025-09-16 01:27:12,DELIVERED,NORTH
2465,133,2024-12-04 04:52:26,DELIVERED,WEST
2466,184,26-04-2024,DELIVERED,NORTH
2467,260,2026-04-06 06:34:39,SHIPPED,WEST
2468,582,2024-06-22 20:33:19,DELIVERED,WEST
2469,285,2026-06-12 19:14:53,SHIPPED,SOUTH
2470,563,2024-01-31 22:00:54,DELIVERED,NORTH
2471,173,2024-01-04 07:26:51,SHIPPED,SOUTH
2472,199,2026-04-25 00:44:22,PLACED,NORTH
2473,184,2025-02-23 16:01:34,SHIPPED,NORTH
2474,567,2024-09-08 09:47:18,DELIVERED,CENTRAL
2475,64,2024-04-02 15:35:19,DELIVERED,WEST
2476,250,2024-12-18 20:20:02,CANCELLED,CENTRAL
2477,395,2024-11-12 15:57:12,RETURNED,NORTH
2478,117,2026-04-22 11:33:57,DELIVERED,SOUTH
2479,108,2025-01-19 23:51:09,DELIVERED,NORTH
2480,195,2024-08-28 20:46:39,SHIPPED,SOUTH
2481,157,2024-06-03 00:33:20,DELIVERED,SOUTH
2482,192,2025-12-17 06:33:16,PLACED,WEST
2483,21,2025-09-22 19:02:13,DELIVERED,NORTH
2484,380,2026-06-23 02:34:35,RETURNED,CENTRAL
2485,273,2025-01-19 06:20:03,DELIVERED,WEST
2486,120,2025-12-16 14:03:52,DELIVERED,CENTRAL
2487,547,2025-01-18 14:57:23,DELIVERED,SOUTH
2488,18,2024-08-22 01:34:55,DELIVERED,WEST
2489,175,2025-07-03 18:25:04,SHIPPED,SOUTH
2490,520,2026-05-28 11:31:55,SHIPPED,CENTRAL
2491,446,2024-01-15 00:45:16,CANCELLED,CENTRAL
2492,24,2025-11-22 08:44:02,DELIVERED,WEST
2493,312,2024-04-07 18:10:05,DELIVERED,NORTH
2494,567,2025-12-11 08:47:43,SHIPPED,EAST
2495,585,17-03-2025,DELIVERED,CENTRAL
2496,310,2024-06-23 19:57:55,CANCELLED,CENTRAL
2497,352,2024-11-16 09:51:04,CANCELLED,NORTH
2498,300,2026-06-26 15:31:59,SHIPPED,CENTRAL
2499,528,2025-09-04 19:58:09,SHIPPED,NORTH
2500,143,2025-12-13 12:51:52,DELIVERED,NORTH
2501,,2026-04-25 15:22:06,SHIPPED,CENTRAL
2502,227,2024-01-01 20:18:37,DELIVERED,NORTH
2503,313,2026-04-20 04:36:51,DELIVERED,EAST
2504,109,2026-05-09 13:43:12,SHIPPED,SOUTH
2505,458,29-07-2025,SHIPPED,EAST
2506,413,2024-06-07 04:13:06,DELIVERED,SOUTH
2507,,2025-07-09 06:11:40,SHIPPED,CENTRAL
2508,449,2026-04-20 23:26:58,SHIPPED,WEST
2509,515,2026-01-15 10:11:34,DELIVERED,CENTRAL
2510,425,2024-02-24 05:53:32,SHIPPED,EAST
2511,126,2024-03-14 22:51:34,SHIPPED,EAST
2512,45,2025-09-03 02:48:57,RETURNED,CENTRAL
2513,411,2025-08-04 08:07:42,DELIVERED,SOUTH
2514,353,2025-11-08 14:15:56,RETURNED,SOUTH
2515,186,2024-07-13 00:01:11,SHIPPED,EAST
2516,31,2025-02-05 18:02:41,DELIVERED,CENTRAL
2517,334,2025-08-01 10:47:20,SHIPPED,NORTH
2518,238,10-04-2026,CANCELLED,SOUTH
2519,357,2024-12-04 21:38:42,CANCELLED,CENTRAL
2520,256,2025-09-04 15:47:33,PLACED,NORTH
2521,484,2025-01-02 21:36:30,DELIVERED,WEST
2522,436,2025-02-24 12:25:31,SHIPPED,EAST
2523,329,2026-05-10 19:58:48,DELIVERED,SOUTH
2524,355,2024-08-05 09:27:25,DELIVERED,CENTRAL
2525,378,10-05-2024,RETURNED,CENTRAL
2526,49,2025-07-18 07:47:31,DELIVERED,EAST
2527,236,2025-07-22 17:59:53,PLACED,WEST
2528,303,2024-06-23 04:41:42,PLACED,CENTRAL
2529,585,2025-12-14 17:59:50,RETURNED,SOUTH
2530,,2024-12-25 10:01:28,SHIPPED,NORTH
2531,432,09-05-2024,SHIPPED,CENTRAL
2532,187,2025-10-25 12:20:14,DELIVERED,SOUTH
2533,571,2024-04-16 03:03:23,DELIVERED,SOUTH
2534,,2026-05-11 22:22:47,PLACED,SOUTH
2535,314,2025-09-26 17:28:38,RETURNED,SOUTH
2536,525,2024-03-18 16:13:47,PLACED,WEST
2537,193,2025-03-30 10:35:00,PLACED,WEST
2538,388,2024-09-09 13:37:06,RETURNED,EAST
2539,406,2024-07-31 03:01:01,CANCELLED,WEST
2540,350,2024-03-22 19:14:35,DELIVERED,NORTH
2541,546,2026-05-10 18:28:44,PLACED,SOUTH
2542,349,2024-09-11 08:08:29,DELIVERED,CENTRAL
2543,295,2024-09-21 09:33:36,DELIVERED,CENTRAL
2544,305,2025-12-12 04:48:38,DELIVERED,EAST
2545,503,2025-05-25 10:51:01,DELIVERED,SOUTH
2546,114,20-03-2024,DELIVERED,WEST
2547,76,2024-08-01 20:17:57,DELIVERED,WEST
2548,474,2024-01-23 08:26:59,DELIVERED,EAST
2549,102,2025-02-17 00:34:16,DELIVERED,SOUTH
2550,401,2026-03-24 00:39:01,SHIPPED,NORTH
2551,515,2025-06-14 20:12:29,PLACED,NORTH
2552,504,2026-04-16 22:49:24,SHIPPED,NORTH
2553,24,2026-06-08 21:43:06,PLACED,WEST
2554,380,2025-05-05 07:16:28,RETURNED,CENTRAL
2555,383,2024-05-18 22:12:07,DELIVERED,CENTRAL
2556,476,2024-01-19 11:14:38,SHIPPED,WEST
2557,,2024-07-07 19:15:37,DELIVERED,NORTH
2558,546,2024-07-14 04:34:47,SHIPPED,EAST
2559,250,24-10-2025,DELIVERED,CENTRAL
2560,515,2024-07-10 02:24:14,CANCELLED,EAST
2561,473,2024-11-16 22:00:45,RETURNED,CENTRAL
2562,389,2025-09-16 13:46:15,SHIPPED,EAST
2563,411,2026-06-01 21:37:17,DELIVERED,NORTH
2564,342,2026-04-25 22:23:42,DELIVERED,WEST
2565,299,2025-11-30 14:44:26,SHIPPED,WEST
2566,246,2026-06-27 10:17:48,SHIPPED,NORTH
2567,298,2025-01-17 07:14:53,PLACED,SOUTH
2568,246,2026-01-02 12:09:56,CANCELLED,CENTRAL
2569,388,2026-09-05 21:28:20,SHIPPED,NORTH
2570,262,2025-02-02 08:12:27,DELIVERED,NORTH
2571,473,2025-05-17 06:36:32,DELIVERED,EAST
2572,272,2024-03-07 13:42:05,PLACED,CENTRAL
2573,139,31-01-2026,PLACED,WEST
2574,138,2026-03-01 21:00:04,SHIPPED,EAST
2575,542,2026-06-18 11:07:03,SHIPPED,NORTH
2576,589,2024-03-10 18:07:39,DELIVERED,CENTRAL
2577,4,2026-06-03 22:45:18,DELIVERED,EAST
2578,522,2025-12-06 19:11:59,DELIVERED,EAST
2579,243,2025-05-25 13:00:27,PLACED,WEST
2580,273,2024-11-01 07:45:56,CANCELLED,CENTRAL
2581,109,2025-08-19 03:08:31,DELIVERED,NORTH
2582,214,2026-02-21 17:53:18,DELIVERED,SOUTH
2583,454,2025-07-11 21:52:02,SHIPPED,WEST
2584,487,2025-11-29 06:50:25,SHIPPED,NORTH
2585,116,2025-06-26 07:38:17,CANCELLED,NORTH
2586,131,2025-09-07 00:08:50,SHIPPED,NORTH
2587,70,2024-09-21 16:26:19,PLACED,NORTH
2588,365,30-11-2025,DELIVERED,NORTH
2589,,2026-02-07 13:32:21,SHIPPED,CENTRAL
2590,278,2025-07-30 16:30:36,DELIVERED,NORTH
2591,495,2025-04-25 21:28:16,PLACED,EAST
2592,477,2024-02-13 17:55:42,DELIVERED,WEST
2593,589,2025-09-24 01:21:22,PLACED,WEST
2594,148,2024-10-15 04:46:04,CANCELLED,SOUTH
2595,103,2024-06-16 14:08:36,PLACED,EAST
2596,442,2024-06-03 03:04:08,DELIVERED,SOUTH
2597,460,2024-09-20 19:54:57,DELIVERED,NORTH
2598,243,2025-08-30 06:41:34,PLACED,CENTRAL
2599,420,24-04-2026,DELIVERED,CENTRAL
2600,62,2024-05-28 18:55:32,RETURNED,CENTRAL
2601,27,2025-12-17 18:02:51,SHIPPED,NORTH
2602,176,2024-09-05 22:28:03,CANCELLED,CENTRAL
2603,,02-03-2026,DELIVERED,SOUTH
2604,26,2025-01-29 09:32:58,DELIVERED,WEST
2605,508,2024-06-21 08:51:50,RETURNED,NORTH
2606,7,2025-12-07 11:43:54,PLACED,SOUTH
2607,309,2025-03-31 08:53:35,PLACED,EAST
2608,407,2024-01-24 22:01:57,RETURNED,EAST
2609,146,2024-01-27 10:27:50,CANCELLED,WEST
2610,385,2024-02-05 02:44:10,DELIVERED,EAST
2611,231,21-07-2024,DELIVERED,EAST
2612,25,2024-07-27 01:30:56,DELIVERED,CENTRAL
2613,115,2025-08-16 19:52:10,DELIVERED,NORTH
2614,550,2026-06-22 05:44:08,CANCELLED,CENTRAL
2615,293,2026-04-12 10:19:55,DELIVERED,CENTRAL
2616,130,2024-11-28 06:32:34,RETURNED,CENTRAL
2617,320,2025-12-09 15:51:57,SHIPPED,CENTRAL
2618,579,2024-06-19 03:46:40,DELIVERED,CENTRAL
2619,448,2025-04-12 05:43:29,DELIVERED,CENTRAL
2620,207,2025-09-02 13:31:23,PLACED,SOUTH
2621,236,2025-03-08 19:03:13,SHIPPED,NORTH
2622,121,2024-12-13 23:22:44,SHIPPED,WEST
2623,10,2024-09-18 05:55:36,DELIVERED,WEST
2624,152,2024-01-23 14:16:12,CANCELLED,SOUTH
2625,,2024-02-02 00:48:48,SHIPPED,EAST
2626,413,2025-12-05 09:21:28,PLACED,CENTRAL
2627,582,2024-05-19 18:44:44,DELIVERED,NORTH
2628,95,2025-08-20 06:34:07,SHIPPED,SOUTH
2629,507,2024-11-09 02:00:45,DELIVERED,CENTRAL
2630,592,2025-12-15 07:44:48,DELIVERED,CENTRAL
2631,345,2025-04-11 08:19:32,PLACED,CENTRAL
2632,265,26-08-2025,RETURNED,CENTRAL
2633,225,2025-01-21 20:55:40,DELIVERED,SOUTH
2634,85,2024-05-29 07:39:41,PLACED,CENTRAL
2635,379,2025-02-06 13:21:40,DELIVERED,EAST
2636,19,2024-10-20 18:37:39,DELIVERED,NORTH
2637,332,2025-01-06 13:02:05,DELIVERED,WEST
2638,257,2025-03-16 05:18:16,CANCELLED,WEST
2639,55,2024-05-28 08:08:42,CANCELLED,NORTH
2640,553,2024-05-22 07:10:33,PLACED,SOUTH
2641,296,2024-01-02 18:04:37,PLACED,CENTRAL
2642,72,2026-02-10 21:03:13,PLACED,SOUTH
2643,368,2024-10-26 06:38:20,RETURNED,EAST
2644,18,2024-01-14 01:58:03,PLACED,CENTRAL
2645,565,2025-05-30 18:26:14,DELIVERED,NORTH
2646,336,2025-06-21 10:00:33,CANCELLED,WEST
2647,33,2024-04-04 11:59:27,PLACED,WEST
2648,56,2024-05-12 10:27:50,PLACED,NORTH
2649,,2024-09-30 01:35:31,DELIVERED,WEST
2650,92,2024-07-13 07:49:18,RETURNED,EAST
2651,,2025-10-29 00:34:00,RETURNED,EAST
2652,48,2025-04-19 12:25:48,RETURNED,WEST
2653,308,17-08-2025,DELIVERED,EAST
2654,375,2026-02-14 12:17:32,RETURNED,EAST
2655,153,2025-02-07 01:51:14,DELIVERED,WEST
2656,548,2024-09-19 15:38:41,PLACED,SOUTH
2657,188,04-09-2025,DELIVERED,WEST
2658,397,2025-06-29 09:18:00,RETURNED,SOUTH
2659,79,2025-11-17 12:20:12,DELIVERED,CENTRAL
2660,277,2025-03-31 20:40:35,DELIVERED,CENTRAL
2661,213,2025-07-15 17:38:05,RETURNED,CENTRAL
2662,580,2026-01-20 21:26:15,PLACED,EAST
2663,215,2025-04-22 20:08:30,CANCELLED,WEST
2664,114,2024-08-22 06:49:26,DELIVERED,EAST
2665,365,2024-09-11 04:27:17,SHIPPED,WEST
2666,284,2025-03-15 17:03:06,PLACED,CENTRAL
2667,201,2026-04-29 06:31:37,DELIVERED,NORTH
2668,440,2024-12-28 17:34:31,DELIVERED,EAST
2669,515,2024-10-04 17:01:56,SHIPPED,WEST
2670,415,2025-09-21 09:08:48,SHIPPED,NORTH
2671,45,2024-10-09 07:56:19,DELIVERED,SOUTH
2672,286,2024-05-07 18:56:22,CANCELLED,NORTH
2673,53,2025-04-28 01:15:21,DELIVERED,SOUTH
2674,103,2026-02-23 20:34:41,SHIPPED,NORTH
2675,207,2024-06-12 03:58:21,DELIVERED,CENTRAL
2676,51,2024-05-04 13:23:53,RETURNED,SOUTH
2677,487,2024-06-30 09:44:29,DELIVERED,NORTH
2678,478,2026-05-11 19:32:38,PLACED,WEST
2679,160,2025-07-05 03:06:09,DELIVERED,NORTH
2680,265,2024-06-02 01:10:22,RETURNED,WEST
2681,337,2025-07-20 11:27:25,PLACED,WEST
2682,346,2026-04-03 11:54:04,DELIVERED,SOUTH
2683,455,2026-03-22 19:25:37,DELIVERED,CENTRAL
2684,233,2025-12-27 22:22:32,DELIVERED,CENTRAL
2685,114,2025-12-31 02:11:09,CANCELLED,CENTRAL
2686,52,2025-08-19 19:54:46,PLACED,SOUTH
2687,233,2024-03-03 15:10:41,CANCELLED,NORTH
2688,294,2026-04-29 18:45:08,DELIVERED,EAST
2689,513,2024-02-18 21:34:42,DELIVERED,EAST
2690,139,2024-11-27 07:55:33,SHIPPED,NORTH
2691,39,2025-08-20 05:24:03,DELIVERED,WEST
2692,484,2024-01-31 22:47:13,DELIVERED,NORTH
2693,122,2025-01-17 00:06:28,RETURNED,SOUTH
2694,57,2024-06-28 07:55:04,CANCELLED,WEST
2695,492,2024-01-15 23:38:09,RETURNED,CENTRAL
2696,161,2025-03-14 04:18:20,DELIVERED,CENTRAL
2697,228,2026-06-16 17:12:01,SHIPPED,NORTH
2698,11,2025-04-13 06:02:30,DELIVERED,NORTH
2699,324,2024-12-21 04:03:43,RETURNED,WEST
2700,374,2026-05-04 11:19:54,DELIVERED,SOUTH
2701,338,2024-12-27 10:39:40,PLACED,NORTH
2702,283,2026-02-13 15:43:29,SHIPPED,CENTRAL
2703,600,2025-10-21 09:59:44,DELIVERED,CENTRAL
2704,114,31-07-2024,DELIVERED,WEST
2705,101,2024-07-27 03:22:31,DELIVERED,CENTRAL
2706,371,2025-02-07 06:29:24,DELIVERED,CENTRAL
2707,233,2025-08-18 12:24:47,SHIPPED,EAST
2708,433,19-12-2025,PLACED,NORTH
2709,,2024-11-12 05:47:47,PLACED,WEST
2710,493,2026-04-05 17:56:32,DELIVERED,NORTH
2711,499,2025-05-09 01:46:11,PLACED,SOUTH
2712,304,2024-04-23 05:45:31,SHIPPED,WEST
2713,393,2024-03-18 09:04:17,SHIPPED,WEST
2714,413,2024-08-17 03:13:11,DELIVERED,EAST
2715,460,2025-10-09 04:41:57,DELIVERED,WEST
2716,148,2026-01-12 21:53:07,DELIVERED,EAST
2717,562,2025-09-14 18:08:26,DELIVERED,SOUTH
2718,542,2025-10-31 21:41:40,DELIVERED,WEST
2719,31,2025-02-12 22:31:52,RETURNED,CENTRAL
2720,181,2024-03-30 09:02:13,DELIVERED,EAST
2721,,2024-02-09 10:57:22,DELIVERED,SOUTH
2722,592,2025-10-11 12:38:42,SHIPPED,WEST
2723,264,2024-01-14 17:22:35,DELIVERED,WEST
2724,486,2026-02-16 00:29:43,DELIVERED,EAST
2725,447,2024-04-29 13:48:54,SHIPPED,CENTRAL
2726,186,2026-01-10 18:30:46,CANCELLED,WEST
2727,185,2024-04-02 15:24:08,DELIVERED,WEST
2728,77,2025-12-23 00:34:23,DELIVERED,CENTRAL
2729,504,14-06-2024,SHIPPED,CENTRAL
2730,381,2024-06-26 02:58:31,DELIVERED,CENTRAL
2731,384,2024-09-29 23:22:09,RETURNED,NORTH
2732,184,2024-10-17 18:35:35,DELIVERED,CENTRAL
2733,15,2024-05-28 14:17:24,SHIPPED,WEST
2734,80,04-04-2024,PLACED,WEST
2735,20,2024-12-01 14:28:00,RETURNED,WEST
2736,41,2025-06-15 22:50:27,SHIPPED,SOUTH
2737,424,2025-12-13 18:43:15,DELIVERED,SOUTH
2738,452,2024-09-05 09:51:54,DELIVERED,SOUTH
2739,6,2026-04-18 18:05:44,DELIVERED,EAST
2740,161,2025-06-27 09:16:02,RETURNED,EAST
2741,225,2024-12-15 07:37:28,RETURNED,WEST
2742,90,2024-09-05 15:40:03,DELIVERED,EAST
2743,306,24-05-2026,CANCELLED,WEST
2744,340,2024-09-23 15:24:25,DELIVERED,EAST
2745,52,2026-01-30 00:38:08,DELIVERED,NORTH
2746,1,2026-02-24 12:34:33,CANCELLED,WEST
2747,373,03-10-2025,PLACED,NORTH
2748,106,2026-05-27 18:23:41,DELIVERED,SOUTH
2749,80,2025-07-30 22:55:52,CANCELLED,SOUTH
2750,287,2025-02-06 10:00:42,DELIVERED,SOUTH
2751,357,2024-10-25 22:15:17,RETURNED,SOUTH
2752,42,2024-08-27 04:12:09,CANCELLED,EAST
2753,61,2024-06-25 08:24:38,RETURNED,EAST
2754,35,2024-12-17 03:14:41,CANCELLED,CENTRAL
2755,214,2024-10-27 19:27:40,CANCELLED,EAST
2756,404,2024-09-10 12:57:40,CANCELLED,NORTH
2757,552,2024-12-24 01:20:36,DELIVERED,EAST
2758,594,2024-03-30 08:57:22,DELIVERED,EAST
2759,138,2024-03-28 16:18:14,DELIVERED,SOUTH
2760,471,2025-04-24 23:58:56,PLACED,NORTH
2761,275,2024-05-24 07:48:52,SHIPPED,NORTH
2762,186,2025-09-06 10:10:27,PLACED,EAST
2763,411,2024-07-18 00:14:36,SHIPPED,EAST
2764,521,2025-09-11 06:26:39,RETURNED,NORTH
2765,436,2024-07-06 03:16:49,PLACED,CENTRAL
2766,546,2025-02-21 05:22:36,PLACED,SOUTH
2767,65,2025-07-03 15:50:44,DELIVERED,EAST
2768,215,2024-08-04 19:41:47,SHIPPED,NORTH
2769,453,2026-01-23 14:22:40,PLACED,WEST
2770,130,2025-08-04 13:13:01,PLACED,NORTH
2771,242,2025-01-30 03:41:17,DELIVERED,CENTRAL
2772,232,2024-10-07 03:17:22,SHIPPED,CENTRAL
2773,43,2025-11-01 04:34:48,DELIVERED,SOUTH
2774,175,2026-05-17 02:49:56,CANCELLED,NORTH
2775,479,2026-04-23 08:50:33,SHIPPED,CENTRAL
2776,516,2025-07-12 02:49:38,CANCELLED,CENTRAL
2777,329,2025-11-10 05:36:17,DELIVERED,SOUTH
2778,,2026-02-28 00:27:28,DELIVERED,SOUTH
2779,222,2025-05-10 08:47:15,DELIVERED,SOUTH
2780,177,12-10-2024,PLACED,SOUTH
2781,416,2024-09-17 23:35:33,DELIVERED,CENTRAL
2782,544,2025-01-26 09:27:09,PLACED,SOUTH
2783,252,2025-02-28 21:49:28,SHIPPED,NORTH
2784,428,2025-09-04 17:00:21,PLACED,WEST
2785,269,16-06-2025,DELIVERED,WEST
2786,69,2026-01-11 07:49:44,PLACED,SOUTH
2787,52,2024-05-11 02:44:30,DELIVERED,CENTRAL
2788,138,2024-09-06 01:14:28,PLACED,CENTRAL
2789,6,13-03-2024,DELIVERED,WEST
2790,39,2025-05-12 16:17:20,RETURNED,WEST
2791,57,2026-01-06 08:03:40,DELIVERED,SOUTH
2792,363,2024-01-17 00:52:59,DELIVERED,SOUTH
2793,93,2025-11-21 19:21:09,CANCELLED,NORTH
2794,203,2025-09-29 11:34:32,DELIVERED,EAST
2795,96,2025-11-07 04:08:50,DELIVERED,WEST
2796,295,2024-06-29 16:08:05,SHIPPED,WEST
2797,398,2026-03-24 00:14:02,CANCELLED,NORTH
2798,214,2025-01-24 22:15:04,RETURNED,EAST
2799,72,2026-01-05 08:56:25,DELIVERED,WEST
2800,,2024-05-14 10:32:39,DELIVERED,SOUTH
2801,188,2024-03-04 23:09:58,SHIPPED,EAST
2802,274,2024-04-30 19:27:13,SHIPPED,WEST
2803,202,2026-02-17 06:00:21,DELIVERED,NORTH
2804,301,2026-04-12 17:59:49,CANCELLED,SOUTH
2805,582,2024-03-05 09:49:54,SHIPPED,WEST
2806,273,2024-04-08 04:59:07,PLACED,EAST
2807,346,2025-05-01 03:42:26,SHIPPED,WEST
2808,241,2025-05-14 02:27:02,CANCELLED,NORTH
2809,226,2026-01-10 22:11:35,DELIVERED,EAST
2810,421,2024-05-25 19:28:31,RETURNED,CENTRAL
2811,218,2025-12-10 23:33:11,PLACED,WEST
2812,360,2025-10-07 16:05:59,DELIVERED,WEST
2813,414,2026-05-09 18:12:42,DELIVERED,EAST
2814,90,2026-03-17 23:08:29,DELIVERED,NORTH
2815,153,2025-12-04 10:02:06,DELIVERED,NORTH
2816,,14-03-2026,DELIVERED,CENTRAL
2817,298,2025-01-01 21:43:22,DELIVERED,EAST
2818,234,2025-01-20 05:18:51,DELIVERED,SOUTH
2819,406,2026-01-20 09:17:48,PLACED,WEST
2820,124,2026-05-01 06:41:01,SHIPPED,WEST
2821,487,2026-06-11 15:59:07,DELIVERED,CENTRAL
2822,520,2025-10-31 09:24:40,SHIPPED,CENTRAL
2823,48,2025-08-24 12:15:57,DELIVERED,EAST
2824,174,2026-03-11 01:58:50,DELIVERED,WEST
2825,25,2025-05-04 04:47:34,CANCELLED,EAST
2826,143,02-07-2024,DELIVERED,CENTRAL
2827,80,2026-04-26 17:29:51,DELIVERED,WEST
2828,192,2024-04-05 01:24:44,SHIPPED,NORTH
2829,595,2026-06-22 02:27:36,CANCELLED,NORTH
2830,581,2026-04-13 10:27:35,DELIVERED,WEST
2831,209,2024-12-28 13:03:09,RETURNED,NORTH
2832,316,2025-02-11 15:31:21,SHIPPED,SOUTH
2833,239,2026-04-11 23:12:26,RETURNED,NORTH
2834,244,2025-05-22 17:17:23,DELIVERED,NORTH
2835,368,2026-05-28 14:22:49,PLACED,WEST
2836,66,2025-06-12 03:19:12,PLACED,EAST
2837,544,2024-09-09 06:56:14,DELIVERED,CENTRAL
2838,285,2025-01-16 03:35:46,DELIVERED,NORTH
2839,552,2024-06-22 10:27:58,RETURNED,WEST
2840,278,2024-12-10 13:04:46,DELIVERED,CENTRAL
2841,54,2024-06-08 22:29:00,CANCELLED,CENTRAL
2842,146,04-03-2026,RETURNED,NORTH
2843,56,2024-08-30 10:55:55,DELIVERED,NORTH
2844,526,2026-04-17 23:04:52,CANCELLED,NORTH
2845,412,2024-08-21 08:42:21,DELIVERED,SOUTH
2846,304,2025-04-09 17:01:22,RETURNED,NORTH
2847,529,2026-02-27 14:16:43,RETURNED,SOUTH
2848,479,2025-03-04 03:29:19,PLACED,CENTRAL
2849,395,2024-06-20 03:45:33,DELIVERED,NORTH
2850,544,2024-07-26 08:04:49,PLACED,NORTH
2851,180,2025-10-16 10:25:41,SHIPPED,EAST
2852,391,2024-10-12 15:33:32,DELIVERED,WEST
2853,84,2024-10-04 12:16:58,CANCELLED,SOUTH
2854,383,29-11-2024,PLACED,SOUTH
2855,470,2025-07-19 19:32:53,RETURNED,CENTRAL
2856,61,2025-01-23 05:54:04,DELIVERED,SOUTH
2857,301,2025-01-11 08:58:00,DELIVERED,EAST
2858,,2025-07-05 06:07:57,SHIPPED,NORTH
2859,451,2025-07-24 10:49:55,PLACED,SOUTH
2860,279,2026-03-03 06:57:12,CANCELLED,CENTRAL
2861,511,2025-01-21 10:48:21,DELIVERED,WEST
2862,203,16-07-2024,DELIVERED,WEST
2863,542,25-09-2025,DELIVERED,EAST
2864,497,27-09-2024,SHIPPED,CENTRAL
2865,189,2024-09-14 12:56:01,PLACED,WEST
2866,75,2025-12-05 19:20:40,DELIVERED,SOUTH
2867,387,2024-08-27 17:27:50,DELIVERED,CENTRAL
2868,329,2026-05-08 19:35:37,DELIVERED,CENTRAL
2869,508,2025-12-01 12:15:16,DELIVERED,NORTH
2870,253,30-01-2025,RETURNED,EAST
2871,253,2024-05-28 13:55:41,DELIVERED,CENTRAL
2872,130,2026-07-09 21:28:20,SHIPPED,NORTH
2873,478,2025-09-11 15:55:36,DELIVERED,NORTH
2874,313,2024-12-18 08:47:34,DELIVERED,CENTRAL
2875,308,2024-07-02 15:08:33,DELIVERED,EAST
2876,557,2025-12-31 05:45:09,DELIVERED,EAST
2877,393,2025-04-06 13:32:11,RETURNED,SOUTH
2878,12,2025-05-26 20:53:36,SHIPPED,CENTRAL
2879,345,2024-12-26 14:20:26,RETURNED,WEST
2880,105,2025-02-09 11:29:07,PLACED,CENTRAL
2881,559,2024-02-22 17:56:33,DELIVERED,SOUTH
2882,88,2026-01-06 02:42:33,RETURNED,WEST
2883,419,2024-06-05 03:03:43,SHIPPED,WEST
2884,298,2024-01-11 10:49:18,SHIPPED,EAST
2885,168,08-05-2025,SHIPPED,CENTRAL
2886,415,2024-05-30 13:55:45,DELIVERED,SOUTH
2887,359,2024-04-06 11:37:26,DELIVERED,SOUTH
2888,151,2025-06-02 02:44:53,DELIVERED,NORTH
2889,529,2026-01-22 07:14:20,SHIPPED,SOUTH
2890,318,2025-03-03 07:02:32,DELIVERED,EAST
2891,27,2025-11-20 14:57:51,CANCELLED,SOUTH
2892,68,2024-01-08 23:34:06,SHIPPED,CENTRAL
2893,483,2024-02-22 23:56:15,CANCELLED,EAST
2894,245,2024-09-15 14:01:48,PLACED,EAST
2895,262,27-02-2024,DELIVERED,CENTRAL
2896,,21-06-2025,DELIVERED,NORTH
2897,463,2025-02-08 18:49:46,DELIVERED,EAST
2898,120,2025-09-10 20:22:21,DELIVERED,NORTH
2899,249,2025-01-16 21:12:17,DELIVERED,EAST
2900,121,18-04-2026,DELIVERED,CENTRAL
2901,560,2024-08-20 09:54:51,PLACED,SOUTH
2902,404,2024-09-06 01:06:43,PLACED,CENTRAL
2903,558,2026-05-11 16:04:42,DELIVERED,NORTH
2904,547,2026-04-19 14:44:15,SHIPPED,EAST
2905,392,2025-03-14 19:47:15,SHIPPED,SOUTH
2906,351,10-10-2025,SHIPPED,WEST
2907,22,2026-02-20 14:19:38,DELIVERED,WEST
2908,518,2026-05-17 10:15:23,DELIVERED,NORTH
2909,121,2024-05-23 22:28:54,DELIVERED,EAST
2910,81,2024-05-22 17:22:02,PLACED,WEST
2911,99,2025-06-04 20:21:33,DELIVERED,EAST
2912,409,2025-01-09 07:58:08,DELIVERED,WEST
2913,,2025-12-07 12:59:13,SHIPPED,NORTH
2914,482,2024-01-11 21:22:03,DELIVERED,EAST
2915,59,2026-04-06 03:46:58,PLACED,SOUTH
2916,66,25-03-2025,DELIVERED,EAST
2917,591,2025-02-27 00:03:15,CANCELLED,WEST
2918,418,2024-10-06 07:30:13,DELIVERED,NORTH
2919,14,02-08-2024,DELIVERED,NORTH
2920,498,12-05-2026,RETURNED,CENTRAL
2921,339,21-03-2024,DELIVERED,WEST
2922,380,2024-03-09 09:03:54,DELIVERED,WEST
2923,9,26-04-2026,SHIPPED,NORTH
2924,169,2024-04-01 04:34:43,PLACED,EAST
2925,269,2025-06-10 13:35:02,RETURNED,EAST
2926,376,2024-12-25 06:11:31,CANCELLED,WEST
2927,,2026-04-08 16:18:51,RETURNED,EAST
2928,505,2025-04-03 16:40:41,SHIPPED,CENTRAL
2929,45,2025-05-10 14:01:51,DELIVERED,EAST
2930,231,2026-03-09 03:39:19,DELIVERED,NORTH
2931,399,2025-06-24 09:11:22,SHIPPED,EAST
2932,408,2025-09-22 22:09:43,DELIVERED,EAST
2933,506,2026-02-08 00:29:14,DELIVERED,SOUTH
2934,419,2024-06-08 07:18:03,SHIPPED,WEST
2935,,2024-01-17 06:54:33,SHIPPED,WEST
2936,416,2024-01-25 21:50:39,RETURNED,EAST
2937,28,2024-04-20 07:18:18,PLACED,WEST
2938,93,2025-10-19 08:33:53,DELIVERED,EAST
2939,586,2024-04-06 01:30:06,SHIPPED,SOUTH
2940,335,2025-04-22 19:48:50,DELIVERED,EAST
2941,375,2024-11-28 02:49:26,DELIVERED,WEST
2942,327,2025-12-15 22:48:17,PLACED,CENTRAL
2943,545,2025-09-10 01:16:55,SHIPPED,WEST
2944,440,2025-05-27 18:56:06,SHIPPED,EAST
2945,507,2025-02-13 20:47:08,DELIVERED,NORTH
2946,480,2024-03-17 09:24:54,RETURNED,WEST
2947,91,2026-04-22 01:29:40,CANCELLED,NORTH
2948,168,2024-02-09 15:57:19,SHIPPED,SOUTH
2949,148,2026-01-14 04:34:34,SHIPPED,WEST
2950,41,2024-10-16 00:11:48,SHIPPED,SOUTH
2951,472,2025-08-07 04:36:35,SHIPPED,SOUTH
2952,243,2024-09-04 16:51:47,SHIPPED,SOUTH
2953,,05-01-2025,PLACED,NORTH
2954,194,2024-12-20 02:42:39,SHIPPED,SOUTH
2955,305,2026-02-07 09:39:56,DELIVERED,CENTRAL
2956,,2026-01-20 17:39:50,PLACED,EAST
2957,130,2025-08-27 07:07:16,SHIPPED,CENTRAL
2958,72,2024-11-09 09:23:38,PLACED,WEST
2959,252,2024-11-27 13:46:20,DELIVERED,SOUTH
2960,505,2025-11-29 02:51:29,RETURNED,WEST
2961,519,2024-02-22 11:02:00,SHIPPED,WEST
2962,,2026-08-13 21:28:20,SHIPPED,NORTH
2963,321,2024-09-20 06:08:23,PLACED,EAST
2964,39,2026-01-04 15:36:52,PLACED,WEST
2965,445,2026-01-05 03:46:17,SHIPPED,WEST
2966,381,2026-06-03 04:22:08,DELIVERED,SOUTH
2967,,2024-03-03 03:40:27,CANCELLED,EAST
2968,414,2025-02-11 13:56:33,SHIPPED,WEST
2969,498,2026-06-29 15:02:35,SHIPPED,CENTRAL
2970,585,2026-01-22 11:56:12,DELIVERED,CENTRAL
2971,264,2026-02-25 04:15:26,DELIVERED,EAST
2972,15,2025-03-14 05:17:16,SHIPPED,WEST
2973,447,2025-04-05 18:00:24,SHIPPED,CENTRAL
2974,391,2024-06-06 13:33:26,DELIVERED,CENTRAL
2975,77,2024-06-11 01:40:54,RETURNED,SOUTH
2976,5,2024-04-23 18:22:09,DELIVERED,SOUTH
2977,198,2026-04-04 23:08:53,DELIVERED,SOUTH
2978,166,2025-06-13 17:41:52,DELIVERED,WEST
2979,526,2026-02-17 13:36:16,PLACED,WEST
2980,560,2026-01-20 10:29:08,RETURNED,EAST
2981,535,17-03-2024,DELIVERED,EAST
2982,379,2025-09-14 15:25:51,DELIVERED,CENTRAL
2983,278,2025-08-31 01:00:32,DELIVERED,WEST
2984,581,2025-08-23 21:42:58,SHIPPED,NORTH
2985,456,2024-08-27 11:41:55,PLACED,CENTRAL
2986,145,2025-10-10 01:37:44,PLACED,WEST
2987,327,2025-11-29 10:59:45,SHIPPED,WEST
2988,536,2025-09-11 04:46:52,DELIVERED,WEST
2989,177,2025-01-30 18:21:13,PLACED,WEST
2990,346,2026-03-20 09:00:55,DELIVERED,SOUTH
2991,59,2025-07-09 05:20:03,SHIPPED,NORTH
2992,263,2025-04-14 23:22:53,DELIVERED,WEST
2993,6,2024-08-11 06:16:51,SHIPPED,WEST
2994,437,2024-01-27 09:22:46,SHIPPED,WEST
2995,66,2025-12-04 03:28:01,SHIPPED,CENTRAL
2996,275,2024-08-27 01:10:14,DELIVERED,SOUTH
2997,,2025-05-31 23:06:25,DELIVERED,SOUTH
2998,,2025-03-07 19:44:03,DELIVERED,NORTH
2999,444,2024-04-12 20:37:11,DELIVERED,CENTRAL
3000,139,2025-02-27 16:20:03,SHIPPED,SOUTH
